idx,title,year,venue,doi,s2_problem_type,s2_object,s2_interdep_operated,final_status,final_curated,is_review,s3_objective_type,s3_traffic_model,s3_solution_method,s3_decision_architecture,s3_demand_dynamics,s3_uncertainty,ref_access,source,snowball_seed,snowball_direction,snowball_stage,snowball_reason
2001,Efficient allocation of heterogeneous debris clearance personnel in uncertain post-disaster environments,2026,Journal of Industrial and Production Engineering,10.1080/21681015.2026.2693324,crew/resource-routing-dispatch,road/highway-network,,kept,True,False,multi-criteria/composite,none/not-modeled,heuristic/metaheuristic/GA; exact/MILP/math-programming,a-priori/static-schedule,not-applicable,fuzzy/other,ok,snowball,878,forward,kept-curated,"Post-disaster (A pass; not pre-disaster only, transport object). Decision problem is allocating heterogeneous debris-clearance personnel/resources to clear road debris under uncertainty — a crew/resource allocation-dispatch optimization for debris clearance (B pass). Studied object is road-network d"
2002,Reinforcement learning-dijkstra-genetic algorithm for debris removal problem under different scenarios: An earthquake case study,2025,Engineering Applications of Artificial Intelligence,10.1016/j.engappai.2025.110693,debris-clearance,road/highway-network,,kept,True,False,recovery-time/makespan,shortest-path/AON,reinforcement-learning/DRL; heuristic/metaheuristic/GA,sequential/adaptive/rolling-policy,not-applicable,deterministic,ok,snowball,878,forward,kept-curated,"Post-earthquake road reconstruction: a two-step RL-Dijkstra-GA approach for FULL debris removal from blocked/damaged roads (UAV+SARSA damage assessment, then debris-removal crews clear all blocked roads). Post-disaster (passes A1), transport object road network (passes A2, C). Decision problem is de"
2003,Framework for Improving the Postdisaster Repair Sequence of Interdependent Critical Infrastructure Systems,2024,Journal of Management in Engineering,10.1061/jmenea.meeng-6201,restoration-scheduling/sequencing,interdependent-infrastructure-incl-transport,transport-and-lifeline-jointly,kept,True,False,resilience-area/functionality,network-flow/capacity,heuristic/metaheuristic/GA; simulation-optimization,a-priori/static-schedule,static-demand,deterministic,ok,snowball,133,backward,kept-curated,"Post-disaster repair sequence scheduling for interdependent critical infrastructure systems (passes A: post-disaster recovery, interdependent includes transport). Decision problem is restoration-scheduling/sequencing (passes B). Object is interdependent-infrastructure-incl-transport; the repair sequ"
2004,Risk and resilience-based restoration optimization of transportation infrastructures under uncertainty,2024,PLoS ONE,10.1371/journal.pone.0308138,restoration-scheduling/sequencing,general-transportation-network,,kept,True,False,travel-time/accessibility,user-equilibrium,heuristic/metaheuristic/GA,a-priori/static-schedule,static-demand,stochastic/scenario-based,ok,snowball,133,backward,kept-curated,Post-disaster restoration content on transportation infrastructures (passes A). Decision problem is optimizing a restoration plan via a bilevel optimization model using total travel time as resilience measure -> restoration-scheduling/sequencing (passes B). Object is transportation infrastructures =
2005,Multi-agent deep reinforcement learning based decision support model for resilient community post-hazard recovery,2023,Reliability Engineering & System Safety,10.1016/j.ress.2023.109754,restoration-scheduling/sequencing,interdependent-infrastructure-incl-transport,transport-and-lifeline-jointly,kept,True,False,resilience-area/functionality,topological/graph-metric,reinforcement-learning/DRL; graph-neural-network/GNN,sequential/adaptive/rolling-policy,not-applicable,stochastic/scenario-based,ok,snowball,133,backward,kept-curated,"Post-hazard (earthquake) restoration decision-support model using multi-agent DRL to determine the optimal repair sequence of interdependent infrastructures (water WDN, power EPN, and transportation TN). Passes A (post-disaster recovery content; transportation layer via bridges present). Passes B: d"
2006,A logic-based Benders decomposition algorithm for a repair crew routing and drone scheduling problem after a natural disaster,2023,Computers & Industrial Engineering,10.1016/j.cie.2023.109542,crew/resource-routing-dispatch,road/highway-network,,kept,True,False,recovery-time/makespan,topological/graph-metric,exact/MILP/math-programming; decomposition/Benders/Lagrangian,a-priori/static-schedule,static-demand,deterministic,ok,snowball,878,forward,kept-curated,"Abstract: post-disaster, a single repair crew must repair damaged roads following a specific route to restore access to isolated rural areas for relief, with drone scheduling to deliver limited air relief and extend deadlines. Passes A (post-disaster road restoration, not lifeline). Filter B: the de"
2007,Integrated and coordinated relief logistics and road recovery planning problem,2022,Transportation Research Part D Transport and Environment,10.1016/j.trd.2022.103433,restoration-scheduling/sequencing,road/highway-network,,kept,True,False,recovery-time/makespan,shortest-path/AON,exact/MILP/math-programming; exact/dynamic-programming,sequential/adaptive/rolling-policy,static-demand,stochastic/scenario-based,ok,snowball,878,forward,kept-curated,"Abstract: proposes a model determining schedule and routes of a road restoration team (and relief distribution team) to restore blocked roads after sudden-onset disasters, with stochastic restoration times, minimizing time to serve the last demand node (Hurricane Harvey case). Post-disaster (passes "
2008,Solving the integrated multi-period scheduling routing problem for cleaning debris in the aftermath of disasters,2022,European Journal of Operational Research,10.1016/j.ejor.2022.07.005,debris-clearance,general-transportation-network,,kept,True,False,recovery-time/makespan,network-flow/capacity,exact/MILP/math-programming; heuristic/metaheuristic/GA,a-priori/static-schedule,not-applicable,deterministic,ok,snowball,878,forward,kept-curated,"Post-disaster debris cleaning in urban areas (A passes: post-disaster, transport passability restoration). Integrated multi-period scheduling (which/when to clean) and routing of work-troops and dump trucks to clear debris — this is debris-clearance to restore passability (B passes). The restored ob"
2009,An integer L-shaped algorithm for the integrated location and network restoration problem in disaster relief,2021,Transportation Research Part B Methodological,10.1016/j.trb.2021.01.005,restoration-scheduling/sequencing,road/highway-network,,kept,True,False,economic-cost/loss,network-flow/capacity,exact/MILP/math-programming; decomposition/Benders/Lagrangian; heuristic/metaheuristic/GA,a-priori/static-schedule,static-demand,stochastic/scenario-based,ok,snowball,878,forward,kept-curated,Two-stage stochastic program integrating pre-disaster location/prepositioning of emergency-response facilities and restoration equipment with a post-disaster recourse stage. Filter A: passes - contains substantial post-disaster recovery content (network restoration of damaged roads); studied object 
2010,Simultaneous planning for disaster road clearance and distribution of relief goods: a basic model and an exact solution method,2020,OR Spectrum,10.1007/s00291-020-00589-7,debris-clearance,road/highway-network,,kept,True,False,recovery-time/makespan,topological/graph-metric,exact/MILP/math-programming,a-priori/static-schedule,static-demand,deterministic,ok,snowball,878,forward,kept-curated,"Post-disaster context (A pass; not pre-disaster). Object involves blocked/damaged roads needing clearance (A2 pass; transport present). The problem simultaneously plans disaster road clearance (debris removal to restore passability) and relief goods distribution. Road clearance is an integral, co-op"
2011,Integrating location and network restoration decisions in relief networks under uncertainty,2019,European Journal of Operational Research,10.1016/j.ejor.2019.06.012,restoration-scheduling/sequencing,road/highway-network,,kept,True,False,economic-cost/loss,network-flow/capacity,exact/MILP/math-programming; heuristic/metaheuristic/GA; simulation-optimization,a-priori/static-schedule,static-demand,stochastic/scenario-based,ok,snowball,133;878,backward,kept-curated,"Abstract retrieved from ScienceDirect. Two-stage stochastic programming model integrating pre-disaster facility/equipment location with post-disaster road network restoration: relief distribution is hampered by damaged roads, which repair teams restore using restoration equipment; restoration and di"
2012,Solution methodologies for debris removal in disaster response,2016,EURO Journal on Computational Optimization,10.1007/s13675-016-0063-1,debris-clearance,road/highway-network,,kept,True,False,travel-time/accessibility,shortest-path/AON,exact/MILP/math-programming; heuristic/metaheuristic/GA,a-priori/static-schedule,not-applicable,deterministic,ok,snowball,878,backward,kept-curated,"Post-disaster response phase (passes A1); studied object is roads blocked by debris (passes A2, object=road/highway-network). Decision problem is deciding which roads to clean/clear to enable relief transport = debris-clearance (passes B). Object is a road network (passes C). Relief items are the mo"
2013,The Post-Disaster Debris Clearance Problem Under Incomplete Information,2015,Operations Research,10.1287/opre.2014.1342,debris-clearance,road/highway-network,,kept,True,False,flow/demand-served,topological/graph-metric,exact/dynamic-programming; heuristic/metaheuristic/GA,sequential/adaptive/rolling-policy,static-demand,adaptive/multistage-revelation,ok,snowball,133;878,backward,kept-curated,"Post-disaster debris clearance: pushing debris to road sides to restore passability and connect relief supply/demand. A: post-disaster, road object — passes. B: debris-clearance decision problem — passes. C: road/highway-network — passes."
2014,"Network restoration and recovery in humanitarian operations: Framework, literature review, and research directions",2016,Surveys in Operations Research and Management Science,10.1016/j.sorms.2016.12.001,restoration-scheduling/sequencing,interdependent-infrastructure-incl-transport,transport-and-lifeline-jointly,moved_to_review,False,True,,,,,,,,snowball,133;878,backward,review,"Review/survey of the OR/MS literature on post-disaster network restoration and recovery in humanitarian operations. Post-disaster content (A pass). Subject covers transport plus other lifelines jointly (road repair/rehabilitation, debris clearance, plus power/water/telecom), so interdependent-infras"
2015,Integrated Optimal Repair Crew Routing and Drone Scheduling after a Natural Disaster,2022,SSRN Electronic Journal,10.2139/ssrn.4102592,crew/resource-routing-dispatch,road/highway-network,,removed_nonjournal,False,,,,,,,,,snowball,878,forward,kept-but-nonjournal,"Post-disaster: damaged roads must be repaired by a repair crew to restore access to isolated rural areas (passes A1). Object is the road network, no lifeline-only issue (passes A2, C=road/highway-network). Decision problem is an ILP for integrated repair crew routing (which damaged roads to repair, "
2016,Models and Methods for the Integrated Scheduling Routing Problem Applied to Major Disasters,2021,theses.fr (ABES),,debris-clearance,road/highway-network,,removed_nonjournal,False,,,,,,,,,snowball,878,forward,kept-but-nonjournal,"Post-disaster debris cleaning (A pass: post-disaster recovery, transport streets). Integrated multi-period scheduling-routing problem to clean debris (SRP-CD) combines strategic scheduling and operational routing decisions = debris-clearance (B pass). Debris clearance in urban street/road network to"
2017,A review of urban transportation network design problems,2013,European Journal of Operational Research,10.1016/j.ejor.2013.01.001,network-design/retrofit/protection,general-transportation-network,,removed_filterA,False,,,,,,,,,snowball,133,backward,filter-A,"Invited review of the Urban Transportation Network Design Problem (UTNDP), covering Road Network Design and Public Transit Network Design — definitions, formulations, objectives, solution methods. This is entirely pre-disaster network design/planning with no post-disaster restoration, recovery, or e"
2018,Damage statistics (Summary of the 2011 off the Pacific Coast of Tohoku Earthquake damage),2012,SOILS AND FOUNDATIONS,10.1016/j.sandf.2012.11.003,hazard/damage-modeling,other,,removed_filterA,False,,,,,,,,,snowball,133,backward,filter-A,"The paper is a descriptive damage-statistics report summarizing seismic and tsunami damage to social infrastructure from the 2011 Tohoku earthquake. It presents no restoration/recovery scheduling, crew routing, or debris-clearance decision problem — it is purely an empirical/hazard damage summary wi"
2019,A Bilevel Model for Toll Optimization on a Multicommodity Transportation Network,2001,Transportation Science,10.1287/trsc.35.4.345.10433,other,general-transportation-network,,removed_filterA,False,,,,,,,,,snowball,133,backward,filter-A,"Toll optimization on a multicommodity transportation network via a bilevel program (firm maximizes toll revenue; users take shortest generalized-cost paths). No post-disaster restoration, recovery, or emergency-response content at all — purely a pricing/economics problem. Fails Filter A (not a post-"
2020,Improving post-disaster road network accessibility by strengthening links against failures,2018,European Journal of Operational Research,10.1016/j.ejor.2018.02.015,network-design/retrofit/protection,road/highway-network,,removed_filterA,False,,,,,,,,,snowball,133,backward,filter-A,"Abstract and full text confirm this is a purely PRE-DISASTER link-strengthening/retrofit problem: optimizing pre-disaster structural investment decisions on highway links to improve expected post-disaster accessibility, formulated as a two-stage stochastic program solved by tabu search, applied to I"
2021,Integration of selecting and scheduling urban road construction projects as a time-dependent discrete network design problem,2015,European Journal of Operational Research,10.1016/j.ejor.2015.05.039,network-design/retrofit/protection,road/highway-network,,removed_filterA,False,,,,,,,,,snowball,133,backward,filter-A,"Paper integrates selection and scheduling of urban road construction projects as a time-dependent discrete network design problem (adding candidate links to the Sioux Falls network), solved via bi-level programming with GA/Frank-Wolfe. This is entirely pre-disaster infrastructure planning/network de"
2022,Bi-level Programming Formulation and Heuristic Solution Approach for Dynamic Traffic Signal Optimization,2006,Computer-Aided Civil and Infrastructure Engineering,10.1111/j.1467-8667.2006.00439.x,other,general-transportation-network,,removed_filterA,False,,,,,,,,,snowball,133,backward,filter-A,"Abstract concerns dynamic traffic signal optimization via bi-level programming (GA + cell transmission model) under time-dependent demand and stochastic route choice. This is normal-operations signal control with no post-disaster restoration/recovery/emergency-response content, so it fails Filter A1"
2023,Solving Stochastic Transportation Network Protection Problems Using the Progressive Hedging-based Method,2008,Networks and Spatial Economics,10.1007/s11067-008-9062-y,network-design/retrofit/protection,road/highway-network,,removed_filterA,False,,,,,,,,,snowball,133,backward,filter-A,"Paper addresses pre-disaster transportation network protection: choosing which network links to protect/harden before an uncertain future disaster to minimize expected losses, via two-stage stochastic programming with equilibrium constraints solved by progressive hedging. It is entirely pre-disaster"
2024,"Day-to-day dynamic traffic assignment with imperfect information, bounded rationality and information sharing",2020,Transportation Research Part C Emerging Technologies,10.1016/j.trc.2020.02.004,other,general-transportation-network,,removed_filterA,False,,,,,,,,,snowball,133,backward,filter-A,"Abstract retrieved from ScienceDirect. Paper presents a doubly dynamic day-to-day traffic assignment model with simultaneous route-and-departure-time choices, imperfect information, bounded rationality, and information sharing. It is entirely a normal-operations traffic modeling study with no post-d"
2025,Integrated Network Capacity Expansion and Traffic Signal Optimization Problem: Robust Bi-level Dynamic Formulation,2008,Networks and Spatial Economics,10.1007/s11067-008-9071-x,network-design/retrofit/protection,road/highway-network,,removed_filterA,False,,,,,,,,,snowball,133,backward,filter-A,"Abstract describes a robust bi-level dynamic formulation for continuous network capacity expansion, traffic signal optimization, and dynamic traffic assignment under long-term O-D demand uncertainty. This is entirely pre-disaster network design/planning with no post-disaster restoration, recovery, o"
2026,Capacity Expansion Problem for Large Urban Transportation Networks,2009,Journal of Transportation Engineering,10.1061/(asce)0733-947x(2009)135:7(406),network-design/retrofit/protection,road/highway-network,,removed_filterA,False,,,,,,,,,snowball,133,backward,filter-A,"The paper addresses a traffic network design (capacity expansion) problem solved via bilevel optimization to determine optimal link capacity expansion under budget constraints. This is entirely a pre-disaster network design/planning problem with no post-disaster restoration, recovery, or emergency-r"
2027,Reliable stochastic design of road network systems,2008,International Journal of Industrial and Systems Engineering,10.1504/ijise.2008.018232,network-design/retrofit/protection,road/highway-network,,removed_filterA,False,,,,,,,,,snowball,133,backward,filter-A,"Stochastic continuous Network Design Problem for road networks with reliability, physical, and budget constraints, formulated as a bi-level Stackelberg game solved by Monte Carlo + genetic algorithm. This is entirely pre-disaster network design/optimization with no post-disaster restoration, recover"
2028,Urban rapid transit network capacity expansion,2007,European Journal of Operational Research,10.1016/j.ejor.2007.08.010,network-design/retrofit/protection,railway/transit,,removed_filterA,False,,,,,,,,,snowball,133,backward,filter-A,"Multi-period capacity expansion for urban rapid transit (metro/light rail) network design: locating train alignments and stations over several planning periods to maximize public transit demand coverage under budget, solved with branch-and-bound and a heuristic. This is entirely pre-disaster long-te"
2029,Regional resilience analysis: A multiscale approach to optimize the resilience of interdependent infrastructure,2020,Computer-Aided Civil and Infrastructure Engineering,10.1111/mice.12606,restoration-scheduling/sequencing,lifeline-only-power-water-gas-telecom,water-gas-telecom-lifeline,removed_filterA,False,,,,,,,,,snowball,133,backward,filter-A,"Abstract and full text obtained via ScienceDirect. The paper proposes a multiscale recovery model, resilience metrics, and a multiobjective optimization producing recovery schedules (restoration-scheduling), applied to interdependent infrastructure in Shelby County, TN. However, the case study infra"
2030,Resilience-driven post-disaster restoration of interdependent infrastructure systems under different decision-making environments,2023,Reliability Engineering & System Safety,10.1016/j.ress.2023.109599,restoration-scheduling/sequencing,lifeline-only-power-water-gas-telecom,water-gas-telecom-lifeline,removed_filterA,False,,,,,,,,,snowball,133,backward,filter-A,"Restoration-sequencing study of interdependent infrastructure, but the actual restored/scheduled systems are power and gas networks (Table 1: interdependent power and gas system). Transport appears only in the literature review as context; no road, bridge, or rail-transit component is part of the st"
2031,Resilience and risk-based restoration strategies for critical infrastructure under uncertain disaster scenarios,2023,Sustainable Cities and Society,10.1016/j.scs.2023.104510,restoration-scheduling/sequencing,lifeline-only-power-water-gas-telecom,power-electricity-system,removed_filterA,False,,,,,,,,,snowball,133,backward,filter-A,"Two-stage stochastic + multi-objective optimization for pre-disaster resource deployment and post-disaster resource allocation to repair damaged CI components (restoration scheduling/allocation, would pass Filter B). However, the studied object is a single-service lifeline: the general flow-based mo"
2032,A nexus approach to infrastructure resilience planning under uncertainty,2022,Reliability Engineering & System Safety,10.1016/j.ress.2022.108931,network-design/retrofit/protection,lifeline-only-power-water-gas-telecom,,removed_filterA,False,,,,,,,,,snowball,133,backward,filter-A,"Two-stage stochastic program for long-term pre-disaster resilience planning: first-stage decisions are hardening investments (burying power lines, backup generation, protecting water facilities) on interdependent power and drinking-water networks in Guayama, Puerto Rico. Authors explicitly state the"
2033,A variational Bayesian deep reinforcement learning approach for resilient post-disruption recovery of distribution grids,2025,Reliability Engineering & System Safety,10.1016/j.ress.2025.110840,restoration-scheduling/sequencing,lifeline-only-power-water-gas-telecom,power-electricity-system,removed_filterA,False,,,,,,,,,snowball,133,backward,filter-A,"Abstract describes a variational Bayesian deep reinforcement learning approach for resilient post-disruption recovery/restoration planning of electrical distribution grids (Hong Kong distribution system case study). The studied object is entirely a power lifeline with no road, bridge, or rail-transi"
2034,Bi-objective bi-level optimization for integrating lane-level closure and reversal in redesigning transportation networks,2023,Operational Research,10.1007/s12351-023-00756-y,network-design/retrofit/protection,road/highway-network,,removed_filterA,False,,,,,,,,,snowball,133,backward,filter-A,Paper develops the Lane-level Closure and Reversal Problem (LCRP): a bi-objective bi-level optimization to redesign transportation networks by closing/reversing existing lanes to alleviate everyday traffic congestion under a tight budget. This is purely a pre-disaster network design/optimization stu
2035,A Continuous Transportation Network Design Problem with the Consideration of Road Congestion Charging,2021,Sustainability,10.3390/su13137008,network-design/retrofit/protection,road/highway-network,,removed_filterA,False,,,,,,,,,snowball,133,backward,filter-A,"Continuous transportation network design problem for congestion charging and speed limits to improve efficiency and reduce pollution. Entirely pre-disaster planning/design with no post-disaster restoration or recovery content, failing Filter A1."
2036,A Modified Network-Wide Road Capacity Reliability Analysis Model for Improving Transportation Sustainability,2020,Algorithms,10.3390/a14010007,resilience-quantification/assessment,road/highway-network,,removed_filterA,False,,,,,,,,,snowball,133,backward,filter-A,"The paper optimizes a bi-level reserve-capacity reliability model (SUE lower level, service-level/travel-time upper level) for network-wide road capacity reliability and transportation sustainability. This is entirely pre-disaster reliability/capacity analysis with no post-disaster restoration, reco"
2037,Incremental network design with shortest paths,2014,European Journal of Operational Research,10.1016/j.ejor.2014.04.018,network-design/retrofit/protection,general-transportation-network,,removed_filterA,False,,,,,,,,,snowball,878,backward,filter-A,"Abstract: introduces a class of incremental network design problems on the optimal choice and timing of network expansions, concentrating on incremental network design with shortest paths; studies structural properties, NP-hardness, a 4-approximation algorithm, and integer programming. This is gener"
2038,Incremental network design with maximum flows,2014,European Journal of Operational Research,10.1016/j.ejor.2014.10.003,network-design/retrofit/protection,general-transportation-network,,removed_filterA,False,,,,,,,,,snowball,878,backward,filter-A,"Abstract: a generic incremental network design problem where in each period one arc is ADDED to a network and a max-flow is solved, maximizing cumulative flow. This is proactive network construction/expansion (network-design), not post-disaster restoration of a damaged network. Disaster restoration "
2039,Pre-Disaster Resilient Road Network Investment Strategy With Uncertainty Quantification,2023,IEEE Transactions on Intelligent Transportation Systems,10.1109/tits.2023.3264471,network-design/retrofit/protection,road/highway-network,,removed_filterA,False,,,,,,,,,snowball,878,forward,filter-A,"Title and abstract describe a pre-disaster resilient road network investment strategy: optimizing pre-disaster investment under different disaster damage levels via a bi-level model. This is entirely pre-disaster planning/design with no post-disaster restoration or recovery scheduling content, faili"
2040,Optimal restoration of power infrastructure following a disaster with environmental hazards,2024,Socio-Economic Planning Sciences,10.1016/j.seps.2024.101974,restoration-scheduling/sequencing,lifeline-only-power-water-gas-telecom,power-electricity-system,removed_filterA,False,,,,,,,,,snowball,878,forward,filter-A,"Abstract (SEPS 2024, Moglen et al.) presents a MILP for optimal power grid restoration after a disaster with environmental hazards, plus a heuristic. The studied object is entirely the electric power grid; no road, bridge, or rail-transit component. Although it is post-disaster restoration schedulin"
2041,Decision support for prioritizing critical societal services in optimal post-disaster critical lifeline recovery,2024,OR Spectrum,10.1007/s00291-024-00777-9,restoration-scheduling/sequencing,lifeline-only-power-water-gas-telecom,water-gas-telecom-lifeline,removed_filterA,False,,,,,,,,,snowball,878,forward,filter-A,"The paper addresses post-disaster restoration ordering (scheduling/sequencing) of lifeline elements to prioritize restoring critical societal services (health care, education, law enforcement, emergency response) provided from buildings. The studied object is utility lifelines supporting these servi"
2042,Designing an intelligent emergency response system to minimize the impacts of traffic incidents: a new approximation queuing model,2022,International Journal of Urban Sciences,10.1080/12265934.2022.2044890,other,general-transportation-network,,removed_filterA,False,,,,,,,,,snowball,878,forward,filter-A,The paper concerns routine road traffic accident/incident management—an intelligent emergency response system using an approximation queuing model to minimize traffic congestion and delays from everyday traffic incidents. This is not post-disaster restoration/recovery of a damaged transport network;
2043,The Stability of a Dynamic Model of Traffic Assignment—An Application of a Method of Lyapunov,1984,Transportation Science,10.1287/trsc.18.3.245,other,general-transportation-network,,removed_filterB,False,,,,,,,,,snowball,133,backward,filter-B,"Theoretical study of a dynamic traffic assignment model, using Lyapunov methods to prove convergence of route-choice trajectories to Wardrop equilibria. No post-disaster restoration, recovery, or emergency-response content. The decision problem is equilibrium/stability analysis of traffic assignment"
2044,Measuring the Performance of Transportation Infrastructure Systems in Disasters: A Comprehensive Review,2014,Journal of Infrastructure Systems,10.1061/(asce)is.1943-555x.0000212,resilience-quantification/assessment,general-transportation-network,,removed_filterB,False,,,,,,,,,snowball,133;878,backward,filter-B,"Review/survey of literature on measuring/assessing anticipated transportation system performance in disasters. Passes A (transport object, includes disaster/post-hazard content) but the subject problem_type is performance assessment/resilience-quantification (evaluation and management tools, no rest"
2045,Day-To-Day Dynamic Network Disequilibria and Idealized Traveler Information Systems,1994,Operations Research,10.1287/opre.42.6.1120,other,general-transportation-network,,removed_filterB,False,,,,,,,,,snowball,133,backward,filter-B,This paper concerns tatonnement models for computing static Wardropian user equilibria and day-to-day dynamic network disequilibria with traveler information systems on congested networks. It has no post-disaster restoration/recovery content and is a traffic-assignment/equilibrium modeling study. Al
2046,Travel time resilience of roadway networks under disaster,2014,Transportation Research Part B Methodological,10.1016/j.trb.2014.08.007,resilience-quantification/assessment,road/highway-network,,removed_filterB,False,,,,,,,,,snowball,133,backward,filter-B,"Abstract: bi-level three-stage SMPEC to quantify and optimize travel time resilience of roadway networks under disaster, optimizing pre-event mitigation/preparedness and post-event response with a Partial User Equilibrium lower level. Passes Filter A (includes post-event response). Object is road/hi"
2047,A link-based day-to-day traffic assignment model,2009,Transportation Research Part B Methodological,10.1016/j.trb.2009.10.001,other,general-transportation-network,,removed_filterB,False,,,,,,,,,snowball,133,backward,filter-B,"The paper proposes a link-based day-to-day traffic assignment model whose fixed point is the classic Wardrop user equilibrium. It is a pure traffic-flow modeling/equilibrium theory paper with no disaster, post-disaster restoration, crew dispatch, or debris-clearance decision problem. Passes A (not p"
2048,The Dynamics and Equilibria of Day-to-Day Assignment Models,2003,Networks and Spatial Economics,10.1023/a:1025398302560,other,general-transportation-network,,removed_filterB,False,,,,,,,,,snowball,133,backward,filter-B,"Abstract retrieved from Springer. The paper describes mathematical day-to-day dynamic models of route-choice adjustment and their equilibria (deterministic dynamical systems, stochastic/Markov processes) in traffic networks. It is a theoretical modeling/analysis paper on traffic assignment dynamics "
2049,Modeling the day-to-day traffic evolution process after an unexpected network disruption,2011,Transportation Research Part B Methodological,10.1016/j.trb.2011.07.012,empirical-recovery-analysis/prediction,road/highway-network,,removed_filterB,False,,,,,,,,,snowball,133,backward,filter-B,"Abstract retrieved from ScienceDirect. The paper proposes a prediction-correction day-to-day traffic assignment model to describe how traffic flow evolves toward user equilibrium after an unexpected network disruption (I-35W bridge collapse), calibrated with field data. It passes Filter A (post-disa"
2050,On the local and global stability of a travel route choice adjustment process,1996,Transportation Research Part B Methodological,10.1016/0191-2615(95)00034-8,other,general-transportation-network,,removed_filterB,False,,,,,,,,,snowball,133,backward,filter-B,"Pure traffic-equilibrium theory: local/global stability analysis of a day-to-day travel route choice adjustment process (projected dynamical systems, monotonicity/regularity approaches). No disaster, no restoration/recovery, no repair scheduling or crew dispatch. It is not a restoration-scheduling, "
2051,Post-disaster assessment routing problem,2018,Transportation Research Part B Methodological,10.1016/j.trb.2018.08.002,other,general-transportation-network,,removed_filterB,False,,,,,,,,,snowball,133,backward,filter-B,"The PDARP routes aerial (drones) and ground (motorcycles) vehicles to perform post-disaster DAMAGE ASSESSMENT on selected road segments and population points, maximizing assessment value of arcs and nodes. Passes Filter A (post-disaster transport content) and Filter C (transportation network). Howev"
2052,Resilience of traffic networks: From perturbation to recovery via a dynamic restricted equilibrium model,2016,Reliability Engineering & System Safety,10.1016/j.ress.2016.07.020,resilience-quantification/assessment,road/highway-network,,removed_filterB,False,,,,,,,,,snowball,133,backward,filter-B,The paper presents a dynamic equilibrium-restricted traffic assignment model to quantify/assess the resilience (perturbation resilience and recovery resilience) of a traffic network from disruption through recovery. It evaluates and compares resilience indices via travel-cost and user-stress metrics
2053,A day-to-day dynamical model for the evolution of path flows under disequilibrium of traffic networks with fixed demand,2015,Transportation Research Part B Methodological,10.1016/j.trb.2015.07.014,other,general-transportation-network,,removed_filterB,False,,,,,,,,,snowball,133,backward,filter-B,"Abstract found. The paper proposes a day-to-day (DTD) dynamical model of path-flow evolution under traffic disequilibrium with fixed demand, incorporating sensitivity of path costs to flow and proving stability. It is a general traffic-assignment/equilibrium-dynamics modeling study, not a post-disas"
2054,Day-to-Day Assignment Models and Traffic Dynamics Under Information Provision,2018,Networks and Spatial Economics,10.1007/s11067-018-9386-1,other,road/highway-network,,removed_filterB,False,,,,,,,,,snowball,133,backward,filter-B,"Abstract retrieved from Springer. The paper proposes a day-to-day traffic assignment model capturing traveler path-switching behavior under advanced information provision, analyzing stability of equilibrium flows after temporary capacity drops. This is a traffic-dynamics/assignment study, not post-d"
2055,Using OR to Support Humanitarian Operations: Learning from the Haiti Earthquake,2010,SSRN Electronic Journal,10.2139/ssrn.1634942,post-disaster-relief-logistics/distribution,supply-chain/facility,,removed_filterB,False,,,,,,,,,snowball,133,backward,filter-B,"Abstract found on SSRN. This is a descriptive OR-application paper on the 2010 Haiti Earthquake humanitarian response, spanning five clusters: logistics, health, food, shelter/non-food items, and water/sanitation/hygiene. It identifies key decision problems and bottlenecks and gives research recomme"
2056,Physical resilience assessment of road transportation systems during post-earthquake emergency phase: With a focus on restoration modeling based on dynamic Bayesian networks,2025,Reliability Engineering & System Safety,10.1016/j.ress.2025.110807,resilience-quantification/assessment,road/highway-network,,removed_filterB,False,,,,,,,,,snowball,133,backward,filter-B,"The paper proposes a probabilistic restoration MODEL (Dynamic Bayesian Networks, compared to UDM/NDM/Markov chain) to simulate/predict the physical recovery process of road transportation components (bridges, tunnels, road segments) after the Wenchuan earthquake, and then develops a time-varying met"
2057,On the possibility of short-term traffic prediction during disaster with machine learning approaches: An exploratory analysis,2020,Transport Policy,10.1016/j.tranpol.2020.05.023,other,general-transportation-network,,removed_filterB,False,,,,,,,,,snowball,133,backward,filter-B,"The paper explores short-term traffic prediction during disasters using machine learning models. It passes Filter A (post-disaster traffic context, transport network) but fails Filter B: the decision problem is predictive traffic forecasting, not restoration-scheduling, crew/resource routing, or deb"
2058,Dynamic feedback control of day-to-day traffic disequilibrium process,2020,Transportation Research Part C Emerging Technologies,10.1016/j.trc.2020.02.005,other,general-transportation-network,,removed_filterB,False,,,,,,,,,snowball,133,backward,filter-B,"Abstract retrieved. Paper concerns dynamic feedback control of a day-to-day traffic disequilibrium (assignment) process, using demand management and supply regulation (dynamic tolls/pricing) to drive network traffic toward a stable user-equilibrium. No disaster, damage, or restoration context whatso"
2059,Stochastic Optimization of Coupled Power Distribution-Urban Transportation Network Operations With Autonomous Mobility on Demand Systems,2023,IEEE Transactions on Smart Grid,10.1109/tsg.2023.3325102,other,interdependent-infrastructure-incl-transport,power-electricity-system,removed_filterB,False,,,,,,,,,snowball,133,backward,filter-B,"This is a normal-operations (not post-disaster) stochastic optimization of coupled power distribution-urban transportation networks with autonomous mobility on demand / EV dispatch. There is no post-disaster restoration/recovery content and no restoration-scheduling, crew-routing, or debris-clearanc"
2060,Analyzing and Modeling Network Travel Patterns During the Ukraine Invasion Using Crowd-Sourced Pervasive Traffic Data,2023,Transportation Research Record Journal of the Transportation Research Board,10.1177/03611981231161622,empirical-recovery-analysis/prediction,general-transportation-network,,removed_filterB,False,,,,,,,,,snowball,133,backward,filter-B,"The paper analyzes and models network travel patterns during the Ukraine invasion using crowd-sourced traffic data, inferring OD demand via an evolutionary algorithm and traffic assignment. This is descriptive/empirical data-driven analysis of disruption impacts on traffic behavior with no restorati"
2061,Probabilistic budget allocation for improving efficiency of transportation networks in pre-and post-disaster phases,2019,International Journal of Disaster Risk Reduction,10.1016/j.ijdrr.2019.101113,network-design/retrofit/protection,road/highway-network,,removed_filterB,False,,,,,,,,,snowball,133,backward,filter-B,"Abstract retrieved from ScienceDirect. The paper proposes a probabilistic bi-level budget-allocation (Stackelberg game, solved by PSO) that divides a fixed budget between (i) pre-disaster capacity expansion of transportation links and (ii) link stabilization/reinforcement against earthquake failure,"
2062,Assessment of post-disaster reentry traffic in megaregions using agent-based simulation,2019,Transportation Research Part D Transport and Environment,10.1016/j.trd.2019.06.010,empirical-recovery-analysis/prediction,road/highway-network,,removed_filterB,False,,,,,,,,,snowball,133,backward,filter-B,"Post-disaster, road-network focused (passes A). But the paper uses agent-based simulation to ASSESS/analyze reentry traffic performance (travel time, delay, departure-time ranges) after evacuation — a descriptive traffic-process evaluation, not a restoration-scheduling, crew-routing, or debris-clear"
2063,OR/MS research in disaster operations management,2005,European Journal of Operational Research,10.1016/j.ejor.2005.05.016,other,other,,removed_filterB,False,,,,,,,,,snowball,878,backward,filter-B,"Review/survey of OR/MS research in disaster operations management broadly (Altay & Green, EJOR 2006). It surveys the general disaster-operations literature to identify research directions across the whole field, not a decision problem of restoration scheduling, crew routing, or debris clearance. Pro"
2064,Facility location in humanitarian relief,2008,International Journal of Logistics Research and Applications,10.1080/13675560701561789,post-disaster-relief-logistics/distribution,supply-chain/facility,,removed_filterB,False,,,,,,,,,snowball,878,backward,filter-B,"The paper addresses facility location and inventory decisions for a humanitarian relief chain (distribution centers and relief supply stocking) using a maximal covering location model. The decision object is relief supplies distribution, not road/transport restoration. Fails Filter B (relief-logisti"
2065,Pre-positioning of emergency supplies for disaster response,2009,Transportation Research Part B Methodological,10.1016/j.trb.2009.08.003,post-disaster-relief-logistics/distribution,supply-chain/facility,,removed_filterB,False,,,,,,,,,snowball,878,backward,filter-B,The paper develops a two-stage stochastic mixed integer program to determine location and quantities of pre-positioned emergency supplies under uncertainty in demand and transportation network availability. The decision object is emergency supplies/facility location (relief logistics/pre-positioning
2066,A two-stage stochastic programming framework for transportation planning in disaster response,2004,Journal of the Operational Research Society,10.1057/palgrave.jors.2601652,post-disaster-relief-logistics/distribution,general-transportation-network,,removed_filterB,False,,,,,,,,,snowball,878,backward,filter-B,"Two-stage stochastic model plans transport of first-aid commodities to disaster areas via a multi-commodity, multi-modal network flow formulation. The decision object is the distribution of relief supplies over the network, not restoration/repair of road links. This is post-disaster-relief-logistics"
2067,A dynamic logistics coordination model for evacuation and support in disaster response activities,2006,European Journal of Operational Research,10.1016/j.ejor.2005.03.077,post-disaster-relief-logistics/distribution,general-transportation-network,,removed_filterB,False,,,,,,,,,snowball,878,backward,filter-B,"Integrated location-routing model coordinating logistics support (dispatching medical materials, food, personnel to distribution centers) and evacuation of wounded people to emergency units after an earthquake, plus locating temporary emergency centers. The decision object is relief commodity distri"
2068,Challenges of emergency logistics management,2007,Transportation Research Part E Logistics and Transportation Review,10.1016/j.tre.2007.01.001,post-disaster-relief-logistics/distribution,general-transportation-network,,removed_filterB,False,,,,,,,,,snowball,878,backward,filter-B,"Editorial for a special issue on emergency logistics management. It frames the field around relief supply and distribution to affected areas, resource management, and demand forecasting; the collected papers address relief distribution, vehicle dispatching for relief, and evacuation. The decision ob"
2069,Multiple-objective analysis of integrated relief supply and network restoration in humanitarian logistics operations,2014,International Journal of Production Research,10.1080/00207543.2014.977458,post-disaster-relief-logistics/distribution,supply-chain/facility,,removed_filterB,False,,,,,,,,,snowball,878,backward,filter-B,"Post-disaster (passes A1) and mentions ""network restoration,"" but the model is a multi-objective humanitarian logistics optimization for equity-based relief supply distribution under budget/capacity/resource constraints. The decision problem is relief supply distribution/logistics, not road/transpor"
2070,Pre-positioning of relief items under road/facility vulnerability with concurrent restoration and relief transportation,2018,IISE Transactions,10.1080/24725854.2018.1540900,post-disaster-relief-logistics/distribution,supply-chain/facility,,removed_filterB,False,,,,,,,,,snowball,878,backward,filter-B,"The paper designs a multi-echelon humanitarian response network with pre-disaster warehouse-location and relief-item pre-positioning decisions under demand and road/facility vulnerability uncertainty. Although roads are mentioned as a vulnerable element and ""concurrent restoration"" appears in the ti"
2071,Vehicle Routing for Urban Snow Plowing Operations,2008,Transportation Science,10.1287/trsc.1070.0195,other,road/highway-network,,removed_filterB,False,,,,,,,,,snowball,878,backward,filter-B,"Routine winter road maintenance: vehicle routing for snow plowing/spreading in urban areas. Not post-disaster restoration; not repair-crew dispatch for damaged infrastructure; and snow plowing is routine operations, not debris clearance to restore passability after a disaster. Off-topic decision pro"
2072,Forecasting demand of commodities after natural disasters,2009,Expert Systems with Applications,10.1016/j.eswa.2009.11.069,other,supply-chain/facility,,removed_filterB,False,,,,,,,,,snowball,878,backward,filter-B,"Paper applies a hybrid EMD-ARIMA time-series method to forecast post-disaster demand of agricultural commodities (cabbage, tomato, mushroom) after the 2008 Chinese winter storms. Passes Filter A (post-disaster, not a lifeline-only study), but fails Filter B: the decision problem is demand forecastin"
2073,Humanitarian logistics optimization models: An investigation of decision-maker involvement and directions to promote implementation,2023,Socio-Economic Planning Sciences,10.1016/j.seps.2023.101669,other,supply-chain/facility,,removed_filterB,False,,,,,,,,,snowball,878,forward,filter-B,"Review/survey of humanitarian logistics optimization models focused on decision-maker involvement and implementation barriers. Its subject is general humanitarian optimization models (relief logistics), not road/transport restoration scheduling, crew routing, or debris clearance. Fails Filter B (pro"
2074,Online optimisation for ambulance routing in disaster response with partial or no information on victim conditions,2023,Computers & Operations Research,10.1016/j.cor.2023.106314,post-disaster-relief-logistics/distribution,other,,removed_filterB,False,,,,,,,,,snowball,878,forward,filter-B,"Online optimisation for ambulance routing/scheduling to treat mass-casualty victims under uncertainty. Post-disaster, but the decision problem is emergency medical relief logistics (routing ambulances/medical resources to victims), not road/transport restoration scheduling, repair-crew routing, or d"
2075,An intelligent social-based method for rail-car fleet sizing problem,2020,Journal of Rail Transport Planning & Management,10.1016/j.jrtpm.2020.100231,other,railway/transit,,removed_filterB,False,,,,,,,,,snowball,878,forward,filter-B,"Abstract describes a dynamic rail-car fleet sizing/planning problem for freight rail transport to reduce operational costs and improve reliability. No disaster, restoration, or recovery content. Passes A (transport-related object, not lifeline-only, not pre-disaster mitigation). Fails Filter B: the "
2076,"Exploring Natural and Social Factors Affecting Road Disruption Patterns and the Duration of Recovery: A Case from Hiroshima, Japan",2022,Sustainability,10.3390/su141811634,empirical-recovery-analysis/prediction,road/highway-network,,removed_filterB,False,,,,,,,,,snowball,878,forward,filter-B,"Empirical study using a binary logit model and survival model to identify natural/social factors affecting road disruption probability and recovery duration in Hiroshima. This is descriptive statistical analysis of recovery, not a normative optimization of restoration scheduling, crew routing, or de"
2077,A transportation model minimizing total cost and time in disaster struck zone for debris removal under a mixed neutrosophic environment,2025,OPSEARCH,10.1007/s12597-025-00912-2,post-disaster-relief-logistics/distribution,general-transportation-network,,removed_filterB,False,,,,,,,,,snowball,878,forward,filter-B,"Abstract found (Springer/OPSEARCH). The paper presents a bi-objective transportation model (min total cost and total time) using trapezoidal neutrosophic numbers and neutrosophic compromise programming to convey relief resources amid route blockages, described as ""removing the debris."" Despite the w"
2078,Seismic Resilience of Transportation Networks with Deteriorating Components,2016,Journal of Structural Engineering,10.1061/(asce)st.1943-541x.0001399,resilience-quantification/assessment,general-transportation-network,,removed_filterB,False,,,,,,,,,snowball,878,forward,filter-B,"Paper assesses seismic resilience/performance of transportation networks with deteriorating (aging) bridge components. It is an evaluation/assessment study with no restoration scheduling, crew routing, or debris-clearance decision problem. Passes A (post-disaster seismic performance, transport objec"
2079,Cascading failure model and resilience-based sequential recovery strategy for complex networks,2024,Reliability Engineering & System Safety,10.1016/j.ress.2024.110488,restoration-scheduling/sequencing,other,,removed_filterC,False,,,,,,,,,snowball,133,backward,filter-C,"Passes A (post-disaster recovery content) and B (proposes a resilience-based sequential recovery strategy = restoration-scheduling/sequencing on nodes with recovery-time and resource constraints). However, the studied object is an abstract complex network (biased random walks, betweenness centrality"
2080,Enhancing critical network infrastructure resilience through optimal post-disruption maintenance and routing decisions,2025,Reliability Engineering & System Safety,10.1016/j.ress.2024.110717,restoration-scheduling/sequencing,other,,removed_filterC,False,,,,,,,,,snowball,133,backward,filter-C,"Abstract: a generic Critical Network Infrastructure (CNI) resilience model. Post-disruption restoration via maintenance actions with joint crew assignment and routing (MINLP) — problem type is restoration-scheduling/routing, so it passes A (post-disruption content) and B. However, the studied object"
2081,POST DISASTER WASTE MANAGEMENT STRATEGIES IN DEVELOPING COUNTRIES: CASE OF SRI LANKA,2009,International Journal of Strategic Property Management,10.3846/1648-715x.2009.13.171-190,other,other,,removed_filterC,False,,,,,,,,,snowball,878,backward,filter-C,"Paper addresses post-disaster solid waste management strategies in developing countries (Sri Lanka case). It concerns waste collection/disposal, not road/transport network restoration scheduling. No transport network object and no restoration-scheduling decision problem. Fails Filter C (object=other"
2082,Disaster recovery plan implementation evaluation model at the corporation,2024,Procedia Computer Science,10.1016/j.procs.2024.03.170,other,other,,removed_filterC,False,,,,,,,,,snowball,878,forward,filter-C,"Paper concerns IT/information-system Disaster Recovery Plan (DRP) evaluation for a corporation building a backup system for system availability. This is off-topic: no physical transport network, road, bridge, or rail restoration. The ""disaster recovery"" here is IT business continuity, not post-disas"
2083,A customized approximate dynamic programming approach for the restoration optimization of disrupted infrastructures with drone inspection,2026,Reliability Engineering & System Safety,10.1016/j.ress.2026.112220,crew/resource-routing-dispatch,lifeline-only-power-water-gas-telecom,,removed_filterC,False,,,,,,,,,snowball,878,forward,filter-C,"Post-disaster maintenance-team scheduling integrated with drone inspection (RVTLP), using a stochastic dynamic programming / customized ADP model that schedules repair teams to restore disrupted infrastructure and maximize resilience. This passes A (post-disaster recovery) and B (crew scheduling/res"
2084,Debris management framework for post-disaster response,2024,SHAREOK (University of Oklahoma; Oklahoma State University; Central Oklahoma University),,debris-clearance,building/urban-area/community,,removed_filterC,False,,,,,,,,,snowball,878,forward,filter-C,Post-disaster debris management (passes A). Problem is debris removal routing optimization (DeRRO) with a Debris Vulnerability Index prioritizing debris sites via GIS heatmaps — a debris-clearance decision problem (passes B). However the studied object is community-scale debris sites prioritized by 
2085,Human-level control through deep reinforcement learning,2015,Nature,10.1038/nature14236,,,,removed_titlescreen,False,,,,,,,,,snowball,133,backward,title-screen,off-domain (method/other-field)
2086,"Mathematical Programs with Complementarity Constraints: Stationarity, Optimality, and Sensitivity",2000,Mathematics of Operations Research,10.1287/moor.25.1.1.15213,,,,removed_titlescreen,False,,,,,,,,,snowball,133,backward,title-screen,off-domain (method/other-field)
2087,A Trust-Region Method for Nonlinear Bilevel Programming: Algorithm and Computational Experience,2005,Computational Optimization and Applications,10.1007/s10589-005-4612-4,,,,removed_titlescreen,False,,,,,,,,,snowball,133,backward,title-screen,off-domain (method/other-field)
2088,A bilevel modelling approach to pricing and fare optimisation in the airline industry,2003,Journal of Revenue and Pricing Management,10.1057/palgrave.rpm.5170046,,,,removed_titlescreen,False,,,,,,,,,snowball,133,backward,title-screen,off-domain (method/other-field)
2089,A bilevel programming approach to determining tax credits for biofuel production1This work was supported by a grant from Institut National de la Recherche Agronomique and the Texas Higher Education Coordinating Board under the Advanced Research Program – ARP 003.1,2000,European Journal of Operational Research,10.1016/s0377-2217(98)00373-7,,,,removed_titlescreen,False,,,,,,,,,snowball,133,backward,title-screen,off-domain (method/other-field)
2090,KADABRA is an ADaptive Algorithm for Betweenness via Random Approximation,2019,ACM Journal of Experimental Algorithmics,10.1145/3284359,,,,removed_titlescreen,False,,,,,,,,,snowball,133,backward,title-screen,off-domain (method/other-field)
2091,Reinforcement Learning approaches to Economic Dispatch problem,2011,International Journal of Electrical Power & Energy Systems,10.1016/j.ijepes.2010.12.008,,,,removed_titlescreen,False,,,,,,,,,snowball,133,backward,title-screen,off-domain (method/other-field)
2092,Strategic design of competing supply chain networks with foresight,2011,Advances in Engineering Software,10.1016/j.advengsoft.2010.12.004,,,,removed_titlescreen,False,,,,,,,,,snowball,133,backward,title-screen,off-domain (method/other-field)
2093,"Tornado alley, USA: New map defines nation's twister risk",2002,Science News,10.2307/4013520,,,,removed_titlescreen,False,,,,,,,,,snowball,133,backward,title-screen,off-domain (method/other-field)
2094,Deep Reinforcement Learning for Traffic Light Timing Optimization,2022,Processes,10.3390/pr10112458,,,,removed_titlescreen,False,,,,,,,,,snowball,133,backward,title-screen,off-domain (method/other-field)
2095,Bayesian Data Analysis,1995,,10.1201/9780429258411,,,,removed_titlescreen,False,,,,,,,,,snowball,878,backward,title-screen,off-domain (method/other-field)
2096,Approximate Dynamic Programming,2011,Wiley series in probability and statistics,10.1002/9781118029176,,,,removed_titlescreen,False,,,,,,,,,snowball,878,backward,title-screen,off-domain (method/other-field)
2097,Dynamic vehicle routing problems: Three decades and counting,2015,Networks,10.1002/net.21628,,,,removed_titlescreen,False,,,,,,,,,snowball,878,backward,title-screen,off-domain (method/other-field)
2098,Approximate dynamic programming: solving the curses of dimensionality,2008,Optimization methods & software,10.1080/10556780802583108,,,,removed_titlescreen,False,,,,,,,,,snowball,878,backward,title-screen,off-domain (method/other-field)
2099,Double-horizon based heuristics for the dynamic pickup and delivery problem with time windows,2003,Transportation Research Part B Methodological,10.1016/j.trb.2003.09.001,,,,removed_titlescreen,False,,,,,,,,,snowball,878,backward,title-screen,off-domain (method/other-field)
2100,Exploiting Knowledge About Future Demands for Real-Time Vehicle Dispatching,2006,Transportation Science,10.1287/trsc.1050.0114,,,,removed_titlescreen,False,,,,,,,,,snowball,878,backward,title-screen,off-domain (method/other-field)
2101,A Flexible Reformulation of the Refueling Station Location Problem,2012,Transportation Science,10.1287/trsc.1120.0430,,,,removed_titlescreen,False,,,,,,,,,snowball,878,backward,title-screen,off-domain (method/other-field)
2102,Tractable nonparametric Bayesian inference in Poisson processes with Gaussian process intensities,2009,,10.1145/1553374.1553376,,,,removed_titlescreen,False,,,,,,,,,snowball,878,backward,title-screen,off-domain (method/other-field)
2103,G-networks: A versatile approach for work removal in queueing networks,2000,European Journal of Operational Research,10.1016/s0377-2217(99)00476-2,,,,removed_titlescreen,False,,,,,,,,,snowball,878,backward,title-screen,off-domain (method/other-field)
2104,Multi-period sustainable and integrated recycling network for municipal solid waste – A case study in Tehran,2017,Journal of Cleaner Production,10.1016/j.jclepro.2017.03.030,,,,removed_titlescreen,False,,,,,,,,,snowball,878,backward,title-screen,off-domain (method/other-field)
2105,Non-myopic relocation of idle mobility-on-demand vehicles as a dynamic location-allocation-queueing problem,2017,Transportation Research Part E Logistics and Transportation Review,10.1016/j.tre.2017.08.003,,,,removed_titlescreen,False,,,,,,,,,snowball,878,backward,title-screen,off-domain (method/other-field)
2106,Construction of Dependent Dirichlet Processes based on Poisson Processes,2010,DSpace@MIT (Massachusetts Institute of Technology),,,,,removed_titlescreen,False,,,,,,,,,snowball,878,backward,title-screen,off-domain (method/other-field)
2107,Non-myopic dynamic routing of electric taxis with battery swapping stations,2020,Sustainable Cities and Society,10.1016/j.scs.2020.102113,,,,removed_titlescreen,False,,,,,,,,,snowball,878,backward,title-screen,off-domain (method/other-field)
2108,A scalable non-myopic dynamic dial-a-ride and pricing problem for competitive on-demand mobility systems,2018,Transportation Research Part C Emerging Technologies,10.1016/j.trc.2018.04.007,,,,removed_titlescreen,False,,,,,,,,,snowball,878,backward,title-screen,off-domain (method/other-field)
2109,Location–Allocation of Multiple-Server Service Centers with Constrained Queues or Waiting Times,2002,Annals of Operations Research,10.1023/a:1020989316737,,,,removed_titlescreen,False,,,,,,,,,snowball,878,backward,title-screen,off-domain (method/other-field)
2110,A Heuristic Algorithm for the Traveling Salesman Location Problem on Networks,1988,Operations Research,10.1287/opre.36.3.478,,,,removed_titlescreen,False,,,,,,,,,snowball,878,backward,title-screen,off-domain (method/other-field)
2111,Survey and empirical evaluation of nonhomogeneous arrival process models with taxi data,2016,Journal of Advanced Transportation,10.1002/atr.1401,,,,removed_titlescreen,False,,,,,,,,,snowball,878,backward,title-screen,off-domain (method/other-field)
2112,Automation and robotics in construction: International research and achievements,2010,Automation in Construction,10.1016/j.autcon.2009.12.011,,,,removed_titlescreen,False,,,,,,,,,snowball,878,backward,title-screen,off-domain (method/other-field)
2113,Online traveling salesman problems with service flexibility,2011,Networks,10.1002/net.20454,,,,removed_titlescreen,False,,,,,,,,,snowball,878,backward,title-screen,off-domain (method/other-field)
2114,A non-myopic dynamic inventory routing and pricing problem,2017,Transportation Research Part E Logistics and Transportation Review,10.1016/j.tre.2017.11.005,,,,removed_titlescreen,False,,,,,,,,,snowball,878,backward,title-screen,off-domain (method/other-field)
2115,"Temporally-Reweighted Chinese Restaurant Process Mixtures for Clustering, Imputing, and Forecasting Multivariate Time Series",2017,arXiv (Cornell University),10.48550/arxiv.1710.06900,,,,removed_titlescreen,False,,,,,,,,,snowball,878,backward,title-screen,off-domain (method/other-field)
2116,COVID-19 vaccine distribution planning using a congested queuing system—A real case from Australia,2022,Transportation Research Part E Logistics and Transportation Review,10.1016/j.tre.2022.102749,,,,removed_titlescreen,False,,,,,,,,,snowball,878,forward,title-screen,off-domain (method/other-field)
2117,Evaluating the resilience of electrical power line outages caused by wildfires,2023,Reliability Engineering & System Safety,10.1016/j.ress.2023.109588,,,,removed_titlescreen,False,,,,,,,,,snowball,878,forward,title-screen,off-domain (method/other-field)
2118,Preignition risk mitigation model for analysis of wildfires caused by electrical power conductors,2023,International Journal of Electrical Power & Energy Systems,10.1016/j.ijepes.2023.109353,,,,removed_titlescreen,False,,,,,,,,,snowball,878,forward,title-screen,off-domain (method/other-field)
2119,An intelligent method for dynamic distribution of electric taxi batteries between charging and swapping stations,2020,Sustainable Cities and Society,10.1016/j.scs.2020.102605,,,,removed_titlescreen,False,,,,,,,,,snowball,878,forward,title-screen,off-domain (method/other-field)
2120,The Valuation of a Risk Project with Continuity and Withdrawal Decisions for Catastrophic Events Forecasted,2024,Springer series in reliability engineering,10.1007/978-3-031-64597-6_3,,,,removed_titlescreen,False,,,,,,,,,snowball,878,forward,title-screen,off-domain (method/other-field)
2121,Behavior-Aware Cybersecurity: Integrating Trust Scores with Least Privilege via Game Theory,2025,DS Journal of Cyber Security,10.59232/cys-v3i2p102,,,,removed_titlescreen,False,,,,,,,,,snowball,878,forward,title-screen,off-domain (method/other-field)
2122,Resilience and Stability of Ecological Systems,1973,Annual Review of Ecology and Systematics,10.1146/annurev.es.04.110173.000245,other,other,,removed_filterC,False,,,,,,,,,snowball,1;27;1101,backward,filter-C,"Ecology paper on resilience/stability of ecological systems; off-domain, not transport."
2123,A Framework to Quantitatively Assess and Enhance the Seismic Resilience of Communities,2003,Earthquake Spectra,10.1193/1.1623497,resilience-quantification/assessment,building/urban-area/community,,removed_filterB,False,,,,,,,,,snowball,1;4;27;68;1100;1101,backward,filter-B,"Seismic resilience framework for communities; resilience quantification, not scheduling; object is community."
2124,An algorithm for quadratic programming,1956,Naval Research Logistics Quarterly,10.1002/nav.3800030109,other,other,,removed_filterB,False,,,,,,,,,snowball,1,backward,filter-B,"Quadratic programming algorithm; pure OR method, off-topic."
2125,ROAD PAPER. SOME THEORETICAL ASPECTS OF ROAD TRAFFIC RESEARCH.,1952,Proceedings of the Institution of Civil Engineers,10.1680/ipeds.1952.11259,other,general-transportation-network,,removed_filterB,False,,,,,,,,,snowball,1;4,backward,filter-B,"Traffic theory foundational paper; pure traffic-theory method, no post-disaster restoration."
2126,Framework for analytical quantification of disaster resilience,2010,Engineering Structures,10.1016/j.engstruct.2010.08.008,resilience-quantification/assessment,other,,removed_filterB,False,,,,,,,,,snowball,1;4;763,backward,filter-B,Analytical quantification of disaster resilience framework; assessment not scheduling.
2127,Studies in the Economics of Transportation.,1957,The Economic Journal,10.2307/2227641,other,general-transportation-network,,removed_filterB,False,,,,,,,,,snowball,1,backward,filter-B,"Economics of transportation classic; traffic/economics theory, off-topic."
2128,Modified Mercalli intensity scale of 1931,1931,Bulletin of the Seismological Society of America,10.1785/bssa0210040277,hazard/damage-modeling,other,,removed_filterB,False,,,,,,,,,snowball,1;30,backward,filter-B,"Modified Mercalli intensity scale; hazard/seismic intensity, not transport restoration."
2129,A state-of-the-art review of parallel-machine scheduling research,1990,European Journal of Operational Research,10.1016/0377-2217(90)90215-w,restoration-scheduling/sequencing,other,,removed_filterC,False,,,,,,,,,snowball,1;4,backward,filter-C,"Parallel-machine scheduling review; generic OR scheduling, not transport network."
2130,Assessing the role of network topology in transportation network resilience,2015,Journal of Transport Geography,10.1016/j.jtrangeo.2015.05.006,resilience-quantification/assessment,general-transportation-network,,removed_filterB,False,,,,,,,,,snowball,1;4,backward,filter-B,Role of network topology in transportation resilience; assessment not restoration scheduling.
2131,Resilience: An Indicator of Recovery Capability in Intermodal Freight Transport,2011,Transportation Science,10.1287/trsc.1110.0376,resilience-quantification/assessment,general-transportation-network,,removed_filterB,False,,,,,,,,,snowball,1;763,backward,filter-B,Resilience indicator for intermodal freight recovery capability; resilience quantification.
2132,A probabilistic approach for the prediction of seismic resilience of bridges,2013,Earthquake Engineering & Structural Dynamics,10.1002/eqe.2282,resilience-quantification/assessment,bridge/bridge-network,,removed_filterB,False,,,,,,,,,snowball,1,backward,filter-B,"Probabilistic pre-event prediction of seismic resilience of bridges; assessment/prediction, not scheduling."
2133,Resilience metrics and measurement methods for transportation infrastructure: the state of the art,2018,Sustainable and Resilient Infrastructure,10.1080/23789689.2018.1448663,resilience-quantification/assessment,general-transportation-network,,removed_filterB,False,,,,,,,,,snowball,1,backward,filter-B,State-of-the-art review of resilience metrics for transport infrastructure; assessment review.
2134,Pre-disaster investment decisions for strengthening a highway network,2010,Computers & Operations Research,10.1016/j.cor.2009.12.006,pre-disaster-mitigation/preparedness/planning,road/highway-network,,removed_filterA,False,,,,,,,,,snowball,1,backward,filter-A,Pre-disaster investment/strengthening highway network; pre-disaster only.
2135,"Toward life-cycle reliability-, risk- and resilience-based design and assessment of bridges and bridge networks under independent and interacting hazards: emphasis on earthquake, tsunami and corrosion",2019,Structure and Infrastructure Engineering,10.1080/15732479.2019.1604770,resilience-quantification/assessment,bridge/bridge-network,,removed_filterB,False,,,,,,,,,snowball,1,backward,filter-B,Life-cycle reliability/risk/resilience-based design and assessment of bridges; design/assessment.
2136,Travel estimation techniques for urban planning,1998,,,other,general-transportation-network,,removed_filterB,False,,,,,,,,,snowball,1;4,backward,filter-B,"Travel demand estimation for urban planning; planning/traffic method, off-topic."
2137,Scenario-based resilience assessment framework for critical infrastructure systems: Case study for seismic resilience of seaports,2014,Reliability Engineering & System Safety,10.1016/j.ress.2014.07.021,resilience-quantification/assessment,port/airport/maritime/waterway,,removed_filterC,False,,,,,,,,,snowball,1;30,backward,filter-C,Scenario-based resilience assessment for seaports; assessment and port object.
2138,Resilience-based network design under uncertainty,2017,Reliability Engineering & System Safety,10.1016/j.ress.2017.09.009,network-design/retrofit/protection,general-transportation-network,,removed_filterB,False,,,,,,,,,snowball,1;68,backward,filter-B,"Resilience-based network design under uncertainty; network design, not restoration scheduling."
2139,Framework for improving the resilience and recovery of transportation networks under geohazard risks,2018,International Journal of Disaster Risk Reduction,10.1016/j.ijdrr.2018.07.022,resilience-quantification/assessment,general-transportation-network,,removed_filterB,False,,,,,,,,,snowball,1;49;763,backward,filter-B,"Framework for improving resilience/recovery of transport networks under geohazards; resilience framework, not scheduling optimization."
2140,Lifetime seismic resilience of aging bridges and road networks,2019,Structure and Infrastructure Engineering,10.1080/15732479.2019.1653937,resilience-quantification/assessment,bridge/bridge-network,,removed_filterB,False,,,,,,,,,snowball,1,backward,filter-B,Lifetime seismic resilience of aging bridges/road networks; resilience assessment.
2141,Seismic performance assessment of highway bridge networks considering post-disaster traffic demand of a transportation system in emergency conditions,2017,Structure and Infrastructure Engineering,10.1080/15732479.2017.1299770,resilience-quantification/assessment,bridge/bridge-network,,removed_filterB,False,,,,,,,,,snowball,1;4;27,backward,filter-B,"Seismic performance assessment of highway bridge networks considering post-disaster demand; performance assessment, not restoration scheduling."
2142,Optimization of Cascade‐Resilient Electrical Infrastructures and its Validation by Power Flow Modeling,2015,Risk Analysis,10.1111/risa.12396,network-design/retrofit/protection,lifeline-only-power-water-gas-telecom,,removed_filterC,False,,,,,,,,,snowball,1,backward,filter-C,"Power transmission network only, no transport component."
2143,A stochastic computational framework for the joint transportation network fragility analysis and traffic flow distribution under extreme events,2010,Probabilistic Engineering Mechanics,10.1016/j.probengmech.2010.11.007,vulnerability/risk/fragility-assessment,general-transportation-network,,removed_filterB,False,,,,,,,,,snowball,1,backward,filter-B,"Transportation network fragility analysis and traffic flow, not restoration scheduling."
2144,Socio-economic effect of seismic retrofit of bridges for highway transportation networks: a pilot study,2009,Structure and Infrastructure Engineering,10.1080/15732470802663862,pre-disaster-mitigation/preparedness/planning,bridge/bridge-network,,removed_filterA,False,,,,,,,,,snowball,1;4;49,backward,filter-A,"Seismic retrofit of bridges, pre-disaster mitigation only."
2145,Probabilistic assessment of an interdependent healthcare–bridge network system under seismic hazard,2016,Structure and Infrastructure Engineering,10.1080/15732479.2016.1198399,vulnerability/risk/fragility-assessment,interdependent-infrastructure-incl-transport,,removed_filterB,False,,,,,,,,,snowball,1,backward,filter-B,"Probabilistic seismic assessment of healthcare-bridge system, not restoration."
2146,Seismic assessment of structures and lifelines,2014,Journal of Sound and Vibration,10.1016/j.jsv.2013.12.031,vulnerability/risk/fragility-assessment,other,,removed_filterB,False,,,,,,,,,snowball,1,backward,filter-B,"Seismic assessment of structures/lifelines, generic assessment not restoration."
2147,Assessing and Improving the Operational Resilience of a Large Highway Infrastructure System to Worst-Case Losses,2017,Transportation Science,10.1287/trsc.2017.0749,resilience-quantification/assessment,road/highway-network,,removed_filterB,False,,,,,,,,,snowball,1,backward,filter-B,"Resilience assessment of highway system, not restoration scheduling."
2148,Classification of road damage due to earthquakes,2011,Natural Hazards,10.1007/s11069-011-0025-0,hazard/damage-modeling,road/highway-network,,removed_filterB,False,,,,,,,,,snowball,1,backward,filter-B,"Classification of road damage, damage modeling not restoration."
2149,Improving repair sequence scheduling methods for postdisaster critical infrastructure systems,2019,Computer-Aided Civil and Infrastructure Engineering,10.1111/mice.12435,restoration-scheduling/sequencing,lifeline-only-power-water-gas-telecom,power-electricity-system,removed_filterC,False,,,,,,,,ok,snowball,1,backward,verify-C,"Full-text confirmed (open access, ScienceDirect/NYU). Title: ""Improving repair sequence scheduling methods for postdisaster critical infrastructure systems,"" CACIE 34(6):506-522, Xu, Ouyang, Mao, Xu. Problem is repair-sequence scheduling of damaged components under limited repair teams (passes Filte"
2150,A model for multi-class road network recovery scheduling of regional road networks,2018,Transportation,10.1007/s11116-017-9852-5,restoration-scheduling/sequencing,road/highway-network,road/highway-network,kept,True,False,multi-criteria/composite,user-equilibrium,exact/MILP/math-programming,a-priori/static-schedule,static-demand,deterministic,ok,snowball,1,backward,kept-curated,"Full text (Springer, NYU access). Bi-level multi-objective discrete network design problem for long-term road network recovery scheduling: upper level schedules recovery actions gamma_{a,m,pi} on damaged links over discrete time spots (restoration-scheduling/sequencing) subject to budget/resource/ti"
2151,The Distribution of Modified Mercalli Intensity in the 18 April 1906 San Francisco Earthquake,2008,Bulletin of the Seismological Society of America,10.1785/0120060404,hazard/damage-modeling,other,,removed_filterC,False,,,,,,,,,snowball,1,backward,filter-C,"Earthquake intensity map analysis, seismology not transport restoration."
2152,Life-cycle seismic resilience assessment of highway bridges with fiber-reinforced concrete piers in the corrosive environment,2020,Engineering Structures,10.1016/j.engstruct.2020.111120,resilience-quantification/assessment,bridge/bridge-network,,removed_filterB,False,,,,,,,,,snowball,1,backward,filter-B,Life-cycle seismic resilience assessment of bridges.
2153,Framework for estimating the risk and resilience of road networks with bridges and embankments under both seismic and tsunami hazards,2020,Structure and Infrastructure Engineering,10.1080/15732479.2020.1843503,vulnerability/risk/fragility-assessment,road/highway-network,,removed_filterB,False,,,,,,,,,snowball,1,backward,filter-B,"Risk and resilience estimation framework, not restoration scheduling."
2154,Probabilistic life-cycle seismic resilience assessment of aging bridge networks considering infrastructure upgrading,2020,Structure and Infrastructure Engineering,10.1080/15732479.2020.1716258,resilience-quantification/assessment,bridge/bridge-network,,removed_filterB,False,,,,,,,,,snowball,1,backward,filter-B,Life-cycle seismic resilience assessment of aging bridge networks.
2155,Seismic Resilience Enhancement of Urban Water Distribution System Using Restoration Priority of Pipeline Damages,2020,Sustainability,10.3390/su12030914,restoration-scheduling/sequencing,lifeline-only-power-water-gas-telecom,,removed_filterC,False,,,,,,,,,snowball,1;1100,backward,filter-C,"Water distribution system restoration priority only, no transport."
2156,Post-disaster sequential recovery planning for water distribution systems using topological and hydraulic metrics,2021,Structure and Infrastructure Engineering,10.1080/15732479.2020.1864415,restoration-scheduling/sequencing,lifeline-only-power-water-gas-telecom,,removed_filterC,False,,,,,,,,,snowball,1,backward,filter-C,"Water distribution system sequential recovery only, no transport."
2157,Seismic resilience analysis of a retrofit-required bridge considering moment-based system reliability,2020,Structure and Infrastructure Engineering,10.1080/15732479.2020.1767658,resilience-quantification/assessment,bridge/bridge-network,,removed_filterB,False,,,,,,,,,snowball,1,backward,filter-B,"Seismic resilience analysis of retrofit-required bridge, assessment not restoration."
2158,Development of a seismic vulnerability and risk model for typical bridges considering innovative intensity measures,2023,Engineering Structures,10.1016/j.engstruct.2023.117431,vulnerability/risk/fragility-assessment,bridge/bridge-network,,removed_filterB,False,,,,,,,,,snowball,1,forward,filter-B,Seismic vulnerability and risk model for bridges.
2159,Traffic resilience quantification based on macroscopic fundamental diagrams and analysis using topological attributes,2024,Reliability Engineering & System Safety,10.1016/j.ress.2024.110095,resilience-quantification/assessment,general-transportation-network,,removed_filterB,False,,,,,,,,,snowball,1;68,both,filter-B,"Traffic resilience quantification, not restoration scheduling."
2160,Seismic resilience assessment of interdependent urban transportation-electric power system under uncertainty,2024,Transportation Research Part A Policy and Practice,10.1016/j.tra.2024.104078,resilience-quantification/assessment,interdependent-infrastructure-incl-transport,,removed_filterB,False,,,,,,,,,snowball,1;4,forward,filter-B,Seismic resilience assessment of interdependent transport-power system.
2161,Advanced Digital Technologies in the Post-Disaster Reconstruction Process—A Review Leveraging Small Language Models,2024,Buildings,10.3390/buildings14113367,other,building/urban-area/community,,removed_filterC,False,,,,,,,,,snowball,1;49,forward,filter-C,"Review of digital technologies for built-environment reconstruction, not transport restoration."
2162,A Systematic Review of the Evolution of the Concept of Resilience in the Construction Industry,2024,Buildings,10.3390/buildings14092643,resilience-quantification/assessment,other,,removed_filterB,False,,,,,,,,,snowball,1,forward,filter-B,Systematic review of resilience concept in construction industry; not post-disaster transport restoration scheduling.
2163,Emergency Resilience-Driven Retrofit Strategies for Urban Interdependent Infrastructure Systems under Seismic Hazard,2024,Journal of Infrastructure Systems,10.1061/jitse4.iseng-2430,network-design/retrofit/protection,interdependent-infrastructure-incl-transport,,removed_filterA,False,,,,,,,,,snowball,1,forward,filter-A,"Pre-disaster retrofit strategies for seismic hazard; mitigation/design only, not post-disaster restoration."
2164,A NSGA-II-based approach for optimizing structural component pre-reinforcement to enhance cable-stayed bridge resilience,2024,Advances in Structural Engineering,10.1177/13694332241300669,network-design/retrofit/protection,bridge/bridge-network,,removed_filterA,False,,,,,,,,,snowball,1,forward,filter-A,Pre-seismic reinforcement optimization of cable-stayed bridges; pre-disaster only.
2165,Seismic risk assessment of bridge networks with insufficient resilience considering functionality uncertainty due to performance damage,2025,Structures,10.1016/j.istruc.2025.109753,vulnerability/risk/fragility-assessment,bridge/bridge-network,,removed_filterB,False,,,,,,,,,snowball,1;4,forward,filter-B,Seismic risk assessment of bridge networks; assessment not restoration scheduling.
2166,Cost-effectiveness and road network resilience-based countermeasure strategy optimisation of bridges subjected to ground motion and tsunami,2025,Structure and Infrastructure Engineering,10.1080/15732479.2025.2593586,network-design/retrofit/protection,bridge/bridge-network,,removed_filterA,False,,,,,,,,,snowball,1,forward,filter-A,Bridge countermeasure strategy optimization for cost-effectiveness/resilience; pre-disaster mitigation.
2167,A Study on the Design of a New Three-Dimensional Seismic Isolation Bearing Based on an Improved Genetic Algorithm for Bridge Engineering,2024,Applied Sciences,10.3390/app14209453,network-design/retrofit/protection,bridge/bridge-network,,removed_filterA,False,,,,,,,,,snowball,1,forward,filter-A,Design of seismic isolation bearing for bridges; pre-disaster design.
2168,Resilience assessment of linear transportation sections considering multi-dimensional time-varying couplings,2025,Engineering Structures,10.1016/j.engstruct.2025.120343,resilience-quantification/assessment,general-transportation-network,,removed_filterB,False,,,,,,,,,snowball,1,forward,filter-B,Resilience assessment of linear transportation sections; assessment not restoration scheduling.
2169,Resilience-based joint optimization of heterogeneous multi-crew scheduling and routing in urban road network recovery,2025,Structure and Infrastructure Engineering,10.1080/15732479.2025.2460481,restoration-scheduling/sequencing,road/highway-network,road/highway-network,kept,True,False,resilience-area/functionality,user-equilibrium,heuristic/metaheuristic/GA,a-priori/static-schedule,static-demand,deterministic,ok,snowball,1;99,forward,kept-curated,"Full text (Structure and Infrastructure Engineering, T&F). Post-disruption joint optimization of heterogeneous multi-crew scheduling AND routing for urban road network recovery => passes A (post-disaster transport), B (restoration-scheduling/sequencing + crew routing), C (road/highway-network). Obje"
2170,A Bayesian belief network approach to bridge infrastructure resilience assessment against seismic hazard,2025,Structure and Infrastructure Engineering,10.1080/15732479.2025.2499513,resilience-quantification/assessment,bridge/bridge-network,,removed_filterB,False,,,,,,,,,snowball,1,forward,filter-B,Bayesian belief network for bridge resilience assessment; assessment not scheduling.
2171,The resilience-based functionality assessment of damaged bridges considering repair progress and residual displacement under sequential earthquakes,2025,Structures,10.1016/j.istruc.2025.110294,resilience-quantification/assessment,bridge/bridge-network,,removed_filterB,False,,,,,,,,,snowball,1,forward,filter-B,Functionality assessment of damaged bridges considering repair progress; resilience assessment not restoration optimization.
2172,Evaluating life-cycle resilience and economic loss of bridges subjected to under-deck vehicle explosions,2026,Structure and Infrastructure Engineering,10.1080/15732479.2026.2631162,resilience-quantification/assessment,bridge/bridge-network,,removed_filterB,False,,,,,,,,,snowball,1,forward,filter-B,Life-cycle resilience and economic loss of bridges under explosions; assessment/hazard modeling.
2173,Strengthening Resilience: An Agent-Based Model for Poststorm Restoration and Grid Hardening in Power Distribution Systems,2026,ASCE-ASME Journal of Risk and Uncertainty in Engineering Systems Part A Civil Engineering,10.1061/ajrua6.rueng-1886,restoration-scheduling/sequencing,lifeline-only-power-water-gas-telecom,,removed_filterC,False,,,,,,,,,snowball,1,forward,filter-C,"Poststorm restoration and grid hardening in power distribution systems; lifeline-only, no transport."
2174,A Fast Elitist Non-dominated Sorting Genetic Algorithm for Multi-objective Optimization: NSGA-II,2000,Lecture notes in computer science,10.1007/3-540-45356-3_83,other,other,,removed_filterB,False,,,,,,,,,snowball,4,backward,filter-B,"NSGA-II multi-objective optimization algorithm; pure OR method, off-topic."
2175,What is the Analytic Hierarchy Process?,1988,,10.1007/978-3-642-83555-1_5,other,other,,removed_filterB,False,,,,,,,,,snowball,4,backward,filter-B,Analytic Hierarchy Process methodology; off-topic method paper.
2176,Measuring Improvements in the Disaster Resilience of Communities,2004,Earthquake Spectra,10.1193/1.1775796,resilience-quantification/assessment,building/urban-area/community,,removed_filterC,False,,,,,,,,,snowball,4,backward,filter-C,"Measuring disaster resilience of communities; community object, assessment."
2177,A hybrid genetic algorithm for the job shop scheduling problem,2004,European Journal of Operational Research,10.1016/j.ejor.2004.03.012,other,other,,removed_filterB,False,,,,,,,,,snowball,4,backward,filter-B,Genetic algorithm for job shop scheduling; off-topic OR method.
2178,Exploring the Concept of Seismic Resilience for Acute Care Facilities,2007,Earthquake Spectra,10.1193/1.2431396,resilience-quantification/assessment,building/urban-area/community,,removed_filterC,False,,,,,,,,,snowball,4,backward,filter-C,"Seismic resilience of acute care facilities; facility/building object, assessment."
2179,Algorithmic graph theory,1986,European Journal of Operational Research,10.1016/0377-2217(86)90177-3,other,other,,removed_filterB,False,,,,,,,,,snowball,4,backward,filter-B,Algorithmic graph theory textbook; off-topic method.
2180,Genetic Algorithms and Adaptation,1984,,10.1007/978-1-4684-8941-5_21,other,other,,removed_filterB,False,,,,,,,,,snowball,4,backward,filter-B,"Genetic algorithms and adaptation; foundational method, off-topic."
2181,Resilience analysis: a mathematical formulation to model resilience of engineering systems,2017,Sustainable and Resilient Infrastructure,10.1080/23789689.2017.1345257,resilience-quantification/assessment,other,,removed_filterB,False,,,,,,,,,snowball,4,backward,filter-B,Mathematical formulation to model resilience of engineering systems; resilience quantification not restoration scheduling.
2182,Modeling Community Recovery from Earthquakes,2006,Earthquake Spectra,10.1193/1.2192847,empirical-recovery-analysis/prediction,building/urban-area/community,,removed_filterB,False,,,,,,,,,snowball,4,backward,filter-B,"Community recovery modeling, not transport restoration scheduling."
2183,Probabilistic Earthquake Scenarios: Extending Risk Analysis Methodologies to Spatially Distributed Systems,2000,Earthquake Spectra,10.1193/1.1586127,hazard/damage-modeling,interdependent-infrastructure-incl-transport,,removed_filterB,False,,,,,,,,,snowball,4;27,backward,filter-B,"Probabilistic earthquake risk analysis for distributed systems, not restoration."
2184,Empirically quantifying city-scale transportation system resilience to extreme events,2017,Transportation Research Part C Emerging Technologies,10.1016/j.trc.2017.03.002,resilience-quantification/assessment,general-transportation-network,,removed_filterB,False,,,,,,,,,snowball,4;68,backward,filter-B,"Empirically quantifying transportation resilience, assessment not scheduling."
2185,Matrix-based system reliability method and applications to bridge networks,2008,Reliability Engineering & System Safety,10.1016/j.ress.2008.02.011,vulnerability/risk/fragility-assessment,bridge/bridge-network,,removed_filterB,False,,,,,,,,,snowball,4,backward,filter-B,"System reliability method for bridge networks, not restoration."
2186,Comparative Approaches for Assessing Network Vulnerability,2007,International Regional Science Review,10.1177/0160017607308679,vulnerability/risk/fragility-assessment,interdependent-infrastructure-incl-transport,,removed_filterB,False,,,,,,,,,snowball,4,backward,filter-B,Network vulnerability assessment approaches.
2187,"Safety, Reliability, Risk and Life-Cycle Performance of Structures and Infrastructures",2014,,10.1201/b16387,vulnerability/risk/fragility-assessment,other,,removed_filterB,False,,,,,,,,,snowball,4,backward,filter-B,"Structural safety/reliability/risk, warning systems; not transport restoration."
2188,Sustainability of Highway Bridge Networks Under Seismic Hazard,2013,Journal of Earthquake Engineering,10.1080/13632469.2013.841600,vulnerability/risk/fragility-assessment,bridge/bridge-network,,removed_filterB,False,,,,,,,,,snowball,4;27,backward,filter-B,"Seismic risk/sustainability of bridge networks, assessment."
2189,Network reliability analysis with link and nodal weights and auxiliary nodes,2016,Structural Safety,10.1016/j.strusafe.2016.12.001,vulnerability/risk/fragility-assessment,other,,removed_filterB,False,,,,,,,,,snowball,4,backward,filter-B,"Generic network reliability analysis method, not transport restoration."
2190,A Mathematical Framework to Optimize Critical Infrastructure Resilience against Intentional Attacks,2017,Computer-Aided Civil and Infrastructure Engineering,10.1111/mice.12252,network-design/retrofit/protection,interdependent-infrastructure-incl-transport,,removed_filterB,False,,,,,,,,,snowball,4,backward,filter-B,"Optimizing resilience against intentional attacks, protection/design."
2191,"Bridge network performance, maintenance and optimisation under uncertainty: accomplishments and challenges",2011,Structure and Infrastructure Engineering,10.1080/15732479.2011.563089,resilience-quantification/assessment,bridge/bridge-network,,removed_filterB,False,,,,,,,,,snowball,4,backward,filter-B,"Bridge network maintenance/optimization review, not post-disaster scheduling."
2192,Routledge Handbook of Sustainable and Resilient Infrastructure,2018,,10.4324/9781315142074,other,other,,removed_filterB,False,,,,,,,,,snowball,4,backward,filter-B,"Handbook on sustainable/resilient infrastructure, urban design."
2193,Impact of intensity and loss assessment following the great Wenchuan Earthquake,2008,Earthquake Engineering and Engineering Vibration,10.1007/s11803-008-0893-9,empirical-recovery-analysis/prediction,other,,removed_filterB,False,,,,,,,,,snowball,4,backward,filter-B,"Wenchuan earthquake intensity/loss assessment, not restoration."
2194,A Flow-based Vulnerability Measure for the Resilience of Urban Road Network,2016,Procedia - Social and Behavioral Sciences,10.1016/j.sbspro.2016.04.006,vulnerability/risk/fragility-assessment,road/highway-network,,removed_filterB,False,,,,,,,,,snowball,4,backward,filter-B,"Flow-based vulnerability measure for road networks, assessment."
2195,Urban Resilience for Emergency Response and Recovery - Fundamental Concepts and Applications,2016,,10.1007/978-3-319-30656-8,resilience-quantification/assessment,building/urban-area/community,,removed_filterB,False,,,,,,,,,snowball,4,backward,filter-B,"Urban resilience concepts for emergency response/recovery, broad."
2196,Resilience As Optimization Criterion for the Rehabilitation of Bridges Belonging to a Transportation Network Subject to Earthquake,2011,Structures Congress 2011,10.1061/41171(401)178,network-design/retrofit/protection,bridge/bridge-network,,removed_filterB,False,,,,,,,,,snowball,4,backward,filter-B,"Resilience as optimization criterion for bridge rehabilitation/retrofit, pre-disaster design."
2197,Post-earthquake modelling of transportation networks,2011,Structure and Infrastructure Engineering,10.1080/15732479.2011.574810,hazard/damage-modeling,general-transportation-network,,removed_filterB,False,,,,,,,,,snowball,4;49,backward,filter-B,"Post-earthquake travel-demand modeling of transport networks, not restoration scheduling."
2198,Seismic Repair of Reinforced Concrete Bridge Columns: Review of Research Findings,2015,Journal of Bridge Engineering,10.1061/(asce)be.1943-5592.0000760,other,other,,removed_filterC,False,,,,,,,,,snowball,4,backward,filter-C,"Review of RC bridge column repair techniques, structural component repair not network scheduling."
2199,A Set‐Based Approach to Support Decision‐Making on the Restoration of Infrastructure Networks,2017,Earthquake Spectra,10.1193/011416eqs014m,restoration-scheduling/sequencing,road/highway-network,road/highway-network,kept,True,False,multi-criteria/composite,network-flow/capacity,heuristic/metaheuristic/GA,a-priori/static-schedule,static-demand,deterministic,ok,snowball,4,backward,kept-curated,"Full text (Wiley, NYU access), Earthquake Spectra 2017, Unal & Warn. Develops a ""Design by Shopping"" set-based approach to schedule bridge restoration on earthquake-damaged transportation networks. Design variables per bridge = idle/start time (delta_b) and restoration rate (theta_b), decided upfron"
2200,Bridge management: Actual and future trends,2015,,10.1201/b18175-8,other,bridge/bridge-network,,removed_filterB,False,,,,,,,,,snowball,4,backward,filter-B,"Bridge management trends, maintenance/repair assessment."
2201,Characteristics of incremental assignment method,2005,Lecture notes in control and information sciences,10.1007/bfb0006611,other,general-transportation-network,,removed_filterB,False,,,,,,,,,snowball,4,backward,filter-B,"Incremental traffic assignment method, pure traffic theory."
2202,Building Disaster Resilient Community Through Healthcare Networking,2013,Disaster risk reduction,10.1007/978-4-431-54246-9_6,other,building/urban-area/community,,removed_filterC,False,,,,,,,,,snowball,4,backward,filter-C,Healthcare networking for disaster resilient community; not transport restoration.
2203,A modified connectivity link addition strategy to improve the resilience of multiplex networks against attacks,2022,Reliability Engineering & System Safety,10.1016/j.ress.2021.108294,network-design/retrofit/protection,other,,removed_filterB,False,,,,,,,,,snowball,4,forward,filter-B,Abstract multiplex network connectivity/attack resilience; not post-disaster transport restoration.
2204,Resilience Assessment Frameworks of Critical Infrastructures: State-of-the-Art Review,2021,Buildings,10.3390/buildings11100464,resilience-quantification/assessment,interdependent-infrastructure-incl-transport,,removed_filterB,False,,,,,,,,,snowball,4,forward,filter-B,"State-of-the-art review of resilience assessment frameworks for CIs; assessment, not scheduling."
2205,Operationalizing resilience practices in transportation infrastructure planning and project development,2022,Transportation Research Part D Transport and Environment,10.1016/j.trd.2022.103214,pre-disaster-mitigation/preparedness/planning,general-transportation-network,,removed_filterA,False,,,,,,,,,snowball,4,forward,filter-A,Resilience practices in transportation planning/project development; pre-disaster planning.
2206,Overview of Interdependency Models of Critical Infrastructure for Resilience Assessment,2021,Natural Hazards Review,10.1061/(asce)nh.1527-6996.0000535,resilience-quantification/assessment,interdependent-infrastructure-incl-transport,,removed_filterB,False,,,,,,,,,snowball,4,forward,filter-B,Overview of interdependency models for resilience assessment; assessment review.
2207,"Performance-based decision-making of buildings under seismic hazard considering long-term loss, sustainability, and resilience",2020,Structure and Infrastructure Engineering,10.1080/15732479.2020.1845751,resilience-quantification/assessment,building/urban-area/community,,removed_filterC,False,,,,,,,,,snowball,4,forward,filter-C,Performance-based decision-making of buildings under seismic hazard.
2208,Performance evaluation model of transportation infrastructure: Perspective of COVID-19,2023,Transportation Research Part A Policy and Practice,10.1016/j.tra.2023.103605,resilience-quantification/assessment,general-transportation-network,,removed_filterB,False,,,,,,,,,snowball,4,forward,filter-B,"COVID-19 transportation resilience evaluation model; assessment, not restoration scheduling."
2209,Post-Earthquake Functionality Assessment of Urban Road Network Considering Emergency Response,2022,Journal of Earthquake Engineering,10.1080/13632469.2022.2113001,resilience-quantification/assessment,road/highway-network,,removed_filterB,False,,,,,,,,,snowball,4,forward,filter-B,Post-earthquake functionality assessment of road network; assessment not scheduling.
2210,Component Restoration Models of Highway Bridges for Resilience Assessment: A Nationwide Expert‐Opinion Survey Study and Application,2024,Earthquake Spectra,10.1177/87552930241290487,resilience-quantification/assessment,bridge/bridge-network,,removed_filterB,False,,,,,,,,,snowball,4,forward,filter-B,Component restoration models via expert survey for resilience assessment; assessment focus.
2211,A systematic review of resilience assessment and enhancement of urban integrated transportation networks,2025,Journal of Transport Geography,10.1016/j.jtrangeo.2025.104420,resilience-quantification/assessment,general-transportation-network,,removed_filterB,False,,,,,,,,,snowball,4;1101,forward,filter-B,Systematic review of resilience assessment and enhancement of transport networks.
2212,Traffic resilience modeling for post-earthquake emergency medical response and planning considering disrupted infrastructure and dislocated residents,2023,International Journal of Disaster Risk Reduction,10.1016/j.ijdrr.2023.103754,resilience-quantification/assessment,general-transportation-network,,removed_filterB,False,,,,,,,,,snowball,4;49,both,filter-B,Traffic resilience modeling for emergency medical response/planning; assessment/planning.
2213,Seismic functionality of healthcare network considering traffic congestion and hospital malfunctioning: A medical accessibility approach,2023,International Journal of Disaster Risk Reduction,10.1016/j.ijdrr.2023.104019,resilience-quantification/assessment,building/urban-area/community,,removed_filterC,False,,,,,,,,,snowball,4,forward,filter-C,Seismic functionality of healthcare network via medical accessibility; healthcare focus.
2214,State-of-the-Art Review of the Resilience of Urban Bridge Networks,2023,Sustainability,10.3390/su15020989,resilience-quantification/assessment,bridge/bridge-network,,removed_filterB,False,,,,,,,,,snowball,4,forward,filter-B,State-of-the-art review of resilience of urban bridge networks; assessment review.
2215,A resilient scheduling framework for multi-robot multi-station welding flow shop scheduling against robot failures,2024,Robotics and Computer-Integrated Manufacturing,10.1016/j.rcim.2024.102835,other,other,,removed_filterC,False,,,,,,,,,snowball,4,forward,filter-C,"Multi-robot welding flow shop scheduling; industrial scheduling, off-domain."
2216,Resilience assessment of the interdependent transportation–healthcare system during emergency response,2022,Structure and Infrastructure Engineering,10.1080/15732479.2022.2136719,resilience-quantification/assessment,interdependent-infrastructure-incl-transport,,removed_filterB,False,,,,,,,,,snowball,4,forward,filter-B,Resilience assessment of interdependent transportation-healthcare system; assessment.
2217,A novel inerter-enhanced self-centering damper (ISCD) for improving seismic resilience of self-centering RC building frames,2025,Engineering Structures,10.1016/j.engstruct.2025.119895,network-design/retrofit/protection,building/urban-area/community,,removed_filterC,False,,,,,,,,,snowball,4,forward,filter-C,Inerter damper for seismic resilience of RC building frames; structural device.
2218,Resilience-based seismic design optimization of highway RC bridges by response surface method and improved non-dominated sorting genetic algorithm,2021,Bulletin of Earthquake Engineering,10.1007/s10518-021-01232-8,network-design/retrofit/protection,bridge/bridge-network,,removed_filterA,False,,,,,,,,,snowball,4,forward,filter-A,Resilience-based seismic design optimization of RC bridges; pre-disaster design.
2219,Multi‐objective optimization for community building group recovery scheduling and resilience evaluation under earthquake,2022,Computer-Aided Civil and Infrastructure Engineering,10.1111/mice.12882,restoration-scheduling/sequencing,building/urban-area/community,,removed_filterC,False,,,,,,,,,snowball,4;1100,both,filter-C,"Community building group recovery scheduling; buildings, not transport."
2220,"Systems thinking approach to community buildings resilience considering utility networks, interactions, and access to essential facilities",2022,Bulletin of Earthquake Engineering,10.1007/s10518-022-01557-y,resilience-quantification/assessment,building/urban-area/community,,removed_filterC,False,,,,,,,,,snowball,4,forward,filter-C,Community buildings resilience with utility networks; buildings focus.
2221,Study on Seismic Resilience Quantitative Framework of Subway Stations and Resilience Improvement Strategy,2022,Frontiers in Earth Science,10.3389/feart.2022.869965,resilience-quantification/assessment,building/urban-area/community,,removed_filterC,False,,,,,,,,,snowball,4,forward,filter-C,"Seismic resilience quantification of subway stations (underground structures); structural, not transit network restoration."
2222,Multi-state functionality restoration of highway bridges using stochastic process,2023,Engineering Structures,10.1016/j.engstruct.2023.116623,resilience-quantification/assessment,bridge/bridge-network,,removed_filterB,False,,,,,,,,,snowball,4,forward,filter-B,"Multi-state functionality restoration modeled as a stochastic process = recovery-modeling/resilience quantification, not scheduling/routing/debris optimization."
2223,Seismic Resilience-Based Design Method for Hybrid Bridge Pier Under Four-Level Seismic Fortifications,2022,International Journal of Steel Structures,10.1007/s13296-022-00666-3,network-design/retrofit/protection,bridge/bridge-network,,removed_filterA,False,,,,,,,,,snowball,4,forward,filter-A,"Seismic resilience-based design of bridge pier = pre-disaster design, no post-disaster restoration."
2224,Resilience of coastal bridges under extreme wave-induced loads,2024,Resilient Cities and Structures,10.1016/j.rcns.2024.07.002,vulnerability/risk/fragility-assessment,bridge/bridge-network,,removed_filterB,False,,,,,,,,,snowball,4,forward,filter-B,"Wave-induced loading/vulnerability of coastal bridges = hazard/vulnerability assessment, not restoration scheduling."
2225,Probabilistic Joint Importance-Based Retrofit Strategy for Seismic Risk Mitigation of Transportation Networks,2022,Applied Sciences,10.3390/app12189307,network-design/retrofit/protection,general-transportation-network,,removed_filterB,False,,,,,,,,,snowball,4,forward,filter-B,"Seismic retrofit strategy for transportation networks = pre-disaster retrofit/protection, fails filter B (and A)."
2226,A new bi-objective simultaneous model for timetabling and scheduling public bus transportation,2024,OPSEARCH,10.1007/s12597-024-00807-8,other,railway/transit,,removed_filterB,False,,,,,,,,,snowball,4,forward,filter-B,"Bus timetabling/scheduling = routine transit operations OR, not post-disaster restoration."
2227,Probabilistic prediction of post-earthquake rubble distribution range for masonry structures,2024,Journal of Building Engineering,10.1016/j.jobe.2024.110208,hazard/damage-modeling,building/urban-area/community,,removed_filterB,False,,,,,,,,,snowball,4,forward,filter-B,"Rubble distribution prediction for masonry structures = damage modeling of buildings, fails B and C."
2228,Efficient scenario analysis for optimal adaptation of bridge networks under deep uncertainties through knowledge transfer,2022,Structural Safety,10.1016/j.strusafe.2022.102278,network-design/retrofit/protection,bridge/bridge-network,,removed_filterB,False,,,,,,,,,snowball,4,forward,filter-B,"Optimal adaptation of bridge networks under deep uncertainty = pre-disaster adaptation/design, not restoration scheduling."
2229,Transportation System Vulnerability Assessment considering Environmental Impact,2022,Journal of Advanced Transportation,10.1155/2022/8711894,vulnerability/risk/fragility-assessment,general-transportation-network,,removed_filterB,False,,,,,,,,,snowball,4,forward,filter-B,Vulnerability assessment / critical component identification = fails filter B.
2230,Seismic performance assessment of urban transportation networks: A unified approach to link damage and performance metrics,2025,Reliability Engineering & System Safety,10.1016/j.ress.2025.111713,resilience-quantification/assessment,general-transportation-network,,removed_filterB,False,,,,,,,,,snowball,4,forward,filter-B,Seismic performance/resilience assessment of transportation networks = fails filter B.
2231,"Defining Transportation Systems Resilience under Natural Disasters: A Bibliometric Analysis Based on Mode, Metrics and Scope",2025,Transportation research procedia,10.1016/j.trpro.2025.06.069,resilience-quantification/assessment,general-transportation-network,,removed_filterB,False,,,,,,,,,snowball,4,forward,filter-B,"Bibliometric analysis of transportation resilience = review/assessment, fails filter B."
2232,EQResNet: Real-Time Simulation and Resilience Assessment of Post-Earthquake Emergency Highway Transportation Networks,2025,Computation,10.3390/computation13080188,resilience-quantification/assessment,road/highway-network,,removed_filterB,False,,,,,,,,,snowball,4,forward,filter-B,Resilience assessment / uncertainty propagation for highway networks = fails filter B.
2233,Sustainability and digitalisation in bridge management: present and future,2025,Structure and Infrastructure Engineering,10.1080/15732479.2025.2608057,other,bridge/bridge-network,,removed_filterB,False,,,,,,,,,snowball,4,forward,filter-B,"Sustainability/digitalisation in bridge management = general management review, not restoration scheduling."
2234,Seismic risk assessment of transportation networks,2022,Elsevier eBooks,10.1016/b978-0-12-824071-7.00007-x,vulnerability/risk/fragility-assessment,general-transportation-network,,removed_filterB,False,,,,,,,,,snowball,4,forward,filter-B,Seismic risk assessment of transportation networks = fails filter B.
2235,"The distributed fault diagnosis for nonlinear complex dynamical networks based on <mml:math xmlns:mml=""http://www.w3.org/1998/Math/MathML"" altimg=""si257.svg"" display=""inline"" id=""d1e798""><mml:mi>σ</mml:mi></mml:math>-detection criterion",2024,Chaos Solitons & Fractals,10.1016/j.chaos.2024.115243,other,other,,removed_titlescreen,False,,,,,,,,,snowball,4,forward,title-screen,"Distributed fault diagnosis for nonlinear complex dynamical networks = control theory, completely off-domain."
2236,A Dynamic Facility Location Problem with Random Demand and the Restoration of Transportation Networks in Disaster Relief,2022,SSRN Electronic Journal,10.2139/ssrn.4002257,post-disaster-relief-logistics/distribution,supply-chain/facility,,removed_filterB,False,,,,,,,,ok,snowball,4,forward,verify-B,"Full abstract from SSRN (title confirmed: ""A Dynamic Facility Location Problem with Random Demand and the Restoration of Transportation Networks in Disaster Relief"", Liu, Zhao, Zhang). The optimized decision is multi-period facility location (establishing new / closing old facilities) under scenario"
2237,Resilience-based Seismic Design Optimization of typical Highway RC Bridges by Response Surface Method and NSGA-II Algorithm,2021,Research Square,10.21203/rs.3.rs-373690/v1,network-design/retrofit/protection,bridge/bridge-network,,removed_filterA,False,,,,,,,,,snowball,4,forward,filter-A,"Resilience-based seismic design optimization of highway RC bridges = pre-disaster design, fails A and B."
2238,Human-Centered Simulation Modeling to Facilitate Critical Infrastructure Resilience Planning,2020,ResearchWorks at the University of Washington (University of Washington),,resilience-quantification/assessment,other,,removed_filterB,False,,,,,,,,,snowball,4;744,forward,filter-B,"Human-centered simulation for critical infrastructure resilience planning = resilience planning, not transport restoration scheduling; scope unclear/off."
2239,A Resilience-Based Routing Planning and Scheduling Model for Post-Disaster Transportation Network Recovery with Multiple Repair Teams,2022,,10.1109/srse56746.2022.10067487,restoration-scheduling/sequencing,general-transportation-network,road/highway-network,removed_nonjournal,False,,,,,,,,ok,snowball,4,forward,kept-but-nonjournal,"Full text (IEEE Xplore). Post-disaster transportation (road) network recovery with multiple repair teams: assigns repair tasks and gives task schedule + completion times, and plans team travel routes (shortest path). Passes A (post-disaster transport), B (restoration-scheduling/sequencing + crew rou"
2240,Probabilistic Prediction of Post-Earthquake Rubble Risk Distribution Range for Bottom Frame Structures,2024,SSRN Electronic Journal,10.2139/ssrn.4895832,hazard/damage-modeling,building/urban-area/community,,removed_filterB,False,,,,,,,,,snowball,4,forward,filter-B,"Post-earthquake rubble risk distribution for bottom frame structures = building damage modeling, fails B and C."
2241,Unlocking Sustainable Urban Transportation and Emergency Risk Management Under Extreme Events,2025,Lecture notes in intelligent transportation and infrastructure,10.1007/978-3-031-82818-8_14,other,general-transportation-network,,removed_filterB,False,,,,,,,,,snowball,4,forward,filter-B,"Sustainable urban transportation and emergency risk management = broad risk-management theme, not restoration scheduling/routing/debris optimization."
2242,A Path Tracking Control Method Considering Vehicle Stability and Road Curvature,2025,SAE technical papers on CD-ROM/SAE technical paper series,10.4271/2025-01-8038,other,other,,removed_filterB,False,,,,,,,,,snowball,4,forward,filter-B,"Vehicle path tracking control / autonomous driving, not post-disaster restoration."
2243,Probabilistic prediction of post-earthquake rubble risk distribution range for bottom frame structures,2025,Structures,10.1016/j.istruc.2025.108779,hazard/damage-modeling,building/urban-area/community,,removed_filterB,False,,,,,,,,,snowball,4,forward,filter-B,Post-earthquake rubble risk prediction for building structures; hazard/damage modeling of buildings.
2244,Resilience Assessment and Optimization Decision-Making for Urban Road Network Under Routine Disturbances,2025,SSRN Electronic Journal,10.2139/ssrn.5245529,resilience-quantification/assessment,road/highway-network,,removed_filterB,False,,,,,,,,,snowball,4,forward,filter-B,"Resilience assessment/optimization under routine disturbances, not post-disaster restoration scheduling."
2245,Resilience enhancement of an urban road network during traffic accidents by optimally dispatching rescue teams,2025,PLoS ONE,10.1371/journal.pone.0330824,crew/resource-routing-dispatch,road/highway-network,,removed_filterA,False,,,,,,,,,snowball,4,forward,filter-A,"Rescue team dispatch for traffic accidents (routine incidents), not a disaster event; resilience-oriented, off-domain."
2246,An automated method for macro evacuation network modeling and visualization of micro‐level behavior based on macro simulation,2025,Computer-Aided Civil and Infrastructure Engineering,10.1111/mice.70126,evacuation,general-transportation-network,,removed_filterB,False,,,,,,,,,snowball,4,forward,filter-B,Evacuation network modeling/simulation.
2247,Functional reliability analysis on metro network considering spatial variation of seismic ground motions and population distribution,2026,Underground Space,10.1016/j.undsp.2026.04.003,vulnerability/risk/fragility-assessment,railway/transit,,removed_filterB,False,,,,,,,,,snowball,4,forward,filter-B,"Seismic functional reliability analysis of metro network, not restoration scheduling."
2248,Functionality assessment method for road transportation systems under the joint impact of earthquakes and coseismic landslides,2026,Structure and Infrastructure Engineering,10.1080/15732479.2026.2700626,resilience-quantification/assessment,road/highway-network,,removed_filterB,False,,,,,,,,,snowball,4,forward,filter-B,"Post-earthquake functionality assessment of road systems, not restoration scheduling."
2249,Optimized resource allocation for emergency response after earthquake disasters,2000,Safety Science,10.1016/s0925-7535(00)00021-7,post-disaster-relief-logistics/distribution,other,,removed_filterC,False,,,,,,,,,snowball,15,backward,filter-C,"Emergency resource allocation for earthquake response; relief logistics, not transport restoration."
2250,On the appropriate objective function for post‐disaster humanitarian logistics models,2013,Journal of Operations Management,10.1016/j.jom.2013.06.002,post-disaster-relief-logistics/distribution,other,,removed_filterB,False,,,,,,,,,snowball,15,backward,filter-B,"Humanitarian logistics objective function discussion, not transport restoration."
2251,Dynamic relief-demand management for emergency logistics operations under large-scale disasters,2009,Transportation Research Part E Logistics and Transportation Review,10.1016/j.tre.2009.07.005,post-disaster-relief-logistics/distribution,other,,removed_filterB,False,,,,,,,,,snowball,15,backward,filter-B,Relief-demand management / emergency logistics.
2252,Emergency response in natural disaster management: Allocation and scheduling of rescue units,2013,European Journal of Operational Research,10.1016/j.ejor.2013.10.029,crew/resource-routing-dispatch,other,,removed_filterB,False,,,,,,,,,snowball,15,backward,filter-B,"Allocation/scheduling of rescue units for emergency response, not transport-network restoration."
2253,A multi-objective evolutionary algorithm for multi-period dynamic emergency resource scheduling problems,2017,Transportation Research Part E Logistics and Transportation Review,10.1016/j.tre.2016.12.011,post-disaster-relief-logistics/distribution,other,,removed_filterB,False,,,,,,,,,snowball,15,backward,filter-B,"Emergency resource scheduling, relief logistics domain."
2254,Global optimization method for network design problem with stochastic user equilibrium,2014,Transportation Research Part B Methodological,10.1016/j.trb.2014.10.009,network-design/retrofit/protection,general-transportation-network,,removed_filterB,False,,,,,,,,,snowball,15,backward,filter-B,"Network design problem with stochastic user equilibrium; pre-disaster/transport theory, not restoration."
2255,Distributionally robust multi-period location-allocation with multiple resources and capacity levels in humanitarian logistics,2022,European Journal of Operational Research,10.1016/j.ejor.2022.06.047,post-disaster-relief-logistics/distribution,supply-chain/facility,,removed_filterB,False,,,,,,,,,snowball,15,backward,filter-B,Location-allocation in humanitarian logistics.
2256,Multi-objective scheduling of priority-based rescue vehicles to extinguish forest fires using a multi-objective discrete gravitational search algorithm,2022,Information Sciences,10.1016/j.ins.2022.06.052,crew/resource-routing-dispatch,other,,removed_filterB,False,,,,,,,,,snowball,15,backward,filter-B,"Rescue vehicle scheduling to extinguish forest fires; firefighting, not transport restoration."
2257,Multiple emergency resource allocation for concurrent incidents in natural disasters,2016,International Journal of Disaster Risk Reduction,10.1016/j.ijdrr.2016.05.003,post-disaster-relief-logistics/distribution,other,,removed_filterB,False,,,,,,,,,snowball,15,backward,filter-B,Emergency resource allocation for concurrent incidents.
2258,Distributionally robust chance-constrained programming for multi-period emergency resource allocation and vehicle routing in disaster response operations,2023,Omega,10.1016/j.omega.2023.102915,post-disaster-relief-logistics/distribution,other,,removed_filterB,False,,,,,,,,,snowball,15,backward,filter-B,Emergency resource allocation and vehicle routing in disaster response; relief logistics.
2259,A decision support model for robust allocation and routing of search and rescue resources after earthquake: a case study,2020,Operational Research,10.1007/s12351-020-00591-5,crew/resource-routing-dispatch,other,,removed_filterB,False,,,,,,,,,snowball,15,backward,filter-B,"Search-and-rescue resource allocation/routing, not transport-network restoration."
2260,A multi-objective stochastic programming model to configure a sustainable humanitarian logistics considering deprivation cost and patient severity,2021,Annals of Operations Research,10.1007/s10479-021-04014-2,post-disaster-relief-logistics/distribution,supply-chain/facility,,removed_filterB,False,,,,,,,,,snowball,15,backward,filter-B,Humanitarian logistics configuration with deprivation cost.
2261,A bi <b>-</b> objective optimisation of post <b>-</b> disaster relief distribution and short <b>-</b> term network restoration using hybrid NSGA <b>-</b> II algorithm,2021,International Journal of Production Research,10.1080/00207543.2021.1970846,post-disaster-relief-logistics/distribution,general-transportation-network,road/highway-network,removed_filterB,False,,,,,,,,ok,snowball,15,backward,verify-B,"Full text (tandfonline). Single-period bi-objective MILP integrating three-echelon relief distribution (network flow X_ij with link capacities cap^ST/cap^TB and flow-independent transport cost c^tran*d^OD) and short-term network restoration decisions: which disrupted ports (binary K^S), warehouses, "
2262,Multi-period dynamic multi-objective emergency material distribution model under uncertain demand,2022,Engineering Applications of Artificial Intelligence,10.1016/j.engappai.2022.105530,post-disaster-relief-logistics/distribution,other,,removed_filterB,False,,,,,,,,,snowball,15,backward,filter-B,"Emergency material distribution model under uncertain demand; relief logistics, not restoration scheduling."
2263,A stochastic programming model for emergency supply planning considering transportation network mitigation and traffic congestion,2021,Socio-Economic Planning Sciences,10.1016/j.seps.2021.101119,post-disaster-relief-logistics/distribution,other,,removed_filterB,False,,,,,,,,,snowball,15,backward,filter-B,"Emergency supply planning with network mitigation/congestion; supply logistics, not restoration."
2264,A Cost Minimization Resource Allocation Model for Disaster Relief Operations With an Information Crowdsourcing-Based MCDM Approach,2020,IEEE Transactions on Engineering Management,10.1109/tem.2020.3015775,post-disaster-relief-logistics/distribution,other,,removed_filterB,False,,,,,,,,,snowball,15,backward,filter-B,Resource allocation for disaster relief with MCDM; relief allocation not restoration scheduling.
2265,Stochastic optimization for transportation planning in disaster relief under disruption and uncertainty,2020,Kybernetes,10.1108/k-10-2020-0632,post-disaster-relief-logistics/distribution,general-transportation-network,,removed_filterB,False,,,,,,,,,snowball,15,backward,filter-B,"Minimizes relief vehicle arrival time with route disruption; relief transportation planning, not link restoration."
2266,Emergency Resource Allocation for Multi-Period Post-Disaster Using Multi-Objective Cellular Genetic Algorithm,2020,IEEE Access,10.1109/access.2020.2991865,post-disaster-relief-logistics/distribution,other,,removed_filterB,False,,,,,,,,,snowball,15,backward,filter-B,"Emergency resource allocation and route selection; relief distribution, not restoration."
2267,Study on location-allocation problem and algorithm for emergency supplies considering timeliness and fairness,2023,Computers & Industrial Engineering,10.1016/j.cie.2023.109078,post-disaster-relief-logistics/distribution,other,,removed_filterB,False,,,,,,,,,snowball,15,backward,filter-B,"Location-allocation of emergency supplies; logistics, not restoration."
2268,Multi-period stochastic programming for relief delivery considering evolving transportation network and temporary facility relocation/closure,2023,Transportation Research Part E Logistics and Transportation Review,10.1016/j.tre.2023.103357,post-disaster-relief-logistics/distribution,other,,removed_filterB,False,,,,,,,,,snowball,15,backward,filter-B,"Relief delivery with evolving network and facility relocation; delivery logistics, not restoration scheduling."
2269,Multiperiod Equitable and Efficient Allocation Strategy of Emergency Resources Under Uncertainty,2022,International Journal of Disaster Risk Science,10.1007/s13753-022-00437-y,post-disaster-relief-logistics/distribution,other,,removed_filterB,False,,,,,,,,,snowball,15,backward,filter-B,"Equitable allocation of emergency resources; allocation, not restoration."
2270,Emergency management systems after disastrous earthquakes using optimization methods: A comprehensive review,2020,Advances in Engineering Software,10.1016/j.advengsoft.2020.102885,other,other,,removed_filterB,False,,,,,,,,,snowball,15,backward,filter-B,"Comprehensive review of emergency management optimization after earthquakes; broad review, not transport restoration scheduling."
2271,A Utility Driven Post Disaster Emergency Resource Allocation System Using DTN,2018,IEEE Transactions on Systems Man and Cybernetics Systems,10.1109/tsmc.2018.2813008,post-disaster-relief-logistics/distribution,other,,removed_filterB,False,,,,,,,,,snowball,15,backward,filter-B,"Utility-driven emergency resource allocation using DTN; allocation/communication, not restoration."
2272,Prediction-driven collaborative emergency medical resource allocation with deep learning and optimization,2022,Journal of the Operational Research Society,10.1080/01605682.2022.2101953,post-disaster-relief-logistics/distribution,other,,removed_filterC,False,,,,,,,,,snowball,15,backward,filter-C,"Emergency medical resource allocation with deep learning; medical logistics, not transport restoration."
2273,A Reinforcement Learning Model of Multiple UAVs for Transporting Emergency Relief Supplies,2022,Applied Sciences,10.3390/app122010427,post-disaster-relief-logistics/distribution,other,,removed_filterB,False,,,,,,,,,snowball,15,backward,filter-B,"UAV RL for transporting relief supplies; humanitarian logistics transport, not network restoration."
2274,Robust location-allocation decision considering casualty prioritization in multi-echelon humanitarian logistics network,2024,Information Sciences,10.1016/j.ins.2024.121731,post-disaster-relief-logistics/distribution,other,,removed_filterB,False,,,,,,,,,snowball,15,backward,filter-B,"Location-allocation in humanitarian logistics network with casualty prioritization; logistics, not restoration."
2275,Flexible Districting Policy for the Multiperiod Emergency Resource Allocation Problem With Demand Priority,2024,IEEE Transactions on Systems Man and Cybernetics Systems,10.1109/tsmc.2024.3443116,post-disaster-relief-logistics/distribution,other,,removed_filterB,False,,,,,,,,,snowball,15,backward,filter-B,"Districting for multiperiod emergency resource allocation; allocation, not restoration."
2276,A multi-stage emergency supplies pre-allocation approach for freeway black spots: A Chinese case study,2020,PLoS ONE,10.1371/journal.pone.0240372,pre-disaster-mitigation/preparedness/planning,road/highway-network,,removed_filterA,False,,,,,,,,,snowball,15,backward,filter-A,"Emergency supplies pre-allocation for freeway black spots; pre-positioning/preparedness, not post-disaster restoration."
2277,Equitable resource allocation in health emergencies: addressing racial disparities and ethical dilemmas,2024,Journal of Medical Ethics,10.1136/jme-2024-109947,post-disaster-relief-logistics/distribution,other,,removed_filterC,False,,,,,,,,,snowball,15,backward,filter-C,"Equitable resource allocation in health emergencies, racial disparities; medical/ethics, off-domain."
2278,Rescheduling and synchronization of relief operations in a dynamic and flexible environment considering aftershock effects,2025,Computers & Industrial Engineering,10.1016/j.cie.2025.111381,post-disaster-relief-logistics/distribution,other,,removed_filterB,False,,,,,,,,,snowball,15;893;1108,both,filter-B,"Rescheduling/synchronization of relief operations with aftershocks; relief operations scheduling, not transport network restoration."
2279,"Identifying, understanding, and analyzing critical infrastructure interdependencies",2001,IEEE Control Systems,10.1109/37.969131,other,interdependent-infrastructure-incl-transport,,removed_filterB,False,,,,,,,,,snowball,27;913,backward,filter-B,"Conceptual paper on critical infrastructure interdependencies; framework/analysis, not restoration scheduling."
2280,Review on modeling and simulation of interdependent critical infrastructure systems,2013,Reliability Engineering & System Safety,10.1016/j.ress.2013.06.040,other,interdependent-infrastructure-incl-transport,,removed_filterB,False,,,,,,,,,snowball,27,backward,filter-B,"Review on modeling/simulation of interdependent critical infrastructure; review, not restoration scheduling."
2281,A review of dynamic vehicle routing problems,2012,European Journal of Operational Research,10.1016/j.ejor.2012.08.015,other,general-transportation-network,,removed_filterB,False,,,,,,,,,snowball,27,backward,filter-B,"Review of dynamic vehicle routing problems; general OR/routing methods, not post-disaster restoration."
2282,A survey of dynamic scheduling in manufacturing systems,2008,Journal of Scheduling,10.1007/s10951-008-0090-8,other,other,,removed_filterB,False,,,,,,,,,snowball,27,backward,filter-B,Manufacturing dynamic scheduling survey; not disaster transport restoration.
2283,Metrics and Quantification of Operational and Infrastructure Resilience in Power Systems,2017,IEEE Transactions on Power Systems,10.1109/tpwrs.2017.2664141,resilience-quantification/assessment,lifeline-only-power-water-gas-telecom,,removed_filterA,False,,,,,,,,,snowball,27,backward,filter-A,"Power system resilience metrics; lifeline only, no transport."
2284,Measuring post-disaster transportation system performance: the 1995 Kobe earthquake in comparative perspective,2001,Transportation Research Part A Policy and Practice,10.1016/s0965-8564(00)00003-3,empirical-recovery-analysis/prediction,general-transportation-network,,removed_filterB,False,,,,,,,,,snowball,27,backward,filter-B,"Empirical post-disaster transport performance measurement, not restoration optimization."
2285,Transport resilience and vulnerability: The role of connectivity,2015,Transportation Research Part A Policy and Practice,10.1016/j.tra.2014.12.012,resilience-quantification/assessment,general-transportation-network,,removed_filterB,False,,,,,,,,,snowball,27,backward,filter-B,"Transport resilience/vulnerability assessment, not restoration scheduling."
2286,Seismic response of critical interdependent networks,2006,Earthquake Engineering & Structural Dynamics,10.1002/eqe.626,vulnerability/risk/fragility-assessment,interdependent-infrastructure-incl-transport,,removed_filterB,False,,,,,,,,,snowball,27,backward,filter-B,"Seismic response/vulnerability of interdependent networks, not restoration."
2287,Using real time information for effective dynamic scheduling,2002,European Journal of Operational Research,10.1016/s0377-2217(01)00355-1,other,other,,removed_filterB,False,,,,,,,,,snowball,27,backward,filter-B,"Generic real-time dynamic scheduling, not disaster transport."
2288,"Compound, Cascading, or Complex Disasters: What's in a Name?",2018,Environment Science and Policy for Sustainable Development,10.1080/00139157.2018.1517518,other,other,,removed_filterB,False,,,,,,,,,snowball,27,backward,filter-B,"Conceptual disaster typology, not restoration optimization."
2289,The Floyd–Warshall algorithm on graphs with negative cycles,2010,Information Processing Letters,10.1016/j.ipl.2010.02.001,other,other,,removed_filterB,False,,,,,,,,,snowball,27,backward,filter-B,"Pure graph algorithm paper, off-domain."
2290,Metrics and quantitative framework for assessing microgrid resilience against windstorms,2018,International Journal of Electrical Power & Energy Systems,10.1016/j.ijepes.2018.07.025,resilience-quantification/assessment,lifeline-only-power-water-gas-telecom,,removed_filterC,False,,,,,,,,,snowball,27,backward,filter-C,Microgrid resilience metrics; lifeline only.
2291,Self-Centering Seismic Lateral Force Resisting Systems: High Performance Structures for the City of Tomorrow,2014,Buildings,10.3390/buildings4030520,network-design/retrofit/protection,building/urban-area/community,,removed_filterC,False,,,,,,,,,snowball,27,backward,filter-C,"Seismic building structural systems, pre-disaster design."
2292,An adaptive robust framework for the optimization of the resilience of interdependent infrastructures under natural hazards,2019,European Journal of Operational Research,10.1016/j.ejor.2019.01.052,resilience-quantification/assessment,interdependent-infrastructure-incl-transport,,removed_filterB,False,,,,,,,,,snowball,27,backward,filter-B,"Resilience optimization under hazards, not restoration scheduling."
2293,Deterministic vs. probabilistic earthquake hazards and risks,2001,Soil Dynamics and Earthquake Engineering,10.1016/s0267-7261(01)00019-7,hazard/damage-modeling,other,,removed_filterB,False,,,,,,,,,snowball,27,backward,filter-B,"Earthquake hazard/risk modeling, off-domain."
2294,Risk Analysis in Engineering and Economics,2014,,10.1201/b16663,other,other,,removed_filterB,False,,,,,,,,,snowball,27,backward,filter-B,"General risk analysis textbook, off-domain."
2295,Quantifying the resilience of an urban traffic-electric power coupled system,2017,Reliability Engineering & System Safety,10.1016/j.ress.2017.01.026,resilience-quantification/assessment,interdependent-infrastructure-incl-transport,,removed_filterB,False,,,,,,,,,snowball,27,backward,filter-B,"Resilience quantification of traffic-power coupled system, not restoration."
2296,A self-adaptive evolutionary algorithm for dynamic vehicle routing problems with traffic congestion,2018,Swarm and Evolutionary Computation,10.1016/j.swevo.2018.10.015,other,general-transportation-network,,removed_filterB,False,,,,,,,,,snowball,27,backward,filter-B,"Everyday dynamic vehicle routing with congestion, not disaster restoration."
2297,Probabilistic multi-scale modeling of interdependencies between critical infrastructure systems for resilience,2017,Sustainable and Resilient Infrastructure,10.1080/23789689.2017.1345253,resilience-quantification/assessment,interdependent-infrastructure-incl-transport,,removed_filterB,False,,,,,,,,,snowball,27,backward,filter-B,"Interdependency modeling for resilience, not restoration scheduling."
2298,A Dynamic Logistic Dispatching System With Set-Based Particle Swarm Optimization,2017,IEEE Transactions on Systems Man and Cybernetics Systems,10.1109/tsmc.2017.2682264,other,other,,removed_filterB,False,,,,,,,,,snowball,27,backward,filter-B,"E-commerce logistics dispatching PSO, not disaster transport."
2299,A compositional demand/supply framework to quantify the resilience of civil infrastructure systems (Re-CoDeS),2017,Sustainable and Resilient Infrastructure,10.1080/23789689.2017.1364560,resilience-quantification/assessment,other,,removed_filterB,False,,,,,,,,,snowball,27,backward,filter-B,"Compositional resilience quantification framework, not restoration scheduling."
2300,A framework for dynamic rescheduling problems,2019,Use Siena air (University of Siena),10.1080/00207543.2018.1456700,other,other,,removed_filterB,False,,,,,,,,,snowball,27,backward,filter-B,"Generic dynamic rescheduling framework, not disaster transport."
2301,Effect of seismic retrofit of bridges on transportation networks,2003,Earthquake Engineering and Engineering Vibration,10.1007/s11803-003-0001-0,pre-disaster-mitigation/preparedness/planning,bridge/bridge-network,,removed_filterA,False,,,,,,,,,snowball,27,backward,filter-A,"Pre-disaster seismic bridge retrofit effect, no post-disaster restoration."
2302,Probabilistic Assessment of Structural Damage due to Earthquakes for Buildings in Mid-America,2009,Journal of Structural Engineering,10.1061/(asce)0733-9445(2009)135:10(1155),vulnerability/risk/fragility-assessment,building/urban-area/community,,removed_filterB,False,,,,,,,,,snowball,27,backward,filter-B,"Probabilistic seismic damage assessment of buildings; pre-disaster fragility, not post-disaster transport restoration. Fails B and C."
2303,Optimal team deployment in urban search and rescue,2012,Transportation Research Part B Methodological,10.1016/j.trb.2012.03.004,crew/resource-routing-dispatch,other,,removed_filterC,False,,,,,,,,,snowball,27,backward,filter-C,Urban search and rescue team deployment; not a transport-network restoration object. Fails C.
2304,A metaheuristic approach to solve Dynamic Vehicle Routing Problem in continuous search space,2019,Swarm and Evolutionary Computation,10.1016/j.swevo.2019.03.008,other,general-transportation-network,,removed_filterB,False,,,,,,,,,snowball,27,backward,filter-B,"Generic dynamic vehicle routing metaheuristic, no disaster/restoration context. Pure OR method, fails B."
2305,Identification and Classification of Restoration Interdependencies in the Wake of Hurricane Sandy,2015,Journal of Infrastructure Systems,10.1061/(asce)is.1943-555x.0000262,empirical-recovery-analysis/prediction,interdependent-infrastructure-incl-transport,transport-and-lifeline-jointly,removed_filterB,False,,,,,,,,,snowball,27;913,backward,filter-B,Identifies/classifies restoration interdependencies conceptually; not a scheduling/routing/debris optimization. Fails B.
2306,Discrete event simulation of the post-earthquake restoration process for electric power systems,2007,International Journal of Risk Assessment and Management,10.1504/ijram.2007.015298,empirical-recovery-analysis/prediction,lifeline-only-power-water-gas-telecom,,removed_filterC,False,,,,,,,,,snowball,27,backward,filter-C,Post-earthquake restoration simulation for electric power only; lifeline-only. Fails A and C.
2307,A review on security challenges of wireless communications in disaster emergency response and crisis management situations,2018,Journal of Network and Computer Applications,10.1016/j.jnca.2018.11.010,other,other,,removed_filterC,False,,,,,,,,,snowball,27,backward,filter-C,Review of wireless communication security in disaster response; telecom/off-domain. Fails C.
2308,Performance-based methodology for assessing seismic vulnerability and capacity of buildings,2010,Earthquake Engineering and Engineering Vibration,10.1007/s11803-010-0002-8,vulnerability/risk/fragility-assessment,building/urban-area/community,,removed_filterB,False,,,,,,,,,snowball,27,backward,filter-B,Seismic vulnerability/capacity of buildings; pre-disaster assessment. Fails B and C.
2309,Probabilistic Multiple Hazard Resilience Model of an Interdependent Infrastructure System,2019,Risk Analysis,10.1111/risa.13305,resilience-quantification/assessment,interdependent-infrastructure-incl-transport,transport-and-lifeline-jointly,removed_filterB,False,,,,,,,,,snowball,27,backward,filter-B,"Resilience assessment model, not restoration scheduling/routing/debris. Fails B."
2310,Peak ground motions and characteristics of nonlinear site response during the 2018 Mw 6.6 Hokkaido eastern Iburi earthquake,2019,Earth Planets and Space,10.1186/s40623-019-1038-2,hazard/damage-modeling,other,,removed_titlescreen,False,,,,,,,,,snowball,27,backward,title-screen,Ground motion / site response seismology; completely off-domain. Fails all.
2311,Online single machine scheduling with setup times depending on the jobs sequence,2019,Computers & Industrial Engineering,10.1016/j.cie.2019.01.038,other,other,,removed_filterB,False,,,,,,,,,snowball,27,backward,filter-B,"Generic single-machine scheduling theory, no disaster/transport context. Fails B and C."
2312,A hybrid genetic algorithm for vehicle routing problems with dynamic requests,2017,,10.1109/ssci.2017.8285301,other,general-transportation-network,,removed_filterB,False,,,,,,,,,snowball,27,backward,filter-B,"Generic vehicle routing with dynamic requests; no disaster restoration context. Pure OR method, fails B."
2313,Operational resilience assessment of power systems under extreme weather and loading conditions,2015,,10.1109/pesgm.2015.7286087,resilience-quantification/assessment,lifeline-only-power-water-gas-telecom,,removed_filterC,False,,,,,,,,,snowball,27,backward,filter-C,Power system resilience/reliability under extreme weather; lifeline-only. Fails A and C.
2314,Tackling Power Outages in Japan: The Earthquake Compels a Swift Transformation of the Power Supply,2011,JOURNAL OF CHEMICAL ENGINEERING OF JAPAN,10.1252/jcej.11we094,other,lifeline-only-power-water-gas-telecom,,removed_filterC,False,,,,,,,,,snowball,27,backward,filter-C,"Power supply transformation after Japan earthquake; energy policy, lifeline-only. Fails A and C."
2315,Structural behavior of supported tubular bus structure in substations under seismic loading,2018,Engineering Structures,10.1016/j.engstruct.2018.07.077,vulnerability/risk/fragility-assessment,lifeline-only-power-water-gas-telecom,,removed_filterC,False,,,,,,,,,snowball,27,backward,filter-C,Seismic structural behavior of substation bus structure; power lifeline component. Fails B and C.
2316,Analytical Investigation of Bridge Seismic Vulnerability in Wenchuan Earthquake,2012,,,vulnerability/risk/fragility-assessment,bridge/bridge-network,,removed_filterB,False,,,,,,,,,snowball,27,backward,filter-B,"Bridge seismic vulnerability models from Wenchuan; assessment, not restoration scheduling. Fails B."
2317,Probabilistic demand and supply resilience model for electric power supply system under seismic hazard,2015,cIRcle (University of British Columbia),10.14288/1.0076148,resilience-quantification/assessment,lifeline-only-power-water-gas-telecom,,removed_filterC,False,,,,,,,,,snowball,27,backward,filter-C,Seismic resilience of electric power supply system; lifeline-only. Fails A and C.
2318,Using Group Role Assignment to Solve Dynamic Vehicle Routing Problem,2019,,10.1109/icnsc.2019.8743322,other,general-transportation-network,,removed_filterB,False,,,,,,,,,snowball,27,backward,filter-B,"Generic DVRP solved via group role assignment; no disaster restoration context. Pure OR, fails B."
2319,Developing Guidelines and Standards for Disaster Resilience of the Built Environment: A Research Needs Assessment,2013,,10.6028/nist.tn.1795,other,building/urban-area/community,,removed_filterB,False,,,,,,,,,snowball,27,backward,filter-B,Guidelines/standards research needs for built-environment resilience; not restoration optimization. Fails B and C.
2320,Identifying the influence of natural disasters on technological innovation,2021,Economic Analysis and Policy,10.1016/j.eap.2021.01.016,other,other,,removed_titlescreen,False,,,,,,,,,snowball,27,backward,title-screen,"Influence of disasters on technological innovation; economics, off-domain. Fails all."
2321,Energy cost and efficiency analysis of building resilience against power outage by shared parking station for electric vehicles and demand response program,2020,Energy,10.1016/j.energy.2020.119058,pre-disaster-mitigation/preparedness/planning,building/urban-area/community,,removed_filterA,False,,,,,,,,,snowball,27,backward,filter-A,"Building resilience against power outage via EV shared parking/demand response; pre-disaster energy planning, lifeline. Fails A and C."
2322,A review of emergency response in disasters: present and future perspectives,2020,Natural Hazards,10.1007/s11069-020-04297-x,other,other,,removed_filterB,False,,,,,,,,,snowball,27,backward,filter-B,"Review of emergency response in disasters; general review, not a transport restoration scheduling optimization. Fails B."
2323,A robust dynamic scheduling approach based on release time series forecasting for the steelmaking-continuous casting production,2020,Applied Soft Computing,10.1016/j.asoc.2020.106271,other,other,,removed_titlescreen,False,,,,,,,,,snowball,27,backward,title-screen,Steelmaking-continuous casting production scheduling; completely off-domain manufacturing.
2324,Seismic Resilience Assessment in Optimally Integrated Retrofitting of Existing School Buildings in Italy,2022,Buildings,10.3390/buildings12060845,network-design/retrofit/protection,building/urban-area/community,,removed_filterA,False,,,,,,,,,snowball,27,backward,filter-A,"Pre-disaster seismic retrofitting of school buildings; pre-disaster only and buildings. Fails A, B, C."
2325,Cascading failure-based reliability assessment for post-seismic performance of highway bridge network,2023,Reliability Engineering & System Safety,10.1016/j.ress.2023.109457,resilience-quantification/assessment,bridge/bridge-network,,removed_filterB,False,,,,,,,,,snowball,27,backward,filter-B,Reliability assessment of post-seismic highway bridge network; assessment not restoration scheduling. Fails B.
2326,Disaggregated validation of disaster-resilience indicators using household survey data: A case study of Hong Kong,2021,Sustainable Cities and Society,10.1016/j.scs.2021.102726,resilience-quantification/assessment,other,,removed_filterB,False,,,,,,,,,snowball,27,backward,filter-B,"Validation of disaster-resilience indicators via survey; assessment, not transport restoration. Fails B."
2327,An iterative re-optimization framework for the dynamic vehicle routing problem with roaming delivery locations,2019,Transportation Research Part B Methodological,10.1016/j.trb.2019.08.004,other,general-transportation-network,,removed_filterB,False,,,,,,,,,snowball,27,backward,filter-B,"Dynamic vehicle routing with roaming delivery locations; commercial VRP, not post-disaster restoration. Fails A/B."
2328,Modeling the interdependency between buildings and the electrical distribution system for seismic resilience assessment,2019,International Journal of Disaster Risk Reduction,10.1016/j.ijdrr.2019.101315,resilience-quantification/assessment,lifeline-only-power-water-gas-telecom,,removed_filterC,False,,,,,,,,,snowball,27,backward,filter-C,Buildings and electrical distribution seismic resilience; no transport. Fails B and C.
2329,Evaluating the Magnitude and Spatial Extent of Disruptions Across Interdependent National Infrastructure Networks,2020,ASCE-ASME Journal of Risk and Uncertainty in Engineering Systems Part B Mechanical Engineering,10.1115/1.4046327,resilience-quantification/assessment,interdependent-infrastructure-incl-transport,,removed_filterB,False,,,,,,,,,snowball,27,backward,filter-B,Evaluating disruption magnitude across interdependent networks; assessment not restoration scheduling. Fails B.
2330,Online routing and scheduling of search-and-rescue teams,2020,OR Spectrum,10.1007/s00291-020-00594-w,crew/resource-routing-dispatch,other,,removed_filterB,False,,,,,,,,,snowball,27,backward,filter-B,"Routing/scheduling of search-and-rescue teams; SAR relief operation, not road/transport asset restoration. Object is teams not transport network. Fails C (and arguably B)."
2331,The Alignment of Australia’s National Construction Code and the Sendai Framework for Disaster Risk Reduction in Achieving Resilient Buildings and Communities,2021,Buildings,10.3390/buildings11100429,pre-disaster-mitigation/preparedness/planning,building/urban-area/community,,removed_filterA,False,,,,,,,,,snowball,27,backward,filter-A,"Construction code alignment with Sendai Framework; pre-disaster building resilience. Fails A, B, C."
2332,An efficient multi-agent approach to order picking and robot scheduling in a robotic mobile fulfillment system,2023,Simulation Modelling Practice and Theory,10.1016/j.simpat.2023.102789,other,other,,removed_titlescreen,False,,,,,,,,,snowball,27,backward,title-screen,Order picking and robot scheduling in fulfillment system; off-domain warehouse logistics.
2333,"Scenario-Based Comprehensive Assessment for Community Resilience Adapted to Fire Following an Earthquake, Implementing the Analytic Network Process and Preference Ranking Organization Method for Enriched Evaluation II Techniques",2021,Buildings,10.3390/buildings11110523,resilience-quantification/assessment,building/urban-area/community,,removed_filterB,False,,,,,,,,,snowball,27,backward,filter-B,"Community resilience assessment for fire-following-earthquake; assessment and community. Fails B, C."
2334,A framework for identifying the appropriate quantitative indicators to objectively optimize the building energy consumption considering sustainability and resilience aspects,2021,Journal of Building Engineering,10.1016/j.jobe.2021.102974,other,building/urban-area/community,,removed_filterB,False,,,,,,,,,snowball,27,backward,filter-B,Building energy consumption optimization indicators; off-domain sustainability. Fails A/B/C.
2335,A decision support system for the dynamic hazardous materials vehicle routing problem,2020,Operational Research,10.1007/s12351-020-00562-w,post-disaster-relief-logistics/distribution,general-transportation-network,,removed_filterB,False,,,,,,,,,snowball,27,backward,filter-B,"Hazardous materials vehicle routing decision support; routine hazmat VRP, not post-disaster restoration. Fails B."
2336,Predicting and Improving the Waterlogging Resilience of Urban Communities in China—A Case Study of Nanjing,2022,Buildings,10.3390/buildings12070901,resilience-quantification/assessment,building/urban-area/community,,removed_filterB,False,,,,,,,,,snowball,27,backward,filter-B,"Predicting/improving waterlogging resilience of urban communities; assessment and community. Fails B, C."
2337,A Brief Method for Rapid Seismic Damage Prediction of Buildings Based on Structural Strength,2022,Buildings,10.3390/buildings12060783,hazard/damage-modeling,building/urban-area/community,,removed_filterB,False,,,,,,,,,snowball,27,backward,filter-B,"Rapid seismic damage prediction of buildings; damage modeling and buildings. Fails B, C."
2338,Recovery management for a dial-a-ride system with real-time disruptions,2019,European Journal of Operational Research,10.1016/j.ejor.2019.08.006,other,general-transportation-network,,removed_filterB,False,,,,,,,,,snowball,27,backward,filter-B,"Recovery management for dial-a-ride with real-time disruptions; transit service disruption recovery, not post-disaster network restoration. Fails B."
2339,The Influence of Vertical Arrangement and Masonry Material of Infill Walls on the Seismic Performance of RC Frames,2022,Buildings,10.3390/buildings12060825,vulnerability/risk/fragility-assessment,building/urban-area/community,,removed_filterA,False,,,,,,,,,snowball,27,backward,filter-A,"Infill wall arrangement effect on RC frame seismic performance; structural analysis of buildings. Fails A, B, C."
2340,Disaster risk management of interdependent infrastructure systems for community resilience planning,2019,IDEALS (University of Illinois Urbana-Champaign),,resilience-quantification/assessment,interdependent-infrastructure-incl-transport,,removed_filterB,False,,,,,,,,,snowball,27,backward,filter-B,"Modeling damage and recovery of interdependent infrastructure for community resilience planning; resilience assessment/simulation, not restoration scheduling optimization. Fails B."
2341,A probabilistic framework to evaluate seismic resilience of substations based on three-stage uncertainty,2024,Reliability Engineering & System Safety,10.1016/j.ress.2024.110219,resilience-quantification/assessment,lifeline-only-power-water-gas-telecom,,removed_filterC,False,,,,,,,,,snowball,27,forward,filter-C,Seismic resilience of substations; power lifeline only. Fails B and C.
2342,A framework for analyzing seismic resilience and chain-reaction economic losses in substations based on sample optimization strategies,2026,Reliability Engineering & System Safety,10.1016/j.ress.2026.112710,resilience-quantification/assessment,lifeline-only-power-water-gas-telecom,,removed_filterB,False,,,,,,,,,snowball,27,forward,filter-B,"Seismic resilience of substations; power lifeline only, assessment not scheduling."
2343,Energy Resilience: Definition and Assessment,2024,Power systems,10.1007/978-3-031-67754-0_1,resilience-quantification/assessment,lifeline-only-power-water-gas-telecom,,removed_filterB,False,,,,,,,,,snowball,27,forward,filter-B,Energy resilience definition/assessment; not transport restoration scheduling.
2344,A note on two problems in connexion with graphs,1959,Numerische Mathematik,10.1007/bf01386390,other,other,,removed_filterB,False,,,,,,,,,snowball,30,backward,filter-B,"Dijkstra shortest-path graph theory paper; pure method, off-topic."
2345,Reinforcement Learning: A Survey,1996,Journal of Artificial Intelligence Research,10.1613/jair.301,other,other,,removed_filterB,False,,,,,,,,,snowball,30,backward,filter-B,"Reinforcement learning survey; pure ML method, off-domain."
2346,The Distribution of a Product from Several Sources to Numerous Localities,1941,Journal of Mathematics and Physics,10.1002/sapm1941201224,other,other,,removed_filterB,False,,,,,,,,,snowball,30,backward,filter-B,"Hitchcock transportation problem (1941); pure OR method, off-topic."
2347,Review of recent developments in OR/MS research in disaster operations management,2013,European Journal of Operational Research,10.1016/j.ejor.2013.01.039,other,other,,removed_filterB,False,,,,,,,,,snowball,30,backward,filter-B,"OR/MS disaster operations review; general survey, not transport restoration scheduling."
2348,"Formulation and solution of a multi-commodity, multi-modal network flow model for disaster relief operations",1996,Transportation Research Part A Policy and Practice,10.1016/0965-8564(95)00020-8,post-disaster-relief-logistics/distribution,general-transportation-network,,removed_filterB,False,,,,,,,,,snowball,30,backward,filter-B,"Multi-commodity network flow for relief operations; logistics distribution, not restoration."
2349,Infrastructure failure interdependencies in extreme events: power outage consequences in the 1998 Ice Storm,2006,Natural Hazards,10.1007/s11069-006-9039-4,empirical-recovery-analysis/prediction,lifeline-only-power-water-gas-telecom,,removed_filterC,False,,,,,,,,,snowball,30,backward,filter-C,Ice storm power outage interdependency consequences; power lifeline empirical analysis.
2350,Integrating restoration and scheduling decisions for disrupted interdependent infrastructure systems,2011,Annals of Operations Research,10.1007/s10479-011-0959-3,restoration-scheduling/sequencing,interdependent-infrastructure-incl-transport,water-gas-telecom-lifeline,removed_filterC,False,,,,,,,,,snowball,30;99;913,backward,filter-C,"Restoration scheduling for interdependent infrastructure but restored objects are lifelines (power/water/telecom), transport not primary."
2351,Designing Multimodal Freight Transport Networks: A Heuristic Approach and Applications,2009,Transportation Science,10.1287/trsc.1080.0250,network-design/retrofit/protection,general-transportation-network,,removed_filterA,False,,,,,,,,,snowball,30,backward,filter-A,"Multimodal freight network design; pre-disaster design, no post-disaster restoration."
2352,Robustness assessment of multimodal freight transport networks,2020,Reliability Engineering & System Safety,10.1016/j.ress.2020.107315,resilience-quantification/assessment,general-transportation-network,,removed_filterB,False,,,,,,,,,snowball,30;68,backward,filter-B,Robustness assessment of freight networks; assessment not restoration scheduling.
2353,A branch-and-Benders-cut algorithm for the Crew Scheduling and Routing Problem in road restoration,2018,European Journal of Operational Research,10.1016/j.ejor.2018.11.004,crew/resource-routing-dispatch,road/highway-network,road/highway-network,kept,True,False,travel-time/accessibility,shortest-path/AON,exact/MILP/math-programming; decomposition/Benders/Lagrangian; heuristic/metaheuristic/GA,a-priori/static-schedule,static-demand,deterministic,ok,snowball,30,backward,kept-curated,"EJOR 2019 (Moreno, Munari, Alem), full text read. Crew Scheduling and Routing Problem (CSRP) in road restoration: a single crew schedules the sequence of damaged road nodes to repair and is routed through the network; objective minimizes time affected/demand areas remain inaccessible (accessibility "
2354,Port adaptation to climate change and capacity investments under uncertainty,2021,Transportation Research Part B Methodological,10.1016/j.trb.2021.08.009,pre-disaster-mitigation/preparedness/planning,port/airport/maritime/waterway,,removed_filterA,False,,,,,,,,,snowball,30,backward,filter-A,"Port climate adaptation capacity investment; pre-disaster, port object."
2355,Dynamic formulation for humanitarian response operations incorporating multiple organisations,2018,International Journal of Production Economics,10.1016/j.ijpe.2018.07.023,post-disaster-relief-logistics/distribution,general-transportation-network,,removed_filterB,False,,,,,,,,,snowball,30,backward,filter-B,"Humanitarian response operations formulation; relief logistics, not restoration."
2356,Freight transport network design using particle swarm optimisation in supply chain–transport supernetwork equilibrium,2015,Transportation Research Part E Logistics and Transportation Review,10.1016/j.tre.2015.01.001,network-design/retrofit/protection,supply-chain/facility,,removed_filterA,False,,,,,,,,,snowball,30,backward,filter-A,Freight network design via PSO in supply chain equilibrium; pre-disaster design.
2357,The heterogeneous multicrew scheduling and routing problem in road restoration,2020,Transportation Research Part B Methodological,10.1016/j.trb.2020.09.002,restoration-scheduling/sequencing,road/highway-network,road/highway-network,kept,True,False,travel-time/accessibility,shortest-path/AON,exact/MILP/math-programming; heuristic/metaheuristic/GA,a-priori/static-schedule,static-demand,deterministic,ok,snowball,30;893;1108,backward,kept-curated,"Moreno et al., Transportation Research Part B 141 (2020) 24-58, ""The heterogeneous multicrew scheduling and routing problem in road restoration."" Determines schedule and routes of heterogeneous crews to repair damaged nodes so demand nodes reconnect to a source depot; objective minimizes accessibili"
2358,Seaport investments in capacity and natural disaster prevention,2020,Transportation Research Part D Transport and Environment,10.1016/j.trd.2020.102367,pre-disaster-mitigation/preparedness/planning,port/airport/maritime/waterway,,removed_filterA,False,,,,,,,,,snowball,30,backward,filter-A,"Seaport capacity/disaster prevention investment; pre-disaster, port object."
2359,Decomposition-based algorithms for the crew scheduling and routing problem in road restoration,2020,Computers & Operations Research,10.1016/j.cor.2020.104935,restoration-scheduling/sequencing,road/highway-network,road/highway-network,kept,True,False,connectivity/reachability,shortest-path/AON,exact/MILP/math-programming; decomposition/Benders/Lagrangian; heuristic/metaheuristic/GA,a-priori/static-schedule,static-demand,deterministic,ok,snowball,30,backward,kept-curated,"Full text (Computers & Operations Research 119, 2020). CSRP: single crew repairs damaged nodes in a transportation network (roads, bridges, tunnels) to restore accessibility of demand nodes from a depot. Passes A (post-disaster transport restoration), B (restoration-scheduling + crew routing), C (ro"
2360,Future directions in disaster governance: Insights from the 2018 Central Sulawesi Earthquake and Tsunami response,2021,International Journal of Disaster Risk Reduction,10.1016/j.ijdrr.2021.102180,other,other,,removed_filterB,False,,,,,,,,,snowball,30,backward,filter-B,"Disaster governance insights; qualitative governance, not transport restoration optimization."
2361,Critical Airport Infrastructure Disaster Resilience: A Framework and Simulation Model for Rapid Adaptation,2020,Journal of Management in Engineering,10.1061/(asce)me.1943-5479.0000798,resilience-quantification/assessment,port/airport/maritime/waterway,,removed_filterC,False,,,,,,,,,snowball,30,backward,filter-C,"Airport infrastructure resilience framework/simulation; airport object, assessment."
2362,A study on shelter airport selection during large-scale volcanic disasters using CARATS open dataset,2021,Transportation Research Part C Emerging Technologies,10.1016/j.trc.2021.103263,pre-disaster-mitigation/preparedness/planning,port/airport/maritime/waterway,,removed_filterC,False,,,,,,,,,snowball,30,backward,filter-C,"Shelter airport selection for volcanic disasters; airport object and pre-disaster planning, fails A and C."
2363,Post disaster adaptation management in airport: A coordination of runway and hangar resources for relief cargo transports,2021,Advanced Engineering Informatics,10.1016/j.aei.2021.101403,post-disaster-relief-logistics/distribution,port/airport/maritime/waterway,,removed_filterC,False,,,,,,,,,snowball,30,backward,filter-C,"Airport runway/hangar resource coordination for relief cargo; airport object, fails C."
2364,Algorithms for restoring disaster-struck seaport operations considering interdependencies between infrastructure availability and repair team assignments,2022,Computers & Industrial Engineering,10.1016/j.cie.2022.108894,restoration-scheduling/sequencing,port/airport/maritime/waterway,,removed_filterC,False,,,,,,,,,snowball,30,backward,filter-C,Seaport operation restoration; port object fails filter C despite restoration problem type.
2365,A Comparative Study on Swarm-based Algorithms to Solve the Stochastic Optimization Problem in Container Terminal Design,2020,International Journal of Technology,10.14716/ijtech.v11i2.2090,other,port/airport/maritime/waterway,,removed_filterB,False,,,,,,,,,snowball,30,backward,filter-B,"Container terminal design optimization, no disaster; fails A, B and C."
2366,Isolation vulnerability analysis in road network: Edge connectivity and critical link sets,2023,Transportation Research Part D Transport and Environment,10.1016/j.trd.2023.103768,vulnerability/risk/fragility-assessment,road/highway-network,,removed_filterB,False,,,,,,,,,snowball,30,forward,filter-B,Isolation vulnerability analysis of road network; vulnerability assessment fails B.
2367,Interdependency in transportation system resilience: Review and discussion,2025,Transportation Research Part D Transport and Environment,10.1016/j.trd.2025.104618,resilience-quantification/assessment,interdependent-infrastructure-incl-transport,transport-and-lifeline-jointly,removed_filterB,False,,,,,,,,,snowball,30,forward,filter-B,Review on interdependency resilience of transport; review/assessment fails B.
2368,Q-Learning-Based Resilience Assessment of Weakly Coupled Cyber-Physical Power Systems,2024,IEEE Transactions on Reliability,10.1109/tr.2024.3479701,resilience-quantification/assessment,lifeline-only-power-water-gas-telecom,,removed_filterC,False,,,,,,,,,snowball,30,forward,filter-C,"Cyber-physical power system resilience; power only, fails A, B and C."
2369,Hierarchical Multimodal Hub Location Problem with Carbon Emissions,2023,Sustainability,10.3390/su15031945,network-design/retrofit/protection,general-transportation-network,,removed_filterB,False,,,,,,,,,snowball,30,forward,filter-B,"Multimodal hub location with carbon emissions; network design, no disaster; fails A and B."
2370,Assessing travel time performance of multimodal transportation systems using fuzzy-analytic hierarchy process: A case study of Bhopal City,2024,Heliyon,10.1016/j.heliyon.2024.e36844,other,general-transportation-network,,removed_filterB,False,,,,,,,,,snowball,30,forward,filter-B,"Travel time performance assessment; no disaster, fails A and B."
2371,A Low-Carbon Scheduling Method for Container Intermodal Transport Using an Improved Grey Wolf–Harris Hawks Hybrid Algorithm,2025,Applied Sciences,10.3390/app15094698,other,general-transportation-network,,removed_filterB,False,,,,,,,,,snowball,30,forward,filter-B,"Container intermodal low-carbon scheduling; logistics optimization no disaster, fails B."
2372,Optimizing Road–Rail Multimodal Transport Schedule for Emergency Response with Congestion and Transshipment Sequence Selection,2024,Applied Sciences,10.3390/app14198793,post-disaster-relief-logistics/distribution,general-transportation-network,,removed_filterB,False,,,,,,,,,snowball,30,forward,filter-B,"Emergency multimodal transport route/transshipment scheduling; relief logistics not restoration, fails B."
2373,Multimodal Transport Optimization from Doorstep to Airport Using Mixed-Integer Linear Programming and Dynamic Programming,2025,Sustainability,10.3390/su17177937,other,general-transportation-network,,removed_filterB,False,,,,,,,,,snowball,30,forward,filter-B,"Doorstep-to-airport multimodal routing; no disaster, fails A and B."
2374,Multi-Attribute Collaborative Optimization for Multimodal Transportation Based on User Preferences,2025,Applied Sciences,10.3390/app15105512,other,general-transportation-network,,removed_filterB,False,,,,,,,,,snowball,30,forward,filter-B,"Multimodal transport multi-attribute optimization by user preference; no disaster, fails B."
2375,Dual-Network Optimization for Cold Chain Logistics: Balancing Network Investment and Operation Cost,2025,Transportation Research Record Journal of the Transportation Research Board,10.1177/03611981251368807,network-design/retrofit/protection,supply-chain/facility,,removed_filterB,False,,,,,,,,,snowball,30,forward,filter-B,"Cold chain logistics network design; no disaster, fails B and C."
2376,Robust multimodal hub network design for hazmat considering a detour strategy,2023,Journal of Loss Prevention in the Process Industries,10.1016/j.jlp.2023.105137,network-design/retrofit/protection,general-transportation-network,,removed_filterB,False,,,,,,,,,snowball,30,forward,filter-B,"Hazmat multimodal hub network design; network design no disaster, fails B."
2377,Evaluating stakeholder structure and private actor involvement on the distribution of relief goods considering a partly centralised decision,2023,International Journal of Management Science and Engineering Management,10.1080/17509653.2023.2183279,post-disaster-relief-logistics/distribution,supply-chain/facility,,removed_filterB,False,,,,,,,,,snowball,30,forward,filter-B,"Relief goods distribution stakeholder evaluation; relief logistics, fails B and C."
2378,A Passenger Transport Network Construction Method Based on Geographical Location,2023,SSRN Electronic Journal,10.2139/ssrn.4497095,network-design/retrofit/protection,general-transportation-network,,removed_filterB,False,,,,,,,,,snowball,30,forward,filter-B,"Passenger transport network construction by geographic location; network design no disaster, fails B."
2379,Integrated travel path guidance for metro-bikeshare users considering system operational budget costs using smart card data,2024,Travel Behaviour and Society,10.1016/j.tbs.2024.100874,other,general-transportation-network,,removed_filterB,False,,,,,,,,,snowball,30,forward,filter-B,"Metro-bikeshare travel path guidance; no disaster, fails B."
2380,Study on Multimodal Transport Research Trend based on Knowledge Graph Evisceration,2024,,10.1145/3687311.3687352,other,general-transportation-network,,removed_filterB,False,,,,,,,,,snowball,30,forward,filter-B,Bibliometric knowledge graph of multimodal transport research; fails B.
2381,Restoring structural controllability of interdependent multi-layered heterogenous cyber-physical-social networks via optimal network reconfiguration,2025,Sustainable Energy Grids and Networks,10.1016/j.segan.2025.101954,other,lifeline-only-power-water-gas-telecom,,removed_filterC,False,,,,,,,,,snowball,30,forward,filter-C,"Restoring structural controllability of cyber-physical-social networks; no transport, fails C."
2382,The Impact of Digitization Transport Documents on the Competitiveness of Road Freight Transport Companies,2026,Logistics,10.3390/logistics10010020,other,general-transportation-network,,removed_filterB,False,,,,,,,,,snowball,30,forward,filter-B,Digitization of transport documents / freight competitiveness; no post-disaster restoration.
2383,Optimal dispatch of emergency materials for major maritime accidents based on sea–road multimodal transport,2026,Journal of Transportation Safety & Security,10.1080/19439962.2026.2630215,post-disaster-relief-logistics/distribution,general-transportation-network,,removed_filterB,False,,,,,,,,,snowball,30,forward,filter-B,"Emergency material dispatch/multimodal logistics, not network restoration scheduling/routing/debris."
2384,A Greedy Strategy-based Method for Enhancing Multidimensional Seismic Resilience of Highway Bridge Networks,2026,Report,10.2749/copenhagen.2026.0166,resilience-quantification/assessment,bridge/bridge-network,,removed_filterB,False,,,,,,,,,snowball,30,forward,filter-B,"Greedy method to enhance seismic resilience of bridge network; resilience assessment, not restoration scheduling."
2385,GPU-enabled evolutionary dynamic programming for rapid route and rescue planning for first responders,2026,Journal of Traffic and Transportation Engineering (English Edition),10.1016/j.jtte.2025.05.004,crew/resource-routing-dispatch,general-transportation-network,,removed_filterB,False,,,,,,,,,snowball,30,forward,filter-B,"First-responder route planning is rescue/response routing, not restoration crew dispatch or debris clearance."
2386,Ground-motion relations for eastern North America,1995,Bulletin of the Seismological Society of America,10.1785/bssa0850010017,hazard/damage-modeling,other,,removed_filterA,False,,,,,,,,,snowball,49,backward,filter-A,Ground-motion attenuation relations; pure seismology hazard modeling.
2387,Importance and exposure in road network vulnerability analysis,2006,Transportation Research Part A Policy and Practice,10.1016/j.tra.2005.11.003,vulnerability/risk/fragility-assessment,road/highway-network,,removed_filterB,False,,,,,,,,,snowball,49,backward,filter-B,Road network vulnerability/importance analysis; not restoration.
2388,Analytical Seismic Fragility Curves for Typical Bridges in the Central and Southeastern United States,2007,Earthquake Spectra,10.1193/1.2756815,vulnerability/risk/fragility-assessment,bridge/bridge-network,,removed_filterB,False,,,,,,,,,snowball,49,backward,filter-B,Seismic fragility curves for bridges; fragility assessment.
2389,Near-source attenuation of peak horizontal acceleration,1981,Bulletin of the Seismological Society of America,10.1785/bssa0710062039,hazard/damage-modeling,other,,removed_filterA,False,,,,,,,,,snowball,49,backward,filter-A,Near-source peak acceleration attenuation; seismology hazard modeling.
2390,A preliminary report on the Great Wenchuan Earthquake,2008,Earthquake Engineering and Engineering Vibration,10.1007/s11803-008-0856-1,other,other,,removed_filterB,False,,,,,,,,,snowball,49,backward,filter-B,Preliminary earthquake report; not a transport restoration optimization.
2391,Lessons from the Haiti earthquake,2010,Nature,10.1038/463878a,other,other,,removed_filterB,False,,,,,,,,,snowball,49,backward,filter-B,"Lessons from Haiti earthquake; general disaster report, not restoration scheduling."
2392,Bridge Functionality Relationships for Improved Seismic Risk Assessment of Transportation Networks,2007,Earthquake Spectra,10.1193/1.2431209,vulnerability/risk/fragility-assessment,bridge/bridge-network,,removed_filterB,False,,,,,,,,,snowball,49,backward,filter-B,Bridge functionality relationships for seismic risk assessment.
2393,The role of transportation infrastructure on the impact of natural hazards on communities,2021,Reliability Engineering & System Safety,10.1016/j.ress.2021.108184,empirical-recovery-analysis/prediction,general-transportation-network,,removed_filterB,False,,,,,,,,,snowball,49,backward,filter-B,"Role of transport infrastructure on hazard impact to communities; impact analysis, not restoration scheduling."
2394,Dynamics of Network Connectivity in Urban Vehicular Networks,2011,IEEE Journal on Selected Areas in Communications,10.1109/jsac.2011.110303,other,other,,removed_filterB,False,,,,,,,,,snowball,49,backward,filter-B,"VANET connectivity dynamics; communications networking, off-topic."
2395,Seismic Risk Assessment of Transportation Network Systems,2007,Journal of Earthquake Engineering,10.1080/13632460701285277,vulnerability/risk/fragility-assessment,general-transportation-network,,removed_filterB,False,,,,,,,,,snowball,49,backward,filter-B,Seismic risk assessment of transportation network systems.
2396,Work Zone Safety Analysis and Modeling: A State-of-the-Art Review,2014,Traffic Injury Prevention,10.1080/15389588.2014.948615,other,general-transportation-network,,removed_filterB,False,,,,,,,,,snowball,49,backward,filter-B,Work zone safety review; not disaster restoration.
2397,Turkey–Syria earthquake: what scientists know,2023,Nature,10.1038/d41586-023-00364-y,other,other,,removed_filterB,False,,,,,,,,,snowball,49,backward,filter-B,News piece on Turkey-Syria earthquake; not restoration optimization.
2398,Post-earthquake modelling of transportation networks using an agent-based model,2020,Structure and Infrastructure Engineering,10.1080/15732479.2020.1713170,resilience-quantification/assessment,general-transportation-network,,removed_filterB,False,,,,,,,,,snowball,49,backward,filter-B,"Post-earthquake agent-based traffic modeling; disruption modeling, not restoration scheduling."
2399,Resilience of Regional Transportation Networks Subjected to Hazard-Induced Bridge Damages,2018,Journal of Transportation Engineering Part A Systems,10.1061/jtepbs.0000186,resilience-quantification/assessment,bridge/bridge-network,,removed_filterB,False,,,,,,,,,snowball,49,backward,filter-B,Network resilience under hazard-induced bridge damage; resilience assessment.
2400,Resilience modeling and pre-hazard mitigation planning of transportation network to support post-earthquake emergency medical response,2022,Reliability Engineering & System Safety,10.1016/j.ress.2022.108918,pre-disaster-mitigation/preparedness/planning,general-transportation-network,,removed_filterA,False,,,,,,,,,snowball,49,backward,filter-A,Pre-hazard mitigation planning of transport network; pre-disaster focus.
2401,Quantitative modeling of residential building disaster recovery and effects of pre- and post-event policies,2021,International Journal of Disaster Risk Reduction,10.1016/j.ijdrr.2021.102259,empirical-recovery-analysis/prediction,building/urban-area/community,,removed_filterC,False,,,,,,,,,snowball,49,backward,filter-C,"Residential building disaster recovery modeling; building object, not transport."
2402,"Earthquakes, Existing Buildings and Seismic Design Codes in Turkey",2012,Arabian Journal for Science and Engineering,10.1007/s13369-012-0183-8,pre-disaster-mitigation/preparedness/planning,building/urban-area/community,,removed_filterA,False,,,,,,,,,snowball,49,backward,filter-A,"Seismic design codes for buildings; pre-disaster, off-domain buildings."
2403,Effect of Residential Building Wind Retrofits on Social and Economic Community-Level Resilience Metrics,2021,Journal of Infrastructure Systems,10.1061/(asce)is.1943-555x.0000642,resilience-quantification/assessment,building/urban-area/community,,removed_filterA,False,,,,,,,,,snowball,49,backward,filter-A,Pre-disaster wind retrofits of residential buildings; not transport restoration.
2404,Post-earthquake reconstruction as an opportunity for a sustainable reorganisation of transport and urban structure,2019,Cities,10.1016/j.cities.2019.102447,pre-disaster-mitigation/preparedness/planning,building/urban-area/community,,removed_filterB,False,,,,,,,,,snowball,49,backward,filter-B,"Reconstruction/urban reorganization planning, not restoration scheduling optimization."
2405,Distribution and Characteristics of Crashes at Different Work Zone Locations in Virginia,2002,Transportation Research Record Journal of the Transportation Research Board,10.3141/1794-03,other,other,,removed_filterB,False,,,,,,,,,snowball,49,backward,filter-B,"Work zone crash analysis; traffic safety, off-topic."
2406,HIGHWAY ACCIDENTS IN CONSTRUCTION AND MAINTENANCE WORK ZONES,1990,Transportation Research Record Journal of the Transportation Research Board,,other,other,,removed_filterB,False,,,,,,,,,snowball,49,backward,filter-B,"Construction work zone accidents; traffic safety, off-topic."
2407,Analysis of driver casualty risk for different work zone types,2011,Accident Analysis & Prevention,10.1016/j.aap.2011.04.016,other,other,,removed_filterB,False,,,,,,,,,snowball,49,backward,filter-B,"Work zone driver casualty risk; traffic safety, off-topic."
2408,Connecting Networkwide Travel Time Reliability and the Network Fundamental Diagram of Traffic Flow,2013,Transportation Research Record Journal of the Transportation Research Board,10.3141/2391-08,other,general-transportation-network,,removed_filterB,False,,,,,,,,,snowball,49,backward,filter-B,Traffic flow theory / network fundamental diagram; not disaster restoration.
2409,Real time traffic flow outlier detection using short-term traffic conditional variance prediction,2014,Transportation Research Part C Emerging Technologies,10.1016/j.trc.2014.07.005,other,general-transportation-network,,removed_filterB,False,,,,,,,,,snowball,49,backward,filter-B,"Traffic flow outlier detection; pure ML/traffic, off-topic."
2410,Stochastic post-disaster functionality recovery of community building portfolios II: Application,2017,Structural Safety,10.1016/j.strusafe.2017.05.004,empirical-recovery-analysis/prediction,building/urban-area/community,,removed_filterC,False,,,,,,,,,snowball,49,backward,filter-C,Building portfolio functionality recovery; buildings not transport.
2411,Effects of stationary work zones on motorway crashes,2016,Safety Science,10.1016/j.ssci.2016.10.008,other,other,,removed_filterB,False,,,,,,,,,snowball,49,backward,filter-B,"Work zone motorway crashes; traffic safety, off-topic."
2412,"Resilience modeling of traffic network in post-earthquake emergency medical response considering interactions between infrastructures, people, and hazard",2018,Sustainable and Resilient Infrastructure,10.1080/23789689.2018.1518026,resilience-quantification/assessment,interdependent-infrastructure-incl-transport,transport-and-lifeline-jointly,removed_filterB,False,,,,,,,,,snowball,49,backward,filter-B,Resilience modeling/quantification of post-earthquake traffic network for EMS; assessment not scheduling.
2413,An Improved Cellular Automaton Model for Work Zone Traffic Simulation Considering Realistic Driving Behavior,2019,Journal of the Physical Society of Japan,10.7566/jpsj.88.084001,other,general-transportation-network,,removed_filterB,False,,,,,,,,,snowball,49,backward,filter-B,Work zone traffic microsimulation; off-topic.
2414,Quantifying the effect of improved school and residential building codes for tornadoes in community resilience,2022,Resilient Cities and Structures,10.1016/j.rcns.2022.04.001,pre-disaster-mitigation/preparedness/planning,building/urban-area/community,,removed_filterA,False,,,,,,,,,snowball,49,backward,filter-A,Building codes for tornado resilience; pre-disaster buildings.
2415,Study on the Road Network Connectivity Reliability of Valley City Based on Complex Network,2012,Mathematical Problems in Engineering,10.1155/2012/430785,vulnerability/risk/fragility-assessment,road/highway-network,,removed_filterB,False,,,,,,,,,snowball,49,backward,filter-B,Road network connectivity reliability via complex network; assessment not restoration.
2416,Effects of Interstate Speed Limits on Driving Speeds: Some New Evidence,2007,Transportation Research Board 86th Annual MeetingTransportation Research Board,,other,general-transportation-network,,removed_filterB,False,,,,,,,,,snowball,49,backward,filter-B,Speed limit effects on driving speeds; off-topic.
2417,Optimizing risk mitigation investment strategies for improving post-earthquake road network resilience,2020,International Journal of Transportation Science and Technology,10.1016/j.ijtst.2020.01.005,pre-disaster-mitigation/preparedness/planning,road/highway-network,,removed_filterA,False,,,,,,,,,snowball,49;763,backward,filter-A,Optimizing pre-disaster risk mitigation investment for road resilience; pre-disaster mitigation.
2418,State-dependent fragility curves using real and artificial earthquake sequences,2019,Asian Journal of Civil Engineering,10.1007/s42107-019-00132-2,vulnerability/risk/fragility-assessment,other,,removed_filterB,False,,,,,,,,,snowball,49,backward,filter-B,State-dependent fragility curves; hazard/fragility assessment.
2419,Practical Road-Resistance Functions for Expressway Work Zones in Occupied Lane Conditions,2019,Sustainability,10.3390/su11020382,other,general-transportation-network,,removed_filterB,False,,,,,,,,,snowball,49,backward,filter-B,"Road-resistance functions for expressway work zones; traffic operations, off-topic."
2420,Resilience in multilayer transportation infrastructure networks: a review and conceptual framework for equity-based assessment,2024,Sustainable and Resilient Infrastructure,10.1080/23789689.2024.2344909,resilience-quantification/assessment,general-transportation-network,,removed_filterB,False,,,,,,,,,snowball,49,forward,filter-B,Review of transportation resilience assessment/equity; assessment not restoration scheduling.
2421,Integrating Building- and Site-Specific and Generic Fragility Curves into Seismic Risk Assessment: A PRISMA-Based Analysis of Methodologies and Applications,2024,CivilEng,10.3390/civileng5040050,vulnerability/risk/fragility-assessment,building/urban-area/community,,removed_filterC,False,,,,,,,,,snowball,49,forward,filter-C,Seismic fragility curves for buildings; risk assessment of structures.
2422,Digital transformation and agricultural transportation synergy resilience: path and spatial effects,2025,Frontiers in Sustainable Food Systems,10.3389/fsufs.2025.1564443,resilience-quantification/assessment,general-transportation-network,,removed_filterB,False,,,,,,,,,snowball,49,forward,filter-B,Digital economy and agricultural transport resilience; not post-disaster restoration scheduling.
2423,"The Evaluation and Comparison of Resilience for Shelters in Old and New Urban Districts: A Case Study in Kunming City, China",2024,Sustainability,10.3390/su16073022,resilience-quantification/assessment,building/urban-area/community,,removed_filterC,False,,,,,,,,,snowball,49,forward,filter-C,"Shelter resilience assessment in urban districts; not transport, not restoration scheduling."
2424,Assessment of post-seismic resilience of large roadway transportation networks,2025,Reliability Engineering & System Safety,10.1016/j.ress.2025.111868,resilience-quantification/assessment,road/highway-network,,removed_filterB,False,,,,,,,,,snowball,49,forward,filter-B,Post-seismic resilience assessment of roadway networks; assessment not restoration scheduling.
2425,Perceived Benefits of the Completion of Roma Point Bridge to the Selected Residents of Alabat Island,2025,Psychology and Education A Multidisciplinary Journal,10.70838/pemj.440402,other,bridge/bridge-network,,removed_filterB,False,,,,,,,,,snowball,49,forward,filter-B,Perceived social benefits of a completed bridge; not disaster restoration optimization.
2426,Shortest Connection Networks And Some Generalizations,1957,Bell System Technical Journal,10.1002/j.1538-7305.1957.tb01515.x,other,other,,removed_filterB,False,,,,,,,,,snowball,68,backward,filter-B,"Prim's minimum spanning tree algorithm; pure OR method, no disaster restoration."
2427,Satellite imaging reveals increased proportion of population exposed to floods,2021,Nature,10.1038/s41586-021-03695-w,hazard/damage-modeling,other,,removed_filterB,False,,,,,,,,,snowball,68,backward,filter-B,"Flood population exposure via satellite imaging; hazard/exposure, not transport restoration."
2428,A global map of travel time to cities to assess inequalities in accessibility in 2015,2018,Nature,10.1038/nature25181,other,general-transportation-network,,removed_filterB,False,,,,,,,,,snowball,68,backward,filter-B,Global travel-time accessibility map; not post-disaster restoration.
2429,Universal resilience patterns in complex networks,2016,Nature,10.1038/nature16948,resilience-quantification/assessment,other,,removed_filterC,False,,,,,,,,,snowball,68,backward,filter-C,General complex-network resilience theory; not transport restoration.
2430,The Traffic Assignment Problem: Models and Methods,1994,Medical Entomology and Zoology,,other,general-transportation-network,,removed_filterB,False,,,,,,,,,snowball,68,backward,filter-B,"Traffic assignment models/methods textbook; traffic theory, not disaster restoration."
2431,The impact of flooding on road transport: A depth-disruption function,2017,Transportation Research Part D Transport and Environment,10.1016/j.trd.2017.06.020,hazard/damage-modeling,road/highway-network,,removed_filterB,False,,,,,,,,,snowball,68,backward,filter-B,"Flood depth-disruption function for roads; hazard/impact modeling, not restoration scheduling."
2432,A global multi-hazard risk analysis of road and railway infrastructure assets,2019,Nature Communications,10.1038/s41467-019-10442-3,vulnerability/risk/fragility-assessment,road/highway-network,,removed_filterB,False,,,,,,,,,snowball,68,backward,filter-B,"Global multi-hazard risk/exposure of road+rail; risk assessment, not restoration."
2433,"Performance of transportation network under perturbations: Reliability, vulnerability, and resilience",2019,Transportation Research Part E Logistics and Transportation Review,10.1016/j.tre.2019.11.003,resilience-quantification/assessment,general-transportation-network,,removed_filterB,False,,,,,,,,,snowball,68,backward,filter-B,Reliability/vulnerability/resilience of transport under perturbations; assessment.
2434,Transportation resilience to climate change and extreme weather events – Beyond risk and robustness,2018,Transport Policy,10.1016/j.tranpol.2018.11.003,resilience-quantification/assessment,general-transportation-network,,removed_filterB,False,,,,,,,,,snowball,68,backward,filter-B,"Transport resilience to climate change; conceptual assessment, not restoration scheduling."
2435,"Urban Transportation Networks Resilience: Indicators, Disturbances, and Assessment Methods",2021,Sustainable Cities and Society,10.1016/j.scs.2021.103452,resilience-quantification/assessment,general-transportation-network,,removed_filterB,False,,,,,,,,,snowball,68;1100;1101,both,filter-B,Review of transport resilience indicators/assessment methods; not restoration scheduling.
2436,Assessing the welfare impacts of Shared Mobility and Mobility as a Service (MaaS),2019,Transportation Research Part A Policy and Practice,10.1016/j.tra.2019.09.027,other,general-transportation-network,,removed_filterB,False,,,,,,,,,snowball,68,backward,filter-B,Welfare impacts of shared mobility/MaaS; not disaster restoration.
2437,Resilience assessment for interdependent urban infrastructure systems using dynamic network flow models,2019,Reliability Engineering & System Safety,10.1016/j.ress.2019.03.007,resilience-quantification/assessment,lifeline-only-power-water-gas-telecom,,removed_filterC,False,,,,,,,,,snowball,68;1100,backward,filter-C,Interdependent urban infrastructure resilience assessment; assessment and no clear transport restoration focus.
2438,Public transport accessibility in metropolitan areas: A new approach incorporating population density,2016,Journal of Transport Geography,10.1016/j.jtrangeo.2016.06.019,other,railway/transit,,removed_filterB,False,,,,,,,,,snowball,68,backward,filter-B,"Public transport accessibility with population density; planning, not restoration."
2439,A review of public transport economics,2021,Economics of Transportation,10.1016/j.ecotra.2021.100196,other,railway/transit,,removed_filterB,False,,,,,,,,,snowball,68,backward,filter-B,Review of public transport economics; not disaster restoration.
2440,Synthetic population and travel demand for Paris and Île-de-France based on open and publicly available data,2021,Transportation Research Part C Emerging Technologies,10.1016/j.trc.2021.103291,other,general-transportation-network,,removed_filterB,False,,,,,,,,,snowball,68,backward,filter-B,Synthetic population/travel demand for simulations; not restoration.
2441,Scale-free resilience of real traffic jams,2019,Proceedings of the National Academy of Sciences,10.1073/pnas.1814982116,resilience-quantification/assessment,general-transportation-network,,removed_filterB,False,,,,,,,,,snowball,68,backward,filter-B,"Scale-free resilience of traffic jams; empirical resilience analysis, not restoration scheduling."
2442,"Toward data-driven, dynamical complex systems approaches to disaster resilience",2022,Proceedings of the National Academy of Sciences,10.1073/pnas.2111997119,resilience-quantification/assessment,other,,removed_filterB,False,,,,,,,,,snowball,68,backward,filter-B,"Data-driven resilience assessment framework for urban systems, not restoration scheduling."
2443,Increasing the resilience of air traffic networks using a network graph theory approach,2015,Transportation Research Part E Logistics and Transportation Review,10.1016/j.tre.2015.09.011,resilience-quantification/assessment,port/airport/maritime/waterway,,removed_filterC,False,,,,,,,,,snowball,68,backward,filter-C,Air traffic network resilience via graph theory; aviation object and assessment not restoration.
2444,When floods hit the road: Resilience to flood-related traffic disruption in the San Francisco Bay Area and beyond,2020,Science Advances,10.1126/sciadv.aba2423,resilience-quantification/assessment,road/highway-network,,removed_filterB,False,,,,,,,,,snowball,68,backward,filter-B,"Flood-related traffic disruption resilience analysis, not restoration scheduling."
2445,Measuring the performance of airport resilience to severe weather events,2020,Transportation Research Part D Transport and Environment,10.1016/j.trd.2020.102362,resilience-quantification/assessment,port/airport/maritime/waterway,,removed_filterC,False,,,,,,,,,snowball,68,backward,filter-C,Airport resilience to severe weather; airport object and assessment.
2446,Recovery of infrastructure networks after localised attacks,2016,Scientific Reports,10.1038/srep24522,restoration-scheduling/sequencing,other,,removed_filterC,False,,,,,,,,,snowball,68,backward,filter-C,"Abstract generic infrastructure/complex network recovery after attacks, not transport-specific."
2447,Exploring cascading reliability of multi-modal public transit network based on complex networks,2022,Reliability Engineering & System Safety,10.1016/j.ress.2022.108367,vulnerability/risk/fragility-assessment,railway/transit,,removed_filterB,False,,,,,,,,,snowball,68,backward,filter-B,Cascading reliability/failure of multimodal transit; assessment not restoration.
2448,Sequential Restorations of Complex Networks After Cascading Failures,2018,IEEE Transactions on Systems Man and Cybernetics Systems,10.1109/tsmc.2018.2874822,restoration-scheduling/sequencing,other,,removed_filterC,False,,,,,,,,,snowball,68,backward,filter-C,Abstract complex-network restoration after cascading failures; not transport object.
2449,Assessment of road traffic resilience assuming stochastic user behaviour,2018,Reliability Engineering & System Safety,10.1016/j.ress.2018.12.013,resilience-quantification/assessment,road/highway-network,,removed_filterB,False,,,,,,,,,snowball,68;763,backward,filter-B,"Road traffic resilience assessment with stochastic user behavior, not restoration."
2450,Resiliency-based restoration optimization for dependent network systems against cascading failures,2020,Reliability Engineering & System Safety,10.1016/j.ress.2020.107383,restoration-scheduling/sequencing,other,,removed_filterC,False,,,,,,,,,snowball,68,backward,filter-C,"Dependent network restoration against cascading failures; generic networks, not transport object."
2451,Estimating Pedestrian Flows on Street Networks,2021,Journal of the American Planning Association,10.1080/01944363.2020.1864758,other,road/highway-network,,removed_filterB,False,,,,,,,,,snowball,68,backward,filter-B,Pedestrian flow estimation on street networks; no disaster/restoration.
2452,Power Grid Recovery after Natural Hazard Impact,2017,Joint Research Centre (European Commission),10.2760/87402,empirical-recovery-analysis/prediction,lifeline-only-power-water-gas-telecom,,removed_filterC,False,,,,,,,,,snowball,68,backward,filter-C,Power grid recovery after natural hazards; lifeline only.
2453,Safe traveling in public transport amid COVID-19,2021,Science Advances,10.1126/sciadv.abg3691,other,railway/transit,,removed_filterB,False,,,,,,,,,snowball,68,backward,filter-B,COVID-19 transit infection risk; not disaster restoration.
2454,Integrated approach to determine highway flooding and critical points of drainage,2016,Transportation Research Part D Transport and Environment,10.1016/j.trd.2016.11.004,hazard/damage-modeling,road/highway-network,,removed_filterB,False,,,,,,,,,snowball,68,backward,filter-B,Highway flooding and drainage critical points; hazard/drainage modeling not restoration.
2455,Measuring network resilience through connection patterns,2019,Reliability Engineering & System Safety,10.1016/j.ress.2019.03.030,resilience-quantification/assessment,general-transportation-network,,removed_filterB,False,,,,,,,,,snowball,68,backward,filter-B,Network resilience via connection patterns; assessment not restoration.
2456,Multimodal transportation system protection against sea level rise,2020,Transportation Research Part D Transport and Environment,10.1016/j.trd.2020.102568,network-design/retrofit/protection,general-transportation-network,,removed_filterA,False,,,,,,,,,snowball,68,backward,filter-A,Multimodal transport protection against sea level rise; pre-disaster protection.
2457,Structural robustness and service reachability in urban settings,2018,Data Mining and Knowledge Discovery,10.1007/s10618-018-0551-4,resilience-quantification/assessment,general-transportation-network,,removed_filterB,False,,,,,,,,,snowball,68,backward,filter-B,Structural robustness and reachability in urban settings; assessment.
2458,Modified Betweenness-Based Measure for Prediction of Traffic Flow on Urban Roads,2016,Transportation Research Record Journal of the Transportation Research Board,10.3141/2563-19,link-criticality/importance-ranking,road/highway-network,,removed_filterB,False,,,,,,,,,snowball,68,backward,filter-B,Betweenness-based traffic flow prediction; centrality/traffic theory not restoration.
2459,"Impact of Water Level Rise on Urban Infrastructures: Washington, DC, and Shanghai as Case Studies",2019,Risk Analysis,10.1111/risa.13390,hazard/damage-modeling,building/urban-area/community,,removed_filterA,False,,,,,,,,,snowball,68;1101,both,filter-A,Water level rise impact on urban infrastructure; pre-disaster hazard impact assessment.
2460,"Traffic accidents and delays present contrasting pictures of traffic resilience to coastal flooding in the San Francisco Bay Area, USA",2021,Urban Climate,10.1016/j.uclim.2021.100851,resilience-quantification/assessment,road/highway-network,,removed_filterB,False,,,,,,,,,snowball,68,backward,filter-B,Traffic resilience to coastal flooding via accidents/delays; assessment not restoration.
2461,"Perceived risk of public transport travel during flooding events in Metro Manila, Philippines",2019,Transportation Research Interdisciplinary Perspectives,10.1016/j.trip.2019.100051,other,railway/transit,,removed_filterB,False,,,,,,,,,snowball,68,backward,filter-B,Perceived risk of public transport during floods; survey/perception study.
2462,Learning-based restoration sequence ordering for multi-site traffic signal failure,2021,Transportation Research Part C Emerging Technologies,10.1016/j.trc.2021.103522,restoration-scheduling/sequencing,road/highway-network,road/highway-network,kept,True,False,travel-time/accessibility,uncertain,other-ML/supervised-learning,a-priori/static-schedule,static-demand,deterministic,ok,snowball,68,backward,kept-curated,"Full text (TR-C 2022, Zhao & Zhang) read via ScienceDirect. Studies the post-event Signal Restoration Sequence Ordering (SRSO) problem: multiple traffic signals fail (flash mode) and must be repaired one-by-one under limited technicians; goal is to rank optional restoration sequences to minimize imp"
2463,River flood hazard maps for Europe and the Mediterranean Basin region,2021,Open MIND,10.2905/1d128b6c-a4ee-4858-9e34-6210707f3c81,hazard/damage-modeling,other,,removed_filterB,False,,,,,,,,,snowball,68,backward,filter-B,"Flood hazard maps for Europe; hazard modeling, no transport restoration."
2464,Non-Cooperative Games,1951,Annals of Mathematics,10.2307/1969529,other,other,,removed_filterB,False,,,,,,,,,snowball,68,backward,filter-B,"Non-Cooperative Games (Nash 1951), pure game theory, off-domain."
2465,The Multi-Agent Transport Simulation MATSim,2016,Ubiquity Press eBooks,10.5334/baw,other,general-transportation-network,,removed_filterB,False,,,,,,,,,snowball,68,backward,filter-B,"MATSim transport simulation software; traffic simulation, not post-disaster restoration."
2466,Transforming Our World: The 2030 Agenda for Sustainable Development,2025,INTERNATIONAL JOURNAL OF CREATIVE RESEARCH THOUGHTS,10.56975/ijcrt.v13i8.292474,other,other,,removed_filterB,False,,,,,,,,,snowball,68,backward,filter-B,"UN 2030 Agenda / SDG policy document, off-domain."
2467,Resilience model and recovery strategy of transportation network based on travel OD-grid analysis,2022,Reliability Engineering & System Safety,10.1016/j.ress.2022.108483,resilience-quantification/assessment,general-transportation-network,,removed_filterB,False,,,,,,,,,snowball,68;1100,backward,filter-B,"Resilience model and recovery strategy based on OD-grid analysis; resilience assessment, not scheduling optimization."
2468,Characterizing resilience of flood-disrupted dynamic transportation network through the lens of link reliability and stability,2022,Reliability Engineering & System Safety,10.1016/j.ress.2022.109071,resilience-quantification/assessment,general-transportation-network,,removed_filterB,False,,,,,,,,,snowball,68;763,backward,filter-B,Characterizing resilience via link reliability/stability; resilience assessment.
2469,An integrated resilience assessment model of urban transportation network: A case study of 40 cities in China,2023,Transportation Research Part A Policy and Practice,10.1016/j.tra.2023.103687,resilience-quantification/assessment,general-transportation-network,,removed_filterB,False,,,,,,,,,snowball,68;763,backward,filter-B,Integrated resilience assessment model; resilience quantification.
2470,Interconnectedness enhances network resilience of multimodal public transportation systems for Safe-to-Fail urban mobility,2023,Nature Communications,10.1038/s41467-023-39999-w,resilience-quantification/assessment,railway/transit,,removed_filterB,False,,,,,,,,,snowball,68,backward,filter-B,"Resilience of interconnected multimodal public transport; resilience assessment, not restoration scheduling."
2471,On the resilience assessment of complementary transportation networks under natural hazards,2022,Transportation Research Part D Transport and Environment,10.1016/j.trd.2022.103331,resilience-quantification/assessment,general-transportation-network,,removed_filterB,False,,,,,,,,,snowball,68,backward,filter-B,Resilience assessment of complementary transportation networks under hazards.
2472,Shaping a resilient future in response to COVID-19,2023,Nature Sustainability,10.1038/s41893-023-01105-9,resilience-quantification/assessment,other,,removed_filterB,False,,,,,,,,,snowball,68,backward,filter-B,"Shaping resilient future in response to COVID-19; generic resilience, off transport-restoration domain."
2473,A dynamic Bayesian network approach to characterize multi-hazard risks and resilience in interconnected critical infrastructures,2025,Reliability Engineering & System Safety,10.1016/j.ress.2025.110815,vulnerability/risk/fragility-assessment,lifeline-only-power-water-gas-telecom,,removed_filterC,False,,,,,,,,,snowball,68,backward,filter-C,"Bayesian network multi-hazard risk/resilience of critical infrastructures; risk assessment, not transport restoration scheduling."
2474,YJMob100K: City-scale and longitudinal dataset of anonymized human mobility trajectories,2024,Scientific Data,10.1038/s41597-024-03237-9,other,other,,removed_filterB,False,,,,,,,,,snowball,68,backward,filter-B,"Human mobility trajectory dataset; data resource, not restoration."
2475,Modelling and assessing long-term urban transportation system resilience based on system dynamics,2024,Sustainable Cities and Society,10.1016/j.scs.2024.105548,resilience-quantification/assessment,general-transportation-network,,removed_filterB,False,,,,,,,,,snowball,68,backward,filter-B,Assessing long-term transport resilience via system dynamics; resilience assessment.
2476,Assessment on resilience of urban agglomeration transportation system considering passenger choice and load-capacity factor,2024,Reliability Engineering & System Safety,10.1016/j.ress.2024.110527,resilience-quantification/assessment,general-transportation-network,,removed_filterB,False,,,,,,,,,snowball,68;1101,both,filter-B,Resilience assessment of urban agglomeration transport system.
2477,Resilience analysis of metro stations integrating infrastructures and passengers,2024,Reliability Engineering & System Safety,10.1016/j.ress.2024.110467,resilience-quantification/assessment,railway/transit,,removed_filterB,False,,,,,,,,,snowball,68,backward,filter-B,Resilience analysis of metro stations; resilience assessment.
2478,Adaptive capacity for multimodal transport network resilience to extreme floods,2025,Nature Sustainability,10.1038/s41893-025-01575-z,resilience-quantification/assessment,general-transportation-network,,removed_filterB,False,,,,,,,,,snowball,68,backward,filter-B,Adaptive capacity for multimodal transport resilience to floods; resilience assessment.
2479,Monitoring of operational resilience on urban road network: A Shaoxing case study,2025,Reliability Engineering & System Safety,10.1016/j.ress.2025.110836,resilience-quantification/assessment,road/highway-network,,removed_filterB,False,,,,,,,,,snowball,68,backward,filter-B,Monitoring operational resilience on urban road network; resilience assessment/monitoring.
2480,Assessing the resilience of urban truck transport networks under the COVID-19 pandemic: A case study of China,2025,Transportation Research Part E Logistics and Transportation Review,10.1016/j.tre.2025.104087,resilience-quantification/assessment,general-transportation-network,,removed_filterB,False,,,,,,,,,snowball,68,backward,filter-B,Assessing resilience of urban truck transport networks under COVID-19; resilience assessment.
2481,Resilience quantification method of high-speed railway train diagram under operation section interference: Strategies and practices,2025,Reliability Engineering & System Safety,10.1016/j.ress.2025.111020,resilience-quantification/assessment,railway/transit,,removed_filterB,False,,,,,,,,,snowball,68,backward,filter-B,Resilience quantification of high-speed railway train diagram; resilience quantification.
2482,Simulation-based investigation of transport scenarios for Hamburg,2022,Procedia Computer Science,10.1016/j.procs.2022.03.076,other,general-transportation-network,,removed_filterB,False,,,,,,,,,snowball,68,backward,filter-B,Simulation of modal share/CO2 scenarios for Hamburg; no post-disaster restoration.
2483,Prioritization of Emergency Strengthening Schemes for Existing Buildings After Floods Based on Prospect Theory,2025,Sustainability,10.3390/su18010363,restoration-scheduling/sequencing,building/urban-area/community,,removed_filterC,False,,,,,,,,,snowball,68,forward,filter-C,"Emergency strengthening of buildings after floods; building object, not transport."
2484,Percolation-based resilience assessment of intercity multimodal public transportation systems,2026,Reliability Engineering & System Safety,10.1016/j.ress.2026.112479,resilience-quantification/assessment,railway/transit,,removed_filterB,False,,,,,,,,,snowball,68,forward,filter-B,Percolation-based resilience assessment of multimodal transit; assessment not restoration scheduling.
2485,Integrating human capabilities into flood vulnerability assessments for transport systems,2026,Transportation Research Part D Transport and Environment,10.1016/j.trd.2026.105342,vulnerability/risk/fragility-assessment,general-transportation-network,,removed_filterB,False,,,,,,,,,snowball,68,forward,filter-B,Flood vulnerability assessment of transport systems; not restoration.
2486,Sustainable engineering decisions toward nature-based solutions for flood protection infrastructure: An integrated system dynamics framework,2026,Reliability Engineering & System Safety,10.1016/j.ress.2026.112858,pre-disaster-mitigation/preparedness/planning,lifeline-only-power-water-gas-telecom,,removed_filterA,False,,,,,,,,,snowball,68,forward,filter-A,"Pre-disaster flood protection infrastructure design; not transport, not post-disaster."
2487,The Lagrangian Relaxation Method for Solving Integer Programming Problems,1981,Management Science,10.1287/mnsc.27.1.1,other,other,,removed_filterB,False,,,,,,,,,snowball,99,backward,filter-B,Lagrangian relaxation method for integer programming; pure OR method.
2488,THE MAXIMAL COVERING LOCATION PROBLEM,1974,Papers of the Regional Science Association,10.1111/j.1435-5597.1974.tb00902.x,other,other,,removed_filterB,False,,,,,,,,,snowball,99,backward,filter-B,"Maximal covering location problem; facility location theory, not disaster restoration."
2489,The Location of Emergency Service Facilities,1971,Operations Research,10.1287/opre.19.6.1363,other,other,,removed_filterB,False,,,,,,,,,snowball,99,backward,filter-B,Emergency facility location as set covering; location theory.
2490,The maximal covering location problem,1974,Papers of the Regional Science Association,10.1007/bf01942293,other,other,,removed_filterB,False,,,,,,,,,snowball,99,backward,filter-B,Maximal covering location problem; location theory.
2491,"A Maximum Expected Covering Location Model: Formulation, Properties and Heuristic Solution",1983,Transportation Science,10.1287/trsc.17.1.48,other,other,,removed_filterB,False,,,,,,,,,snowball,99,backward,filter-B,Maximum expected covering location model; location theory.
2492,The Lagrangian Relaxation Method for Solving Integer Programming Problems,2004,Management Science,10.1287/mnsc.1040.0263,other,other,,removed_filterB,False,,,,,,,,,snowball,99,backward,filter-B,Reprint of Lagrangian relaxation method; pure OR.
2493,Ambulance location and relocation models,2003,European Journal of Operational Research,10.1016/s0377-2217(02)00364-8,other,other,,removed_filterB,False,,,,,,,,,snowball,99,backward,filter-B,"Ambulance location and relocation models; EMS location, not transport restoration."
2494,Concepts and Applications of Backup Coverage,1986,Management Science,10.1287/mnsc.32.11.1434,other,other,,removed_filterB,False,,,,,,,,,snowball,99,backward,filter-B,Backup coverage for emergency services location; location theory.
2495,A dynamic model and parallel tabu search heuristic for real-time ambulance relocation,2001,Parallel Computing,10.1016/s0167-8191(01)00103-x,other,other,,removed_filterB,False,,,,,,,,,snowball,99,backward,filter-B,"Ambulance relocation heuristic; EMS location, not restoration."
2496,Solving an ambulance location model by tabu search,1997,Location Science,10.1016/s0966-8349(97)00015-6,other,other,,removed_filterB,False,,,,,,,,,snowball,99,backward,filter-B,Ambulance location by tabu search; location theory.
2497,Restoration of Services in Interdependent Infrastructure Systems: A Network Flows Approach,2007,IEEE Transactions on Systems Man and Cybernetics Part C (Applications and Reviews),10.1109/tsmcc.2007.905859,restoration-scheduling/sequencing,interdependent-infrastructure-incl-transport,transport-and-lifeline-jointly,kept,True,False,economic-cost/loss,network-flow/capacity,exact/MILP/math-programming,a-priori/static-schedule,static-demand,deterministic,ok,snowball,99;913,backward,kept-curated,"Lee, Mitchell & Wallace (IEEE TSMC-C 2007) present an interdependent layer network model for restoration of services across power, telecommunications, and subway (transit) systems, illustrated on lower Manhattan. It is a network-flows (min-cost multi-commodity flow with capacities) MILP that guides "
2498,A multiperiod set covering location model for dynamic redeployment of ambulances,2006,Computers & Operations Research,10.1016/j.cor.2006.04.003,other,other,,removed_filterB,False,,,,,,,,,snowball,99,backward,filter-B,Multiperiod set covering for ambulance redeployment; location theory.
2499,A Lagrangean heuristic for the maximal covering location problem,1996,European Journal of Operational Research,10.1016/0377-2217(94)00159-6,other,other,,removed_filterB,False,,,,,,,,,snowball,99,backward,filter-B,Lagrangean heuristic for maximal covering location; OR method/location theory.
2500,Restoring infrastructure systems: An integrated network design and scheduling (INDS) problem,2012,European Journal of Operational Research,10.1016/j.ejor.2012.07.010,restoration-scheduling/sequencing,lifeline-only-power-water-gas-telecom,power-electricity-system,removed_filterA,False,,,,,,,,ok,snowball,99;913,backward,verify-A,"Nurre, Cavdaroglu, Mitchell, Sharkey & Wallace (2012, EJOR), ""Restoring infrastructure systems: An integrated network design and scheduling (INDS) problem."" Full text confirms the restored objects are non-transport lifelines only: three case studies cover the power infrastructure, the waste water in"
2501,The maximal expected coverage relocation problem for emergency vehicles,2005,Journal of the Operational Research Society,10.1057/palgrave.jors.2601991,other,other,,removed_filterB,False,,,,,,,,,snowball,99,backward,filter-B,"Maximal expected coverage relocation for emergency vehicles; EMS location, not restoration."
2502,The queuing probabilistic location set covering problem and some extensions,1994,Socio-Economic Planning Sciences,10.1016/0038-0121(94)90003-5,other,other,,removed_filterB,False,,,,,,,,,snowball,99,backward,filter-B,"Queuing probabilistic location set covering problem; facility location OR method, not post-disaster transport restoration."
2503,Benders decomposition for very large scale partial set covering and maximal covering location problems,2018,European Journal of Operational Research,10.1016/j.ejor.2018.12.021,other,other,,removed_filterB,False,,,,,,,,,snowball,99,backward,filter-B,Benders decomposition for set/maximal covering location; pure OR facility location method.
2504,Maximal Coverage Location Problem,2015,International Regional Science Review,10.1177/0160017615600222,other,other,,removed_filterB,False,,,,,,,,,snowball,99,backward,filter-B,"Maximal covering location problem overview; facility location, not restoration scheduling."
2505,Work crew routing problem for infrastructure network restoration,2018,Transportation Research Part B Methodological,10.1016/j.trb.2018.10.001,crew/resource-routing-dispatch,lifeline-only-power-water-gas-telecom,water-gas-telecom-lifeline,removed_filterC,False,,,,,,,,ok,snowball,99;763;893;1108,backward,verify-C,"Morshedlou, Gonzalez & Barker (2018), TR-B. Work crew routing problem: crews are dispatched from depots and traverse a given ROAD network only as a medium to reach and restore disrupted components of GAS, WATER, and ELECTRIC POWER infrastructure networks (Shelby County, TN). Paper explicitly states "
2506,Time-dependent ambulance allocation considering data-driven empirically required coverage,2014,Health Care Management Science,10.1007/s10729-014-9271-5,other,other,,removed_filterB,False,,,,,,,,,snowball,99,backward,filter-B,"Ambulance allocation coverage; EMS facility/coverage, not transport network restoration."
2507,RENS,2013,Mathematical Programming Computation,10.1007/s12532-013-0060-9,other,other,,removed_titlescreen,False,,,,,,,,,snowball,99,backward,title-screen,RENS is a rounding heuristic (relaxation enforced neighborhood search); off-domain OR method.
2508,An integrated network design and scheduling problem for network recovery and emergency response,2018,Operations Research Perspectives,10.1016/j.orp.2018.08.001,restoration-scheduling/sequencing,road/highway-network,road/highway-network,kept,True,False,travel-time/accessibility,shortest-path/AON,exact/MILP/math-programming; decomposition/Benders/Lagrangian; heuristic/metaheuristic/GA,a-priori/static-schedule,static-demand,deterministic,ok,snowball,99;893,backward,kept-curated,Iloglu & Albert (Oper Res Perspect 2018) introduce an integrated network design and scheduling P-median variant (IRLP / c-IRLP): K identical recovery crews schedule installation of disrupted road arcs over a finite horizon T while P emergency responders are located to serve demand nodes; tested on r
2509,A new formulation and Benders decomposition for the multi-period maximal covering facility location problem with server uncertainty,2015,European Journal of Operational Research,10.1016/j.ejor.2015.11.025,other,other,,removed_filterB,False,,,,,,,,,snowball,99,backward,filter-B,Multi-period maximal covering facility location; pure OR location method.
2510,Evaluating dynamic dispatch strategies for emergency medical services: TIFAR simulation tool,2012,Winter Simulation Conference,10.5555/2429759.2429819,other,other,,removed_filterB,False,,,,,,,,,snowball,99,backward,filter-B,EMS dynamic dispatch simulation; not post-disaster transport restoration.
2511,Interdiction-Based Approaches to Identify Damage in Disrupted Critical Infrastructures with Dependencies,2019,Journal of Infrastructure Systems,10.1061/(asce)is.1943-555x.0000487,vulnerability/risk/fragility-assessment,interdependent-infrastructure-incl-transport,,removed_filterB,False,,,,,,,,,snowball,99,backward,filter-B,"Interdiction-based damage identification/inspection planning, not restoration scheduling."
2512,Proceedings of the 2011 Winter Simulation Conference (WSC),2011,,10.1109/wsc18751.2011,other,other,,removed_titlescreen,False,,,,,,,,,snowball,99,backward,title-screen,"Winter Simulation Conference proceedings; generic conference volume, off-domain."
2513,Infrastructure resilience curves: Performance measures and summary metrics,2021,Reliability Engineering & System Safety,10.1016/j.ress.2021.107926,resilience-quantification/assessment,interdependent-infrastructure-incl-transport,,removed_filterB,False,,,,,,,,,snowball,99,forward,filter-B,"Resilience curves performance metrics; resilience quantification, not restoration scheduling."
2514,Review of metrics to assess resilience capacities and actions for supply chain resilience,2024,Computers & Industrial Engineering,10.1016/j.cie.2024.110176,resilience-quantification/assessment,supply-chain/facility,,removed_filterC,False,,,,,,,,,snowball,99,forward,filter-C,Supply chain resilience metrics review; supply chain object and resilience assessment.
2515,In search of network resilience: An <scp>optimization‐based</scp> view,2020,Networks,10.1002/net.21996,resilience-quantification/assessment,other,,removed_filterB,False,,,,,,,,,snowball,99;913,forward,filter-B,"Optimization view of network resilience review; resilience theory, not restoration scheduling."
2516,Humanitarian aid distribution logistics with accessibility constraints: a systematic literature review,2022,Journal of Humanitarian Logistics and Supply Chain Management,10.1108/jhlscm-05-2021-0041,post-disaster-relief-logistics/distribution,general-transportation-network,,removed_filterB,False,,,,,,,,,snowball,99,forward,filter-B,Humanitarian aid distribution logistics review; relief distribution not restoration scheduling.
2517,A systematic review of optimization methods for recovery planning in cyber–physical infrastructure networks: Current state and future trends,2024,Computers & Industrial Engineering,10.1016/j.cie.2024.110224,restoration-scheduling/sequencing,lifeline-only-power-water-gas-telecom,,removed_filterC,False,,,,,,,,,snowball,99,forward,filter-C,Recovery planning review for cyber-physical infrastructure networks; cyber-physical/lifeline focus without transport component.
2518,Understanding the spatial disparity in socio-economic recovery of coastal communities following typhoon disasters,2024,The Science of The Total Environment,10.1016/j.scitotenv.2024.170831,empirical-recovery-analysis/prediction,building/urban-area/community,,removed_filterB,False,,,,,,,,,snowball,99,forward,filter-B,Spatial disparity in socio-economic recovery of coastal communities; empirical community recovery.
2519,Enhanced Method for Emergency Scheduling of Natural Gas Pipeline Networks Based on Heuristic Optimization,2023,Sustainability,10.3390/su151914383,crew/resource-routing-dispatch,lifeline-only-power-water-gas-telecom,,removed_filterC,False,,,,,,,,,snowball,99,forward,filter-C,"Emergency scheduling of natural gas pipeline networks; lifeline-only, no transport component."
2520,Accelerated Benders decomposition and local branching for dynamic maximum covering location problems,2024,Computers & Operations Research,10.1016/j.cor.2024.106673,other,other,,removed_filterB,False,,,,,,,,,snowball,99,forward,filter-B,Dynamic maximum covering location problem exact solution; pure OR facility location method.
2521,Continuity of Essential Services as an Emerging Challenge for Societal Resilience,2023,IEEE Access,10.1109/access.2023.3271751,resilience-quantification/assessment,lifeline-only-power-water-gas-telecom,,removed_filterC,False,,,,,,,,,snowball,99,forward,filter-C,Continuity of essential services/critical infrastructure business continuity; not transport restoration scheduling.
2522,Whole process assessment of flood resilience in urban and rural communities based on nighttime lights: A case study of Zhuozhou flood,2025,Urban Climate,10.1016/j.uclim.2025.102438,resilience-quantification/assessment,building/urban-area/community,,removed_filterC,False,,,,,,,,,snowball,99,forward,filter-C,Flood resilience assessment of communities via nighttime lights; not transport restoration.
2523,A Mathematical Pre-Disaster Model with Uncertainty and Multiple Criteria for Facility Location and Network Fortification,2020,Mathematics,10.3390/math8040529,pre-disaster-mitigation/preparedness/planning,supply-chain/facility,,removed_filterA,False,,,,,,,,,snowball,99,forward,filter-A,Pre-disaster facility location and network fortification; no post-disaster restoration.
2524,The Effect of Time-Varying Value on Infrastructure Resilience Assessments,2021,IEEE Access,10.1109/access.2021.3112944,resilience-quantification/assessment,interdependent-infrastructure-incl-transport,,removed_filterB,False,,,,,,,,,snowball,99,forward,filter-B,"Resilience metric methodology, not scheduling."
2525,Repair resources scheduling for attention of transitory road disruptions in humanitarian aid networks,2025,Computers & Industrial Engineering,10.1016/j.cie.2025.111020,restoration-scheduling/sequencing,road/highway-network,road/highway-network,kept,True,False,recovery-time/makespan,none/not-modeled,exact/MILP/math-programming,a-priori/static-schedule,not-applicable,deterministic,ok,snowball,99,forward,kept-curated,"Full text (Computers & Industrial Engineering 203, 2025) confirms a MILP scheduling repair crews and machinery to temporarily restore flood-damaged roads in a humanitarian aid network (Roldanillo, Colombia case). PASS A (response/recovery phase, transport roads), PASS B (restoration-scheduling/seque"
2526,An Equilibrium Service Capability Recovery Model for a Port-Hinterland Service Network With Delay or Disruption Risk,2021,IEEE Access,10.1109/access.2021.3084302,empirical-recovery-analysis/prediction,port/airport/maritime/waterway,,removed_filterC,False,,,,,,,,,snowball,99,forward,filter-C,"Port-hinterland service capability recovery, maritime object."
2527,Multisource data integration for targeted bus exterior advertising,2022,Frontiers in Environmental Science,10.3389/fenvs.2022.962410,other,other,,removed_filterB,False,,,,,,,,,snowball,99,forward,filter-B,Bus advertising route selection; off-topic.
2528,Policies for Multi-Agency Recovery of Physical Infrastructure After Disasters,2021,,10.23919/acc50511.2021.9482965,restoration-scheduling/sequencing,interdependent-infrastructure-incl-transport,water-gas-telecom-lifeline,removed_filterC,False,,,,,,,,,snowball,99,forward,filter-C,"Multi-agency repair of generic damaged infrastructure components, not specifically transport; abstract shows no road/rail component."
2529,Scenario-based infrastructure resilience analyses,2021,,10.17760/d20416788,resilience-quantification/assessment,interdependent-infrastructure-incl-transport,,removed_filterB,False,,,,,,,,,snowball,99,forward,filter-B,Scenario-based resilience analysis methodology.
2530,The State-of-the-Art Survey on Optimization Methods for Cyber-physical Networks,2022,arXiv (Cornell University),10.48550/arxiv.2210.03642,other,other,,removed_filterB,False,,,,,,,,,snowball,99,forward,filter-B,Survey of optimization methods for cyber-physical networks; off-topic.
2531,Data Support Algorithm for Hybrid Guiding Reform of Stable Cloud Classroom based on Dual Disaster Recovery System,2022,2022 4th International Conference on Inventive Research in Computing Applications (ICIRCA),10.1109/icirca54612.2022.9985491,other,other,,removed_filterB,False,,,,,,,,,snowball,99,forward,filter-B,Data encryption / cloud classroom; entirely off-domain.
2532,"Perceptions Toward the Practice, Performance and Challenges of Humanitarian Logistics Management of Public Health Emergency Pharmaceuticals: The Case of Ethiopian Public Health Emergency Management",2023,Research Square,10.21203/rs.3.rs-3402889/v1,post-disaster-relief-logistics/distribution,supply-chain/facility,,removed_filterC,False,,,,,,,,,snowball,99,forward,filter-C,Pharmaceutical humanitarian logistics perceptions; not transport restoration.
2533,Repair Resources Scheduling for Attention of Transitory Road Disruptions in Humanitarian Aid Networks,2023,SSRN Electronic Journal,10.2139/ssrn.4594684,restoration-scheduling/sequencing,road/highway-network,road/highway-network,removed_nonjournal,False,,,,,,,,ok,snowball,99,forward,kept-but-nonjournal,"Full text via ScienceDirect (Computers & Industrial Engineering, Vol 203, 2025, open access). MILP scheduling of repair resources (crews + machinery) to restore temporarily disrupted roads in a humanitarian aid network, solved with CPLEX/AMPL; case study Roldanillo, Colombia, 9 damaged road arcs. PA"
2534,Firefighting Stations Allocation Model for the State of Kuwait,2023,International Journal of Operations Research and Information Systems,10.4018/ijoris.334126,pre-disaster-mitigation/preparedness/planning,other,,removed_filterB,False,,,,,,,,,snowball,99,forward,filter-B,Firefighting station allocation/location; pre-disaster facility location.
2535,Repair Resources Scheduling for Attention of Transitory Road Disruptions in Humanitarian Aid Networks,2023,SSRN Electronic Journal,10.2139/ssrn.4666190,restoration-scheduling/sequencing,road/highway-network,road/highway-network,removed_nonjournal,False,,,,,,,,ok,snowball,99,forward,kept-but-nonjournal,"Published version (Computers & Industrial Engineering 203, 2025, doi:10.1016/j.cie.2025.111020) read in full via ScienceDirect. MILP (Eq. 1-28) schedules repair crews and machinery to nine damaged roads after floods in Roldanillo, Colombia, minimizing total repair completion time Z=Sum TF_i (makespa"
2536,Maintenance Scheduling Optimization of Urban Non-intrusive Road Intelligent Transportation System Equipment under the Autonomous Driving Environment,2025,SAE technical papers on CD-ROM/SAE technical paper series,10.4271/2025-01-7148,other,road/highway-network,,removed_filterA,False,,,,,,,,,snowball,99,forward,filter-A,"Routine ITS equipment maintenance scheduling, not post-disaster restoration."
2537,Presolving and cutting planes for the generalized maximal covering location problem,2025,European Journal of Operational Research,10.1016/j.ejor.2025.05.017,other,other,,removed_filterB,False,,,,,,,,,snowball,99,forward,filter-B,Generic maximal covering location problem solver method; off-topic OR method.
2538,Distribution of humanitarian aid considering accessibility limitations due to transitory road disruptions,2025,Transportation Research Interdisciplinary Perspectives,10.1016/j.trip.2025.101607,post-disaster-relief-logistics/distribution,road/highway-network,,removed_filterB,False,,,,,,,,,snowball,99,forward,filter-B,"Humanitarian aid distribution/routing considering road disruptions; distribution logistics, not repair scheduling."
2539,"Genetic algorithms in search, optimization, and machine learning",1989,Choice Reviews Online,10.5860/choice.27-0936,other,other,,removed_filterB,False,,,,,,,,,snowball,744,backward,filter-B,Genetic algorithms textbook; generic method.
2540,Adaptation in Natural and Artificial Systems,1992,The MIT Press eBooks,10.7551/mitpress/1090.001.0001,other,other,,removed_filterB,False,,,,,,,,,snowball,744,backward,filter-B,Adaptation in natural/artificial systems; generic GA method.
2541,Scheduling subject to resource constraints: classification and complexity,1983,Discrete Applied Mathematics,10.1016/0166-218x(83)90012-4,other,other,,removed_filterB,False,,,,,,,,,snowball,744,backward,filter-B,"Resource-constrained scheduling classification/complexity theory; generic OR method, not disaster transport."
2542,Network Design and Transportation Planning: Models and Algorithms,1984,Transportation Science,10.1287/trsc.18.1.1,network-design/retrofit/protection,general-transportation-network,,removed_filterA,False,,,,,,,,,snowball,744,backward,filter-A,Pre-disaster network design/transportation planning via integer programming; no post-disaster restoration.
2543,Resource-Constrained Project Scheduling with Time-Resource Tradeoffs: The Nonpreemptive Case,1982,Management Science,10.1287/mnsc.28.10.1197,other,other,,removed_filterB,False,,,,,,,,,snowball,744,backward,filter-B,Generic resource-constrained project scheduling OR method; not transport restoration.
2544,Transportation Research,2005,Encyclopedia of Social Measurement,10.1016/b0-12-369398-5/00532-6,other,other,,removed_titlescreen,False,,,,,,,,,snowball,744,backward,title-screen,"Generic 'Transportation Research' title, no abstract; not identifiable as post-disaster restoration."
2545,A genetic algorithm approach to a general category project scheduling problem,1999,IEEE Transactions on Systems Man and Cybernetics Part C (Applications and Reviews),10.1109/5326.740669,other,other,,removed_filterB,False,,,,,,,,,snowball,744,backward,filter-B,General GA for resource-constrained project scheduling; not transport restoration.
2546,AN ALGORITHM FOR A GENERAL CLASS OF PRECEDENCE AND RESOURCE CONSTRAINED SCHEDULING PROBLEMS,1989,Elsevier eBooks,10.1016/b978-0-444-87358-3.50005-5,other,other,,removed_filterB,False,,,,,,,,,snowball,744,backward,filter-B,General precedence/resource-constrained scheduling algorithm; not transport restoration domain.
2547,Economic impacts of transportation network changes: Implementation of a combined transportation network and input-output model,2002,Papers of the Regional Science Association,10.1007/s101100100101,empirical-recovery-analysis/prediction,general-transportation-network,,removed_filterB,False,,,,,,,,,snowball,744,backward,filter-B,Economic impacts of transportation network changes via input-output model; not restoration scheduling.
2548,"Implementation and estimation of a combined model of interregional, multimodal commodity shipments and transportation network flows",2004,Transportation Research Part B Methodological,10.1016/j.trb.2004.02.005,other,general-transportation-network,,removed_filterB,False,,,,,,,,,snowball,744,backward,filter-B,Combined commodity shipment and network flow model; not post-disaster restoration.
2549,Retrofit Priority of Transport Network Links under an Earthquake,2003,Journal of Urban Planning and Development,10.1061/(asce)0733-9488(2003)129:4(195),link-criticality/importance-ranking,general-transportation-network,,removed_filterB,False,,,,,,,,,snowball,744,backward,filter-B,"Retrofit priority / economic impact ranking of links under earthquake; pre-disaster retrofit and criticality, not restoration scheduling."
2550,Analysis of Economic Impacts of an Earthquake on Transportation Network,2004,Advances in spatial science,10.1007/978-3-540-24787-6_12,empirical-recovery-analysis/prediction,general-transportation-network,,removed_filterB,False,,,,,,,,,snowball,744,backward,filter-B,Economic impact analysis of earthquake on transportation network; assessment not restoration scheduling.
2551,Analyzing Transportation Reconstruction Network Strategies: A Full Cost Approach,2000,Review of Urban and Regional Development Studies,10.1111/j.1467-940x.2000.00081.x,resilience-quantification/assessment,general-transportation-network,,removed_filterB,False,,,,,,,,,snowball,744,backward,filter-B,"Full-cost approach to evaluate reconstruction strategies (cost-benefit assessment), not scheduling optimization."
2552,Multistage Optimization of Reconstruction Sequence of Highways,1999,Journal of Transportation Engineering,10.1061/(asce)0733-947x(1999)125:5(456),other,road/highway-network,,removed_filterA,False,,,,,,,,,snowball,744,backward,filter-A,"Reconstruction sequencing but for road widening/rehabilitation programs, not post-disaster restoration."
2553,Project management and scheduling: A permanent challenge for OR,1990,European Journal of Operational Research,10.1016/0377-2217(90)90115-r,other,other,,removed_filterB,False,,,,,,,,,snowball,744,backward,filter-B,General OR project management/scheduling survey; not transport restoration.
2554,Solutions to the optimal network design problem with shipments related to transportation cost,1979,Transportation Research Part B Methodological,10.1016/0191-2615(79)90007-9,network-design/retrofit/protection,general-transportation-network,,removed_filterA,False,,,,,,,,,snowball,744,backward,filter-A,"Optimal network design problem; pre-disaster design, not restoration."
2555,A genetic algorithm for resource-constrained scheduling,1996,DSpace@MIT (Massachusetts Institute of Technology),,other,other,,removed_filterB,False,,,,,,,,,snowball,744,backward,filter-B,"PhD thesis on GA for resource-constrained scheduling; generic method, not transport restoration."
2556,Strategic Network Restoration,2009,Networks and Spatial Economics,10.1007/s11067-009-9123-x,restoration-scheduling/sequencing,lifeline-only-power-water-gas-telecom,water-gas-telecom-lifeline,removed_filterA,False,,,,,,,,ok,snowball,744,forward,verify-A,"Full text confirmed: ""Strategic Network Restoration"" (Matisziw, Murray, Grubesic, Netw Spat Econ 2010). Proposes NIRM, a multi-objective binary-integer optimization to schedule restoration of damaged arcs/nodes over planning periods (max system O-D flow, min system cost). Despite generic ""networked "
2557,Community of Practice for Modeling Disaster Recovery,2018,Natural Hazards Review,10.1061/(asce)nh.1527-6996.0000313,other,other,,removed_filterB,False,,,,,,,,,snowball,744,forward,filter-B,"Community of practice for disaster recovery modeling; meta/community topic, not restoration scheduling of transport."
2558,Participatory Disaster Recovery Simulation Modeling for Community Resilience Planning,2018,International Journal of Disaster Risk Science,10.1007/s13753-018-0202-9,other,building/urban-area/community,,removed_filterC,False,,,,,,,,,snowball,744,forward,filter-C,"Participatory disaster recovery simulation for community resilience planning; community object, not transport restoration."
2559,Unexpected versus expected network disruption: Effects on travel behavior,2017,Transport Policy,10.1016/j.tranpol.2017.02.002,empirical-recovery-analysis/prediction,general-transportation-network,,removed_filterB,False,,,,,,,,,snowball,744,forward,filter-B,"Travel behavior effects of network disruption; behavioral/empirical study, not restoration scheduling."
2560,Toward Human-Centered Simulation Modeling for Critical Infrastructure Disaster Recovery Planning,2018,,10.1109/ghtc.2018.8601876,other,lifeline-only-power-water-gas-telecom,,removed_filterC,False,,,,,,,,,snowball,744,forward,filter-C,"Human-centered simulation modeling for critical infrastructure recovery planning; generic infrastructure recovery, not transport restoration scheduling."
2561,Risk and performance analysis of ports and waterways,2012,Rutgers University Community Repository (Rutgers University),10.7282/t3jh3k0d,vulnerability/risk/fragility-assessment,port/airport/maritime/waterway,,removed_filterC,False,,,,,,,,,snowball,744,forward,filter-C,Risk/performance analysis of ports and waterways; maritime object and risk assessment.
2562,Toward Human-Centered Simulation Modeling for Critical Infrastructure Disaster Recovery Planning,2018,arXiv (Cornell University),10.48550/arxiv.1811.05083,resilience-quantification/assessment,other,,removed_filterC,False,,,,,,,,,snowball,744,forward,filter-C,"Critical infrastructure recovery planning simulation, human-centered; not transport-specific and not scheduling optimization."
2563,Proceedings of the 2006 Winter Simulation Conference,2006,,10.1109/wsc.2006.323029,other,other,,removed_titlescreen,False,,,,,,,,,snowball,763,backward,title-screen,Conference proceedings on broad simulation topics; off-domain.
2564,Factors affecting the adoption and use of urban air mobility,2019,Transportation Research Part A Policy and Practice,10.1016/j.tra.2019.12.020,other,other,,removed_filterA,False,,,,,,,,,snowball,763,backward,filter-A,Urban air mobility adoption factors; not post-disaster restoration.
2565,"Resilience of urban transportation systems. Concept, characteristics, and methods.",2020,Journal of Transport Geography,10.1016/j.jtrangeo.2020.102727,resilience-quantification/assessment,general-transportation-network,,removed_filterB,False,,,,,,,,,snowball,763,backward,filter-B,"Resilience concept/methods review, not restoration scheduling."
2566,Assessing disaster impacts and response using social media data in China: A case study of 2016 Wuhan rainstorm,2018,International Journal of Disaster Risk Reduction,10.1016/j.ijdrr.2018.11.027,empirical-recovery-analysis/prediction,other,,removed_filterB,False,,,,,,,,,snowball,763,backward,filter-B,Disaster impact assessment via social media; not transport restoration optimization.
2567,Analysis of the air cargo transport network using a complex network theory perspective,2020,Transportation Research Part E Logistics and Transportation Review,10.1016/j.tre.2020.101959,vulnerability/risk/fragility-assessment,port/airport/maritime/waterway,,removed_filterC,False,,,,,,,,,snowball,763,backward,filter-C,"Air cargo network complex-network analysis; aviation, not post-disaster road restoration."
2568,Bounded rationality and irreversible network change,2011,Transportation Research Part B Methodological,10.1016/j.trb.2011.05.026,other,general-transportation-network,,removed_filterB,False,,,,,,,,,snowball,763,backward,filter-B,Bounded rationality / network change theory; not restoration.
2569,Enhancing network resilience by adding redundancy to road networks,2021,Transportation Research Part E Logistics and Transportation Review,10.1016/j.tre.2021.102448,network-design/retrofit/protection,road/highway-network,,removed_filterA,False,,,,,,,,,snowball,763,backward,filter-A,Adding redundancy to enhance resilience is pre-disaster network design.
2570,Flying taxis revived: Can Urban air mobility reduce road congestion?,2021,Journal of Urban Mobility,10.1016/j.urbmob.2021.100002,other,general-transportation-network,,removed_filterA,False,,,,,,,,,snowball,763,backward,filter-A,UAM demand modeling for congestion; not post-disaster restoration.
2571,Assessing and enhancing urban road network resilience under rainstorm waterlogging disasters,2023,Transportation Research Part D Transport and Environment,10.1016/j.trd.2023.103928,resilience-quantification/assessment,road/highway-network,,removed_filterB,False,,,,,,,,,snowball,763;1101,both,filter-B,"Assessing/enhancing road resilience under waterlogging; assessment, not scheduling."
2572,Assessing road network resilience in disaster areas from a complex network perspective: A real-life case study from China,2023,International Journal of Disaster Risk Reduction,10.1016/j.ijdrr.2023.104167,resilience-quantification/assessment,road/highway-network,,removed_filterB,False,,,,,,,,,snowball,763;1101,both,filter-B,Road network resilience assessment via complex networks.
2573,Analysis of multi-modal public transportation system performance under metro disruptions: A dynamic resilience assessment framework,2024,Transportation Research Part A Policy and Practice,10.1016/j.tra.2024.104077,resilience-quantification/assessment,railway/transit,,removed_filterB,False,,,,,,,,,snowball,763,backward,filter-B,Dynamic resilience assessment of transit under metro disruptions; assessment only.
2574,Resilience analysis in road traffic systems to rainfall events: Road environment perspective,2023,Transportation Research Part D Transport and Environment,10.1016/j.trd.2023.104000,resilience-quantification/assessment,road/highway-network,,removed_filterB,False,,,,,,,,,snowball,763,backward,filter-B,Resilience analysis of road traffic to rainfall; assessment.
2575,Measurement and ranking of important link combinations in the analysis of transportation network vulnerability envelope buffers under multiple-link disruptions,2022,Transportation Research Part B Methodological,10.1016/j.trb.2022.11.013,link-criticality/importance-ranking,general-transportation-network,,removed_filterB,False,,,,,,,,,snowball,763,backward,filter-B,Ranking important link combinations for vulnerability; criticality ranking.
2576,"Strategic integration of vertiport planning in multimodal transportation for urban air mobility: A case study in Beijing, China",2024,Journal of Cleaner Production,10.1016/j.jclepro.2024.142988,other,port/airport/maritime/waterway,,removed_filterA,False,,,,,,,,,snowball,763,backward,filter-A,"Vertiport planning for UAM; pre-disaster planning, aviation."
2577,Resilience assessment and enhancement of interdependent transportation-healthcare system: A spatial accessibility approach,2024,Transportation Research Part D Transport and Environment,10.1016/j.trd.2024.104090,resilience-quantification/assessment,interdependent-infrastructure-incl-transport,,removed_filterB,False,,,,,,,,,snowball,763,backward,filter-B,"Resilience assessment of transportation-healthcare accessibility; assessment, not restoration scheduling."
2578,Transportation resilience under Covid-19 Uncertainty: A traffic severity analysis,2023,Transportation Research Part A Policy and Practice,10.1016/j.tra.2023.103947,resilience-quantification/assessment,general-transportation-network,,removed_filterB,False,,,,,,,,,snowball,763,backward,filter-B,Transportation resilience/traffic severity under Covid; assessment.
2579,Vertiport location for eVTOL considering multidimensional demand of urban air mobility: An application in Beijing,2024,Transportation Research Part A Policy and Practice,10.1016/j.tra.2024.104353,other,port/airport/maritime/waterway,,removed_filterA,False,,,,,,,,,snowball,763,backward,filter-A,"Vertiport location for eVTOL demand; pre-disaster planning, aviation."
2580,Integrated scheduling of truck and drone fleets for cargo transportation in post-disaster relief: A two-stage stochastic optimization approach,2025,Transportation Research Part E Logistics and Transportation Review,10.1016/j.tre.2025.104015,post-disaster-relief-logistics/distribution,general-transportation-network,,removed_filterB,False,,,,,,,,,snowball,763,backward,filter-B,"Truck-drone scheduling for post-disaster cargo relief distribution; relief logistics, not network restoration."
2581,Unveiling the spatial heterogeneity of factors influencing physical and perceived recovery disparities under extreme rainstorms: A geographically weighted machine learning approach,2024,Sustainable Cities and Society,10.1016/j.scs.2024.106023,empirical-recovery-analysis/prediction,other,,removed_filterB,False,,,,,,,,,snowball,763,backward,filter-B,"Spatial heterogeneity of recovery disparities under rainstorms; empirical recovery analysis, community-level."
2582,Assessing the resilience of multi-modal transportation networks with the integration of urban air mobility,2025,Transportation Research Part A Policy and Practice,10.1016/j.tra.2025.104465,resilience-quantification/assessment,general-transportation-network,,removed_filterB,False,,,,,,,,,snowball,763,backward,filter-B,"Assessing resilience of multi-modal networks with UAM; resilience assessment, not restoration scheduling."
2583,A composite transportation network design problem with land-air coordinated operations,2024,Transportation Research Part C Emerging Technologies,10.1016/j.trc.2024.104967,network-design/retrofit/protection,general-transportation-network,,removed_filterB,False,,,,,,,,,snowball,763,backward,filter-B,"Transportation network design problem, pre-disaster design not post-disaster restoration."
2584,Network dynamics of community resilience and recovery: new frontier in disaster research,2025,International Journal of Disaster Risk Reduction,10.1016/j.ijdrr.2025.105489,empirical-recovery-analysis/prediction,building/urban-area/community,,removed_filterC,False,,,,,,,,,snowball,763,backward,filter-C,"Community resilience/recovery in disaster research, not transport network restoration."
2585,Aircraft fuel burn performance study: A data-enhanced modeling approach,2018,Transportation Research Part D Transport and Environment,10.1016/j.trd.2018.09.014,other,other,,removed_filterB,False,,,,,,,,,snowball,763,backward,filter-B,"Aircraft fuel burn modeling, off-domain."
2586,The geographies of the dynamic evolution of social networks for the flood disaster response and recovery,2020,Applied Geography,10.1016/j.apgeog.2020.102274,empirical-recovery-analysis/prediction,other,,removed_filterC,False,,,,,,,,,snowball,763,backward,filter-C,"Social networks for flood disaster response, not transport infrastructure restoration."
2587,A combined forecasting and packing model for air cargo loading: A risk-averse framework,2022,Transportation Research Part E Logistics and Transportation Review,10.1016/j.tre.2021.102579,other,other,,removed_filterB,False,,,,,,,,,snowball,763,backward,filter-B,"Air cargo loading/revenue management, off-domain."
2588,Regional geographical and climatic environments affect urban rainstorm perception sensitivity across China,2022,Sustainable Cities and Society,10.1016/j.scs.2022.104213,other,other,,removed_titlescreen,False,,,,,,,,,snowball,763,backward,title-screen,"Rainstorm perception sensitivity, off-domain."
2589,Evaluation and improvement of the urban transportation networks resilience in short-term non-recurring traffic congestion: a novel graph connectivity-based criteria,2022,Transportation Engineering,10.1016/j.treng.2022.100152,resilience-quantification/assessment,general-transportation-network,,removed_filterB,False,,,,,,,,,snowball,763,backward,filter-B,"Evaluating/improving resilience under traffic congestion, assessment not restoration scheduling; also non-disaster."
2590,Conceptualizing UAM: Technologies and methods for safe and efficient urban air transportation,2025,Green Energy and Intelligent Transportation,10.1016/j.geits.2025.100265,other,general-transportation-network,,removed_filterB,False,,,,,,,,,snowball,763,backward,filter-B,"Conceptualizing UAM technologies, not post-disaster restoration."
2591,Dual-assessment of resilience and recovery strategies of road networks under rainstorm-induced waterlogging disasters,2024,Transportmetrica A Transport Science,10.1080/23249935.2024.2419497,resilience-quantification/assessment,road/highway-network,,removed_filterB,False,,,,,,,,,snowball,763,backward,filter-B,"Dual-assessment of resilience; primarily resilience quantification, recovery strategies secondary and not scheduling optimization."
2592,Analyzing willingness to improve the resilience of New York City's transportation system,2018,Transport Policy,10.1016/j.tranpol.2018.05.010,resilience-quantification/assessment,general-transportation-network,,removed_filterB,False,,,,,,,,,snowball,763,backward,filter-B,"Willingness to improve resilience of NYC transport, survey/assessment not restoration."
2593,"A survey of multi-modal urban transportation network resilience: modeling, evaluation, and optimization",2025,Transportation Research Part E Logistics and Transportation Review,10.1016/j.tre.2025.104634,resilience-quantification/assessment,general-transportation-network,,removed_filterB,False,,,,,,,,,snowball,763;1101,forward,filter-B,"Survey of network resilience modeling/evaluation/optimization, review not restoration scheduling."
2594,A literature review of urban flood resilience evaluation: current trends and future prospects,2026,Building Research & Information,10.1080/09613218.2026.2684941,resilience-quantification/assessment,building/urban-area/community,,removed_filterC,False,,,,,,,,,snowball,763,forward,filter-C,"Literature review of urban flood resilience evaluation, not transport restoration."
2595,Navigating uncertainty: An adaptive framework for resilient recovery of coupled infrastructure under stochastic disaster impacts,2026,Sustainable Cities and Society,10.1016/j.scs.2026.107660,resilience-quantification/assessment,interdependent-infrastructure-incl-transport,water-gas-telecom-lifeline,removed_filterC,False,,,,,,,,,snowball,763,forward,filter-C,Resilient recovery of coupled infrastructure under stochastic impacts; framed as resilience assessment; coupled infrastructure not clearly transport-restoring.
2596,The Price of Robustness,2004,Operations Research,10.1287/opre.1030.0065,other,other,,removed_filterB,False,,,,,,,,,snowball,893,backward,filter-B,"Price of Robustness, robust optimization methodology paper, off-domain."
2597,Technical Note—Convex Programming with Set-Inclusive Constraints and Applications to Inexact Linear Programming,1973,Operations Research,10.1287/opre.21.5.1154,other,other,,removed_filterB,False,,,,,,,,,snowball,893,backward,filter-B,"Convex programming with set-inclusive constraints, pure OR methods."
2598,Robust solutions of Linear Programming problems contaminated with uncertain data,2000,Mathematical Programming,10.1007/pl00011380,other,other,,removed_filterB,False,,,,,,,,,snowball,893,backward,filter-B,"Robust LP with uncertain data, pure OR methods."
2599,Robust Solutions to Uncertain Semidefinite Programs,1998,SIAM Journal on Optimization,10.1137/s1052623496305717,other,other,,removed_filterB,False,,,,,,,,,snowball,893,backward,filter-B,"Robust solutions to uncertain SDPs, pure OR methods."
2600,Stochastic optimization of medical supply location and distribution in disaster management,2009,International Journal of Production Economics,10.1016/j.ijpe.2009.10.004,post-disaster-relief-logistics/distribution,supply-chain/facility,,removed_filterB,False,,,,,,,,,snowball,893,backward,filter-B,"Medical supply location/distribution in disaster, relief logistics not transport restoration."
2601,An interactive possibilistic programming approach for multiple objective supply chain master planning,2007,Fuzzy Sets and Systems,10.1016/j.fss.2007.08.010,post-disaster-relief-logistics/distribution,supply-chain/facility,,removed_filterB,False,,,,,,,,,snowball,893,backward,filter-B,"Supply chain master planning, off-domain OR application."
2602,Modeling integrated supply chain logistics in real-time large-scale disaster relief operations,2012,Socio-Economic Planning Sciences,10.1016/j.seps.2011.12.003,post-disaster-relief-logistics/distribution,supply-chain/facility,,removed_filterB,False,,,,,,,,,snowball,893,backward,filter-B,"Supply chain logistics for disaster relief operations; relief distribution, not network restoration."
2603,Multi-objective open location-routing model with split delivery for optimized relief distribution in post-earthquake,2014,Transportation Research Part E Logistics and Transportation Review,10.1016/j.tre.2014.06.006,post-disaster-relief-logistics/distribution,supply-chain/facility,,removed_filterB,False,,,,,,,,,snowball,893,backward,filter-B,Location-routing for relief distribution post-earthquake; not restoration scheduling.
2604,Prepositioning of assets and supplies in disaster operations management: Review and research gap identification,2019,European Journal of Operational Research,10.1016/j.ejor.2019.06.029,post-disaster-relief-logistics/distribution,supply-chain/facility,,removed_filterB,False,,,,,,,,,snowball,893;1108,backward,filter-B,Prepositioning/prep review for disaster ops; not transport restoration.
2605,Delivery strategies for blood products supplies,2008,OR Spectrum,10.1007/s00291-008-0134-7,post-disaster-relief-logistics/distribution,supply-chain/facility,,removed_filterB,False,,,,,,,,,snowball,893,backward,filter-B,Blood product delivery strategies; supply logistics.
2606,An effective two-stage stochastic multi-trip location-transportation model with social concerns in relief supply chains,2018,European Journal of Operational Research,10.1016/j.ejor.2018.02.022,post-disaster-relief-logistics/distribution,supply-chain/facility,,removed_filterB,False,,,,,,,,,snowball,893,backward,filter-B,Stochastic location-transportation for relief supply chains.
2607,Heuristic approaches for the multiperiod location-transportation problem with reuse of vehicles in emergency logistics,2015,Computers & Operations Research,10.1016/j.cor.2015.12.002,post-disaster-relief-logistics/distribution,supply-chain/facility,,removed_filterB,False,,,,,,,,,snowball,893,backward,filter-B,Location-transportation with vehicle reuse in emergency logistics; distribution.
2608,"A dynamic multi-objective location–routing model for relief logistic planning under uncertainty on demand, travel time, and cost parameters",2015,The International Journal of Advanced Manufacturing Technology,10.1007/s00170-015-7923-3,post-disaster-relief-logistics/distribution,supply-chain/facility,,removed_filterB,False,,,,,,,,,snowball,893,backward,filter-B,Location-routing for relief logistic planning under uncertainty; distribution.
2609,Multi-period Vehicle Routing Problem with Due dates,2015,Computers & Operations Research,10.1016/j.cor.2015.03.014,other,other,,removed_filterB,False,,,,,,,,,snowball,893,backward,filter-B,Generic multi-period VRP with due dates; not disaster/transport restoration.
2610,A robust neutrosophic fuzzy-based approach to integrate reliable facility location and routing decisions for disaster relief under fairness and aftershocks concerns,2020,Computers & Industrial Engineering,10.1016/j.cie.2020.106734,post-disaster-relief-logistics/distribution,supply-chain/facility,,removed_filterB,False,,,,,,,,,snowball,893;1108,backward,filter-B,Facility location and routing for disaster relief; distribution.
2611,Flexible two-echelon location routing problem,2019,European Journal of Operational Research,10.1016/j.ejor.2019.04.002,other,supply-chain/facility,,removed_filterB,False,,,,,,,,,snowball,893;1108,backward,filter-B,Generic two-echelon location routing; not disaster restoration.
2612,Location and Routing Models for Emergency Response Plans with Priorities,2012,Communications in computer and information science,10.1007/978-3-642-33161-9_20,post-disaster-relief-logistics/distribution,supply-chain/facility,,removed_filterB,False,,,,,,,,,snowball,893,backward,filter-B,Location-routing for emergency response plans; distribution.
2613,"Distributionally robust multi-period humanitarian relief network design integrating facility location, supply inventory and allocation, and evacuation planning",2023,International Journal of Production Research,10.1080/00207543.2023.2230324,post-disaster-relief-logistics/distribution,supply-chain/facility,,removed_filterB,False,,,,,,,,,snowball,893,backward,filter-B,"Humanitarian relief network design: facility location, inventory, allocation, evacuation; not transport restoration."
2614,Data-driven distributionally robust optimization approach for reliable travel-time-information-gain-oriented traffic sensor location model,2018,Transportation Research Part B Methodological,10.1016/j.trb.2018.05.009,other,other,,removed_filterB,False,,,,,,,,,snowball,893;1108,backward,filter-B,"Traffic sensor location model; pre-disaster planning/OR method, not restoration."
2615,A probabilistic bi‐objective model for a humanitarian location‐routing problem under uncertain demand and road closure,2024,International Transactions in Operational Research,10.1111/itor.13475,post-disaster-relief-logistics/distribution,supply-chain/facility,,removed_filterA,False,,,,,,,,,snowball,893,backward,filter-A,Explicitly pre-disaster humanitarian logistics location-routing; distribution.
2616,An integrated model of the periodic delivery problems for vending-machine supply chains,2004,Journal of Food Engineering,10.1016/j.jfoodeng.2004.05.073,other,supply-chain/facility,,removed_filterB,False,,,,,,,,,snowball,893,backward,filter-B,Periodic delivery for vending-machine supply chains; commercial logistics.
2617,Selective and periodic inventory routing problem for waste vegetable oil collection,2012,Optimization Letters,10.1007/s11590-012-0444-1,other,supply-chain/facility,,removed_filterB,False,,,,,,,,,snowball,893,backward,filter-B,Inventory routing for waste oil collection; commercial logistics.
2618,Flexibility and complexity in periodic distribution problems,2006,Naval Research Logistics (NRL),10.1002/nav.20195,other,supply-chain/facility,,removed_filterB,False,,,,,,,,,snowball,893,backward,filter-B,"Periodic distribution flexibility/complexity; commercial VRP, not disaster."
2619,The role of satellite technologies in relief logistics,2017,Journal of Humanitarian Logistics and Supply Chain Management,10.1108/jhlscm-07-2016-0031,post-disaster-relief-logistics/distribution,other,,removed_filterB,False,,,,,,,,,snowball,893,backward,filter-B,"Satellite technologies in relief logistics; technology review, not restoration."
2620,A bi-level multi-objective location-routing optimization model for disaster relief operations considering public donations,2021,Socio-Economic Planning Sciences,10.1016/j.seps.2021.101165,post-disaster-relief-logistics/distribution,supply-chain/facility,,removed_filterB,False,,,,,,,,,snowball,893,backward,filter-B,Location-routing for disaster relief with donations; distribution.
2621,Optimizing vehicle routes in a bakery company allowing flexibility in delivery dates,2011,Journal of the Operational Research Society,10.1057/jors.2011.51,other,other,,removed_filterB,False,,,,,,,,,snowball,893,backward,filter-B,"Bakery delivery route optimization; commercial VRP, off-domain."
2622,Short-term work team scheduling models for effective road repair and management,2009,Transportation Planning and Technology,10.1080/03081060903017150,crew/resource-routing-dispatch,road/highway-network,road/highway-network,kept,True,False,other,none/not-modeled,exact/MILP/math-programming,a-priori/static-schedule,not-applicable,stochastic/scenario-based,ok,snowball,893;1108,backward,kept-curated,"Full text (T&F, NYU access) confirmed. Title matches ""Short-term work team scheduling models for effective road repair and management."" Develops work-team routing/scheduling models (ROWTSM robust, EOWTSM expected, DTWTSM deterministic) for short-term/emergency local road repair in Taoyuan County, Ta"
2623,A time‐space network model for work team scheduling after a major disaster,2007,Journal of the Chinese Institute of Engineers,10.1080/02533839.2007.9671231,restoration-scheduling/sequencing,road/highway-network,road/highway-network,kept,True,False,recovery-time/makespan,none/not-modeled,exact/MILP/math-programming; heuristic/metaheuristic/GA,a-priori/static-schedule,not-applicable,deterministic,paywalled,snowball,893;1108,backward,kept-curated,"Abstract accessible; full PDF paywalled (T&F, Journal of the Chinese Institute of Engineers 2007, Yan & Shih). Develops a time-space network model for scheduling emergency repair work teams after a major disaster (case study = post-earthquake roadway/road-network repair in Taiwan), objective = minim"
2624,Multi-objective open location-routing model for relief distribution networks with split delivery and multi-mode transportation under uncertainty,2017,Scientia Iranica,10.24200/sci.2017.4572,post-disaster-relief-logistics/distribution,general-transportation-network,,removed_filterB,False,,,,,,,,,snowball,893,backward,filter-B,"Relief distribution location-routing, not restoration/repair scheduling."
2625,An Ant Colony-based Heuristic Algorithm for Joint Scheduling of Post-earthquake Road Repair and Relief Distribution,2015,TELKOMNIKA (Telecommunication Computing Electronics and Control),10.12928/telkomnika.v13i2.1437,restoration-scheduling/sequencing,road/highway-network,road/highway-network,kept,True,False,multi-criteria/composite,network-flow/capacity,heuristic/metaheuristic/GA; exact/MILP/math-programming,a-priori/static-schedule,static-demand,deterministic,ok,snowball,893;1108,backward,kept-curated,"TELKOMNIKA v13n2 (Xu & Song), ""An Ant Colony-based Heuristic Algorithm for Joint Scheduling of Post-earthquake Road Repair and Relief Distribution."" Abstract: post-earthquake road repair scheduling jointly with relief-goods distribution under limited repair resources — passes A (post-disaster transp"
2626,A two-stage robust optimization model for emergency service facilities location-allocation problem under demand uncertainty and sustainable development,2025,Scientific Reports,10.1038/s41598-025-86129-1,post-disaster-relief-logistics/distribution,supply-chain/facility,,removed_filterB,False,,,,,,,,,snowball,893,forward,filter-B,"Emergency facility location-allocation and supply distribution, not road restoration."
2627,A Graph Neural Network-Enhanced Hyper-Heuristic Algorithm for Emergency Materials Scheduling,2025,,10.1109/aiahpc66801.2025.11290253,post-disaster-relief-logistics/distribution,supply-chain/facility,,removed_filterB,False,,,,,,,,,snowball,893,forward,filter-B,Emergency materials scheduling via GNN heuristic; logistics not road restoration.
2628,A multi-stage stochastic programming model for relief distribution networks considering road collapse,2026,Operations Research Perspectives,10.1016/j.orp.2026.100386,post-disaster-relief-logistics/distribution,general-transportation-network,,removed_filterB,False,,,,,,,,,snowball,893,forward,filter-B,Relief distribution under road collapse uncertainty; distribution not restoration.
2629,Social Vulnerability to Environmental Hazards<sup>*</sup>,2003,Social Science Quarterly,10.1111/1540-6237.8402002,vulnerability/risk/fragility-assessment,other,,removed_titlescreen,False,,,,,,,,,snowball,913,backward,title-screen,Social vulnerability index; off-domain.
2630,Urban Hazard Mitigation: Creating Resilient Cities,2003,Natural Hazards Review,10.1061/(asce)1527-6988(2003)4:3(136),pre-disaster-mitigation/preparedness/planning,building/urban-area/community,,removed_filterA,False,,,,,,,,,snowball,913,backward,filter-A,Urban hazard mitigation for resilient cities; pre-disaster.
2631,Disaster Resilience: A National Imperative,2013,Environment Science and Policy for Sustainable Development,10.1080/00139157.2013.768076,resilience-quantification/assessment,building/urban-area/community,,removed_filterB,False,,,,,,,,,snowball,913,backward,filter-B,National disaster resilience commentary; not restoration scheduling.
2632,Cyber Security and Power System Communication—Essential Parts of a Smart Grid Infrastructure,2010,IEEE Transactions on Power Delivery,10.1109/tpwrd.2010.2046654,other,lifeline-only-power-water-gas-telecom,,removed_filterC,False,,,,,,,,,snowball,913,backward,filter-C,Smart grid cyber security; power lifeline only.
2633,Critical Foundations: Protecting America's Infrastructures,1998,Journal of Global Information Technology Management,10.1080/1097198x.1998.10856225,pre-disaster-mitigation/preparedness/planning,lifeline-only-power-water-gas-telecom,,removed_filterA,False,,,,,,,,,snowball,913,backward,filter-A,"Infrastructure protection policy report; protection/pre-disaster, no transport restoration."
2634,Modelling Interdependencies Between the Electricity and Information Infrastructures,2007,Lecture notes in computer science,10.1007/978-3-540-75101-4_5,other,lifeline-only-power-water-gas-telecom,,removed_filterC,False,,,,,,,,,snowball,913,backward,filter-C,"Electricity-information interdependency modeling; lifeline only, no transport."
2635,An interdependent layered network model for a resilient supply chain,2013,Omega,10.1016/j.omega.2013.08.002,resilience-quantification/assessment,supply-chain/facility,,removed_filterC,False,,,,,,,,,snowball,913,backward,filter-C,Resilient supply chain network model; supply chain object.
2636,Re-engineering cities: a framework for adaptation to global change,2007,Philosophical Transactions of the Royal Society A Mathematical Physical and Engineering Sciences,10.1098/rsta.2007.0008,pre-disaster-mitigation/preparedness/planning,building/urban-area/community,,removed_filterA,False,,,,,,,,,snowball,913,backward,filter-A,City adaptation to global change; pre-disaster planning.
2637,Optimizing Resource Utilization during the Recovery of Civil Infrastructure Systems,2010,Journal of Management in Engineering,10.1061/(asce)me.1943-5479.0000024,restoration-scheduling/sequencing,building/urban-area/community,,removed_filterC,False,,,,,,,,,snowball,913,backward,filter-C,"Resource optimization for civil infrastructure recovery generally, not transport network object."
2638,Integrated network design and scheduling problems with parallel identical machines: Complexity results and dispatching rules,2014,Networks,10.1002/net.21547,restoration-scheduling/sequencing,other,,removed_filterC,False,,,,,,,,ok,snowball,913,backward,verify-C,"Nurre & Sharkey (2014), ""Integrated network design and scheduling problems with parallel identical machines"" (Networks 63(4):306-326). Full text read via NYU/Wiley. This is a GENERAL integrated network design and scheduling (INDS) framework for selecting and scheduling arc-installation operations to"
2639,Last-Mile Restoration for Multiple Interdependent Infrastructures,2021,Proceedings of the AAAI Conference on Artificial Intelligence,10.1609/aaai.v26i1.8134,restoration-scheduling/sequencing,interdependent-infrastructure-incl-transport,water-gas-telecom-lifeline,removed_filterC,False,,,,,,,,,snowball,913,backward,filter-C,Last-mile restoration of interdependent infrastructures; described as lifeline (power/water/telecom) cyclic interdependencies with no transport component restored.
2640,Interdicting layered physical and information flow networks,2017,IISE Transactions,10.1080/24725854.2017.1401754,network-design/retrofit/protection,lifeline-only-power-water-gas-telecom,,removed_filterB,False,,,,,,,,,snowball,913,backward,filter-B,"Network interdiction of physical/information flow networks; interdiction, lifeline."
2641,Building the Right Tool for the Job: Value of Stakeholder Involvement When Developing Decision-Support Technologies for Emergency Management,2015,Natural Hazards Review,10.1061/(asce)nh.1527-6996.0000182,other,lifeline-only-power-water-gas-telecom,,removed_filterC,False,,,,,,,,,snowball,913,backward,filter-C,"Stakeholder involvement in decision-support tool development; lifelines analysis, not transport restoration optimization."
2642,Factors Influencing the Selection of Decision Support Systems for Emergency Management: An Empirical Analysis of Current Use and User Preferences,2015,Journal of Contingencies and Crisis Management,10.1111/1468-5973.12097,other,other,,removed_filterB,False,,,,,,,,,snowball,913,backward,filter-B,"Decision support systems for emergency management, user preferences survey; not restoration scheduling/routing/debris and not a transport network object."
2643,Network Flow Approaches for Analyzing and Managing Disruptions to Interdependent Infrastructure Systems,2008,Wiley Handbook of Science and Technology for Homeland Security,10.1002/9780470087923.hhs686,vulnerability/risk/fragility-assessment,interdependent-infrastructure-incl-transport,,removed_filterB,False,,,,,,,,,snowball,913,backward,filter-B,"Network flow analysis of interdependent infrastructure disruptions; assessment/management framework, not restoration scheduling/routing/debris."
2644,Integrated network design and scheduling problems :,2014,,10.2172/1147479,restoration-scheduling/sequencing,lifeline-only-power-water-gas-telecom,power-electricity-system,removed_filterC,False,,,,,,,,ok,snowball,913,backward,verify-C,"Sandia report / Nurre dissertation on Integrated Network Design and Scheduling (INDS): select and schedule arc-repair operations (parallel identical machines) to maximize cumulative network performance (satisfied demand/max flow) over time. Although the INDS framework is generic, the computational c"
2645,Disaster Management in Smart Cities,2021,Smart Cities,10.3390/smartcities4020042,other,interdependent-infrastructure-incl-transport,,removed_filterB,False,,,,,,,,,snowball,913,forward,filter-B,"Smart cities disaster management, interdependency/cascading effects study; not restoration scheduling/routing/debris."
2646,"Research Needs, Challenges, and Strategic Approaches for Natural Hazards and Disaster Reconnaissance",2020,Frontiers in Built Environment,10.3389/fbuil.2020.573068,other,other,,removed_filterB,False,,,,,,,,,snowball,913,forward,filter-B,Research needs/reconnaissance agenda for natural hazards; not an optimization restoration problem.
2647,Vulnerability and resilience of power systems infrastructure to natural hazards and climate change,2021,Wiley Interdisciplinary Reviews Climate Change,10.1002/wcc.724,vulnerability/risk/fragility-assessment,lifeline-only-power-water-gas-telecom,,removed_filterA,False,,,,,,,,,snowball,913,forward,filter-A,"Power systems vulnerability/resilience to hazards; lifeline-only, no transport component."
2648,Implication of building inventory accuracy on physical and socio-economic resilience metrics for informed decision-making in natural hazards,2020,Structure and Infrastructure Engineering,10.1080/15732479.2020.1845753,resilience-quantification/assessment,building/urban-area/community,,removed_filterC,False,,,,,,,,,snowball,913,forward,filter-C,"Building inventory accuracy impact on resilience metrics; building/community object, assessment."
2649,Review on modeling the societal impact of infrastructure disruptions due to disasters,2025,Reliability Engineering & System Safety,10.1016/j.ress.2025.110879,resilience-quantification/assessment,interdependent-infrastructure-incl-transport,,removed_filterB,False,,,,,,,,,snowball,913,forward,filter-B,"Review of modeling societal impact of infrastructure disruptions; assessment/review, not restoration scheduling."
2650,Decision-making for community resilience: A review of decision support systems and their applications,2024,Heliyon,10.1016/j.heliyon.2024.e33116,resilience-quantification/assessment,building/urban-area/community,,removed_filterB,False,,,,,,,,,snowball,913,forward,filter-B,Review of decision support systems for community resilience; not restoration scheduling/routing/debris.
2651,Post-disaster restoration planning of interdependent infrastructure Systems: A framework to balance social and economic impacts,2023,Structural Safety,10.1016/j.strusafe.2023.102408,restoration-scheduling/sequencing,lifeline-only-power-water-gas-telecom,water-gas-telecom-lifeline,removed_filterC,False,,,,,,,,ok,snowball,913,forward,verify-C,"Huang & Wang, Structural Safety 107 (2024) 102408. Restores interdependent infrastructure systems explicitly defined as electricity, water, and gas lifelines; objective balances loss of social services vs economic productions. ""Transportation"" appears only as an economic sector category (E5 Transpor"
2652,"Evidence-based disaster risk management: A scoping review focusing on risk, resilience and vulnerability assessment",2024,Progress in Disaster Science,10.1016/j.pdisas.2024.100335,vulnerability/risk/fragility-assessment,other,,removed_filterB,False,,,,,,,,,snowball,913,forward,filter-B,Scoping review of risk/resilience/vulnerability assessment methods; assessment review.
2653,Vulnerability and resilience analysis of road network: A systematic literature review using Bibliometrix,2025,Sustainable Futures,10.1016/j.sftr.2025.101142,vulnerability/risk/fragility-assessment,road/highway-network,,removed_filterB,False,,,,,,,,,snowball,913,forward,filter-B,"Bibliometric literature review of road network vulnerability/resilience; assessment/review, not restoration scheduling."
2654,Probabilistic disaster social impact assessment of infrastructure system nodes,2022,Structure and Infrastructure Engineering,10.1080/15732479.2022.2097268,vulnerability/risk/fragility-assessment,building/urban-area/community,,removed_filterC,False,,,,,,,,,snowball,913,forward,filter-C,"Social impact assessment of infrastructure nodes for mitigation planning; community social-impact object, assessment."
2655,Virtual testbeds for community resilience analysis: step-by-step development procedure and future orientation,2023,Resilient Cities and Structures,10.1016/j.rcns.2023.07.002,resilience-quantification/assessment,building/urban-area/community,,removed_filterB,False,,,,,,,,,snowball,913,forward,filter-B,"Virtual community resilience testbeds development; assessment framework, community object."
2656,A resilience matrix approach for measuring and mitigating disaster-induced population displacement,2019,International Journal of Disaster Risk Reduction,10.1016/j.ijdrr.2019.101310,resilience-quantification/assessment,building/urban-area/community,,removed_filterB,False,,,,,,,,,snowball,913,forward,filter-B,"No abstract; title indicates resilience matrix for population displacement, resilience measurement not transport restoration scheduling."
2657,Time-Dependent Resilience Assessment of Seismic Damage and Restoration of Interdependent Lifeline Systems,2019,Journal of Infrastructure Systems,10.1061/(asce)is.1943-555x.0000522,resilience-quantification/assessment,lifeline-only-power-water-gas-telecom,,removed_filterC,False,,,,,,,,,snowball,913,forward,filter-C,"Time-dependent resilience assessment of seismic damage/restoration of interdependent lifeline systems; assessment and lifeline-focused, no transport."
2658,A framework to link community long-term resilience goals to seismic performance of individual buildings using network-based recovery modeling method,2021,Soil Dynamics and Earthquake Engineering,10.1016/j.soildyn.2021.106788,resilience-quantification/assessment,building/urban-area/community,,removed_filterC,False,,,,,,,,,snowball,913,forward,filter-C,"No abstract; title links community resilience goals to seismic performance of buildings via network recovery modeling; building/community object, assessment."
2659,Assessing the effectiveness of disaster risk reduction strategies on the regional recovery of critical infrastructure systems,2023,Resilient Cities and Structures,10.1016/j.rcns.2023.05.001,resilience-quantification/assessment,interdependent-infrastructure-incl-transport,,removed_filterB,False,,,,,,,,,snowball,913,forward,filter-B,"Assessing effectiveness of disaster risk reduction strategies on regional recovery; assessment of mitigation strategies, not restoration scheduling."
2660,"Virtual Testbeds for Community Resilience Analysis: State-of-the-Art Review, Consensus Study, and Recommendations",2022,Natural Hazards Review,10.1061/(asce)nh.1527-6996.0000582,resilience-quantification/assessment,building/urban-area/community,,removed_filterB,False,,,,,,,,,snowball,913,forward,filter-B,"State-of-the-art review of virtual community resilience testbeds; review/assessment, community object."
2661,Untangling the relationship between power outage and population activity recovery in disasters,2024,Resilient Cities and Structures,10.1016/j.rcns.2024.06.003,empirical-recovery-analysis/prediction,lifeline-only-power-water-gas-telecom,,removed_filterB,False,,,,,,,,,snowball,913,forward,filter-B,"Empirical analysis of power outage vs population activity recovery; empirical recovery analysis, power/community focus, no transport restoration."
2662,A Generalized Accelerated Failure Time Model to Predict Restoration Time from Power Outages,2023,International Journal of Disaster Risk Science,10.1007/s13753-023-00529-3,empirical-recovery-analysis/prediction,lifeline-only-power-water-gas-telecom,,removed_filterA,False,,,,,,,,,snowball,913,forward,filter-A,"Predicting power outage restoration time; lifeline-only power, no road/bridge/rail component."
2663,Improving Healthcare Supply Chain Resilience During Extreme Weather Events,2020,Journal of Critical Infrastructure Policy,10.18278/jcip.1.1.6,resilience-quantification/assessment,supply-chain/facility,,removed_filterB,False,,,,,,,,,snowball,913,forward,filter-B,Healthcare supply chain resilience; not transport restoration scheduling.
2664,Quantitative approaches for including equity in risk and resilience infrastructure planning analyses,2023,Risk Analysis,10.1111/risa.14230,resilience-quantification/assessment,lifeline-only-power-water-gas-telecom,,removed_filterB,False,,,,,,,,,snowball,913,forward,filter-B,Equity in infrastructure risk/resilience planning; assessment not restoration scheduling.
2665,Methodology for Interdependent Population–Building–Infrastructure Posthazard Functionality Assessment for Communities,2025,Journal of Structural Engineering,10.1061/jsendh.steng-13222,resilience-quantification/assessment,building/urban-area/community,,removed_filterB,False,,,,,,,,,snowball,913,forward,filter-B,Community post-hazard functionality assessment; assessment not restoration scheduling.
2666,Review of Empirical Quantitative Data Use in Lifeline Infrastructure Restoration Modeling,2021,Natural Hazards Review,10.1061/(asce)nh.1527-6996.0000514,empirical-recovery-analysis/prediction,lifeline-only-power-water-gas-telecom,,removed_filterC,False,,,,,,,,,snowball,913,forward,filter-C,Review of empirical data in lifeline restoration modeling; lifeline-only.
2667,"Infrastructure Resilience: A Framework for Assessment, Management and Governance",2022,Disaster and risk research: GADRI book series,10.1007/978-981-19-5566-2_6,resilience-quantification/assessment,other,,removed_filterB,False,,,,,,,,,snowball,913,forward,filter-B,"No abstract; title = infrastructure resilience assessment/governance framework, not transport restoration scheduling."
2668,An asynchronous simulation algorithm for post‐earthquake functional recovery of interdependent infrastructure systems,2023,Earthquake Engineering & Structural Dynamics,10.1002/eqe.4028,resilience-quantification/assessment,lifeline-only-power-water-gas-telecom,,removed_filterC,False,,,,,,,,,snowball,913,forward,filter-C,"Post-earthquake functional recovery simulation of interdependent lifeline systems; assessment, no transport restoration focus."
2669,Decision support architectures for the recovery of interdependent infrastructure with large‐scale damage and socially vulnerable populations,2022,Risk Analysis,10.1111/risa.13910,resilience-quantification/assessment,interdependent-infrastructure-incl-transport,water-gas-telecom-lifeline,removed_filterB,False,,,,,,,,,snowball,913,forward,filter-B,"Decision support for interdependent infrastructure recovery focused on socially vulnerable populations; framework/assessment, not restoration scheduling optimization."
2670,Using and Improving the CLARC Database for Interdependent Infrastructure Modeling and Simulation,2022,Journal of Infrastructure Systems,10.1061/(asce)is.1943-555x.0000695,other,interdependent-infrastructure-incl-transport,transport-and-lifeline-jointly,removed_filterB,False,,,,,,,,,snowball,913,forward,filter-B,Database improvement for interdependent infrastructure simulation; not a restoration scheduling problem.
2671,Do first responders and populations perceive risks similarly? A comparative study of seven countries,2024,Frontiers in Psychology,10.3389/fpsyg.2023.1219927,other,other,,removed_filterB,False,,,,,,,,,snowball,913,forward,filter-B,"Risk perception comparative study among first responders; social science, off-topic."
2672,A Co-simulation approach for time-varying damage propagation in interdependent power and wastewater systems during flood events,2024,International Journal of Disaster Risk Reduction,10.1016/j.ijdrr.2024.105155,hazard/damage-modeling,lifeline-only-power-water-gas-telecom,,removed_filterC,False,,,,,,,,,snowball,913,forward,filter-C,"Co-simulation of flood damage propagation in power and wastewater systems; lifeline-only, hazard modeling."
2673,Design of Interconnected Infrastructure Systems for Resilient and Sustainable Communities,2022,,10.1061/9780784483879.002,network-design/retrofit/protection,interdependent-infrastructure-incl-transport,transport-and-lifeline-jointly,removed_filterA,False,,,,,,,,,snowball,913,forward,filter-A,"Design of interconnected infrastructure for resilience/sustainability; pre-disaster design, not post-disaster restoration."
2674,Examining the accuracy and validity of loss estimations using the PBEE methodology for wood residential buildings through integrated experimental findings and expert panel solicitation,2021,Sustainable and Resilient Infrastructure,10.1080/23789689.2021.1984635,hazard/damage-modeling,building/urban-area/community,,removed_filterC,False,,,,,,,,,snowball,913,forward,filter-C,"Loss estimation for wood residential buildings via PBEE; buildings, damage modeling."
2675,ComPSim: A Community based Smart Grid Testbed for Holistic Resilience Analysis,2023,,10.1109/smartgridcomm57358.2023.10333936,resilience-quantification/assessment,lifeline-only-power-water-gas-telecom,,removed_filterC,False,,,,,,,,,snowball,913,forward,filter-C,Smart grid testbed for power resilience analysis; lifeline-only power.
2676,Risk-Informing Nuclear Reactor Safety: The Prediction of the Probability of Core Damage Due to Loss of Power and Cooling,2024,ASCE-ASME Journal of Risk and Uncertainty in Engineering Systems Part B Mechanical Engineering,10.1115/1.4064745,vulnerability/risk/fragility-assessment,other,,removed_filterB,False,,,,,,,,,snowball,913,forward,filter-B,"Nuclear reactor core damage probability / PRA; off-domain, risk assessment."
2677,Machine Learning-Based Prediction of Optimal Building-Level Flood Mitigation Strategies in At-Risk Communities,2025,Natural Hazards Review,10.1061/nhrefo.nheng-2330,pre-disaster-mitigation/preparedness/planning,building/urban-area/community,,removed_filterA,False,,,,,,,,,snowball,913,forward,filter-A,"ML prediction of building flood mitigation/retrofit strategies; pre-disaster, buildings."
2678,Water Utilities and Equity in Disasters: A Systematic Literature Review,2023,,10.1061/9780784485163.042,other,lifeline-only-power-water-gas-telecom,,removed_filterC,False,,,,,,,,,snowball,913,forward,filter-C,"Systematic review of water utilities and equity in disasters; lifeline-only water, social review."
2679,Observations on the Effects of a Global Pandemic on the Time To Recovery (TTR) from Natural Disasters,2021,Proceedings of the ... Annual Hawaii International Conference on System Sciences/Proceedings of the Annual Hawaii International Conference on System Sciences,10.24251/hicss.2021.136,empirical-recovery-analysis/prediction,other,,removed_filterB,False,,,,,,,,,snowball,913,forward,filter-B,"Observations on pandemic effects on disaster time-to-recovery; empirical analysis, no transport restoration optimization."
2680,Modeling of Lifeline Infrastructure Restoration Using Empirical Quantitative Data,2020,arXiv (Cornell University),10.48550/arxiv.2008.00991,empirical-recovery-analysis/prediction,lifeline-only-power-water-gas-telecom,,removed_filterC,False,,,,,,,,,snowball,913,forward,filter-C,"Modeling lifeline restoration using empirical data; lifeline-only, empirical recovery modeling."
2681,SOCIAL INFRASTRUCTURE OF UKRAINE: CURRENT TRENDS AND DEVELOPMENT PROSPECTS,2020,Market Infrastructure,10.32843/infrastruct40-4,other,other,,removed_titlescreen,False,,,,,,,,,snowball,913,forward,title-screen,No abstract; social infrastructure of Ukraine development trends; completely off-domain.
2682,The safety and risk assessment of Advanced Reactors (ARs),2023,Elsevier eBooks,10.1016/b978-0-12-820588-4.00019-0,other,other,,removed_filterC,False,,,,,,,,,snowball,913,forward,filter-C,"Advanced Reactors safety/risk assessment; nuclear, not transport restoration."
2683,Toward Community Resilience Assessment,2022,American Society of Civil Engineers eBooks,10.1061/9780784415917.ch1,resilience-quantification/assessment,building/urban-area/community,,removed_filterB,False,,,,,,,,,snowball,913,forward,filter-B,"Community resilience assessment; not restoration scheduling, community-level object."
2684,Review of Existing Resilience Frameworks,2023,American Society of Civil Engineers eBooks,10.1061/9780784485088.app1,resilience-quantification/assessment,other,,removed_filterB,False,,,,,,,,,snowball,913,forward,filter-B,"Review of resilience frameworks; assessment, off-topic."
2685,Introduction,2023,American Society of Civil Engineers eBooks,10.1061/9780784485088.ch1,resilience-quantification/assessment,building/urban-area/community,,removed_filterB,False,,,,,,,,,snowball,913,forward,filter-B,Book intro on community resilience/equity; not restoration scheduling.
2686,A decision support tool for enhancing community resilience: the case of Spain.,2024,,10.15581/10171/69463,resilience-quantification/assessment,building/urban-area/community,,removed_filterB,False,,,,,,,,,snowball,913,forward,filter-B,Community resilience decision support tool; not transport restoration scheduling.
2687,Planning for an accessible future: Paths towards designing equity into our infrastructures,2024,Journal of Critical Infrastructure Policy,10.1002/jci3.12022,pre-disaster-mitigation/preparedness/planning,other,,removed_filterA,False,,,,,,,,,snowball,913,forward,filter-A,Designing equity into infrastructure; pre-disaster planning.
2688,Leveraging the Graph Attention Network Model for Adaptive Spatial Planning of Social Infrastructure,2025,,10.1061/9780784486139.043,pre-disaster-mitigation/preparedness/planning,building/urban-area/community,,removed_filterB,False,,,,,,,,,snowball,913,forward,filter-B,Spatial planning for social infrastructure/small businesses; not transport restoration.
2689,Maxflow-Based Integrated Network Design and Scheduling Problems with Downgraded Capacities,2026,Operations Research Forum,10.1007/s43069-026-00618-1,network-design/retrofit/protection,other,,removed_filterC,False,,,,,,,,,snowball,913,forward,filter-C,"Abstract max-flow network design+scheduling with downgraded capacities; generic OR, not post-disaster transport."
2690,For a better understanding of the logical interdependencies of infrastructures and role of human factor: a review of modeling and simulation applications,2026,Proceedings of the Design Society,10.1017/pds.2026.10629,other,interdependent-infrastructure-incl-transport,,removed_filterB,False,,,,,,,,,snowball,913,forward,filter-B,Review of infrastructure interdependency modeling; not restoration scheduling.
2691,Resilience Assessment of Freight Multimodal Transportation Network in Coastal Area Urban Agglomerations Under Typhoon Disturbances,2026,Sustainability,10.3390/su18073271,resilience-quantification/assessment,general-transportation-network,,removed_filterB,False,,,,,,,,,snowball,1033,forward,filter-B,Freight multimodal network resilience assessment under typhoon; assessment not scheduling.
2692,Energy-efficient metro train rescheduling with uncertain time-variant passenger demands: An approximate dynamic programming approach,2016,Transportation Research Part B Methodological,10.1016/j.trb.2016.05.009,other,railway/transit,,removed_filterB,False,,,,,,,,,snowball,1059,backward,filter-B,"Energy-efficient metro train rescheduling; normal-operations optimization, not post-disaster restoration."
2693,Intelligent Train Operation Algorithms for Subway by Expert System and Reinforcement Learning,2014,IEEE Transactions on Intelligent Transportation Systems,10.1109/tits.2014.2320757,other,railway/transit,,removed_filterB,False,,,,,,,,,snowball,1059,backward,filter-B,"Intelligent train operation via RL; energy/comfort, not restoration."
2694,Cascading failure and recovery of metro–bus double-layer network considering recovery propagation,2023,Transportation Research Part D Transport and Environment,10.1016/j.trd.2023.103861,resilience-quantification/assessment,railway/transit,,removed_filterB,False,,,,,,,,,snowball,1059,backward,filter-B,"Cascading failure and recovery of metro-bus network; recovery-propagation dynamics/assessment, not scheduling optimization."
2695,Dynamic path planning via Dueling Double Deep Q-Network (D3QN) with prioritized experience replay,2024,Applied Soft Computing,10.1016/j.asoc.2024.111503,other,other,,removed_filterB,False,,,,,,,,,snowball,1059,backward,filter-B,"Generic D3QN dynamic path planning; ML method, not post-disaster transport restoration."
2696,The spatial coupling effect between urban public transport and commercial complexes: A network centrality perspective,2019,Sustainable Cities and Society,10.1016/j.scs.2019.101645,other,railway/transit,,removed_filterB,False,,,,,,,,,snowball,1059,backward,filter-B,"Spatial coupling of transit and commercial complexes; network centrality study, not restoration."
2697,Resilience assessment of subway system to waterlogging disaster,2024,Sustainable Cities and Society,10.1016/j.scs.2024.105710,resilience-quantification/assessment,railway/transit,,removed_filterB,False,,,,,,,,,snowball,1059,backward,filter-B,Subway resilience assessment to waterlogging; assessment not scheduling.
2698,Application of a Deep Deterministic Policy Gradient Algorithm for Energy-Aimed Timetable Rescheduling Problem,2019,Energies,10.3390/en12183461,other,railway/transit,,removed_filterB,False,,,,,,,,,snowball,1059,backward,filter-B,DDPG for energy-aimed timetable rescheduling; normal-ops optimization not restoration.
2699,Cascading Failures on Multimodal Public Transportation Networks: The Role of Station Coupling Strength,2024,IEEE Transactions on Intelligent Transportation Systems,10.1109/tits.2024.3450019,resilience-quantification/assessment,general-transportation-network,,removed_filterB,False,,,,,,,,,snowball,1059,backward,filter-B,Cascading failures on multimodal transit; failure-spread analysis not restoration scheduling.
2700,Cascading failure and recovery propagation of metro-bus double-layer network under time-varying passengers,2025,Transportation Research Part D Transport and Environment,10.1016/j.trd.2024.104571,resilience-quantification/assessment,railway/transit,,removed_filterB,False,,,,,,,,,snowball,1059,backward,filter-B,Cascading failure and recovery propagation of metro-bus network; recovery dynamics/assessment not scheduling.
2701,Recovery Strategies for Urban Rail Transit Network Based on Comprehensive Resilience,2023,Sustainability,10.3390/su152015018,resilience-quantification/assessment,railway/transit,,removed_filterB,False,,,,,,,,,snowball,1059;1100;1101,both,filter-B,Recovery strategies for rail transit based on resilience indexes; resilience-driven strategy evaluation not scheduling optimization.
2702,Efficient Real-Time Train Operation Algorithms With Uncertain Passenger Demands,2015,IEEE Transactions on Intelligent Transportation Systems,10.1109/tits.2015.2478403,other,railway/transit,,removed_filterA,False,,,,,,,,,snowball,1059,backward,filter-A,"Real-time train operation under uncertain demand; normal timetable/operations optimization, not post-disaster restoration."
2703,Integrated rescheduling of train timetables and rolling stock circulation for metro line disturbance management: a Q-learning-based approach,2023,Engineering Optimization,10.1080/0305215x.2023.2213640,other,railway/transit,,removed_filterB,False,,,,,,,,,snowball,1059,backward,filter-B,Metro timetable/rolling stock rescheduling for routine disturbances; not post-disaster restoration scheduling.
2704,Road-reconstruction after multi-locational flooding in multi-agent deep RL with the consideration of human mobility - Case study: Western Japan flooding in 2018 -,2022,International Journal of Disaster Risk Reduction,10.1016/j.ijdrr.2021.102780,restoration-scheduling/sequencing,road/highway-network,road/highway-network,kept,True,False,flow/demand-served,network-flow/capacity,reinforcement-learning/DRL,sequential/adaptive/rolling-policy,dynamic/time-varying-demand,deterministic,ok,snowball,1059,backward,kept-curated,"IJDRR 2022 paper (Joo, Ogawa, Sekimoto), 2018 Western Japan flooding. Multi-agent deep RL (DQN) where each agent (operation crew) selects one disrupted road to reconstruct per time step (day) — clear restoration scheduling/sequencing of a road network (582 flooded road sections), passing filters A, "
2705,Fresher Experience Plays a More Important Role in Prioritized Experience Replay,2022,Applied Sciences,10.3390/app122312489,other,other,,removed_filterB,False,,,,,,,,,snowball,1059,backward,filter-B,Pure RL method paper (prioritized experience replay); off-domain.
2706,Integrated Reinforcement Learning and Optimization for Railway Timetable Rescheduling,2024,IFAC-PapersOnLine,10.1016/j.ifacol.2024.07.358,other,railway/transit,,removed_filterB,False,,,,,,,,,snowball,1059,backward,filter-B,"Railway timetable rescheduling for disturbances via RL/optimization; routine operations, not disaster restoration."
2707,Reinforcement Learning: An Introduction,1998,IEEE Transactions on Neural Networks,10.1109/tnn.1998.712192,other,other,,removed_filterB,False,,,,,,,,,snowball,1100,backward,filter-B,RL textbook (Sutton & Barto); off-domain.
2708,Weather and Climate Extreme Events in a Changing Climate,2023,Cambridge University Press eBooks,10.1017/9781009157896.013,hazard/damage-modeling,other,,removed_filterB,False,,,,,,,,,snowball,1100,backward,filter-B,"Climate extreme events report; hazard context, not transport restoration."
2709,Changing the resilience paradigm,2014,Nature Climate Change,10.1038/nclimate2227,resilience-quantification/assessment,other,,removed_filterB,False,,,,,,,,,snowball,1100,backward,filter-B,Resilience paradigm conceptual paper; not transport restoration scheduling.
2710,Proactive Recovery of Electric Power Assets for Resiliency Enhancement,2015,IEEE Access,10.1109/access.2015.2404215,restoration-scheduling/sequencing,lifeline-only-power-water-gas-telecom,,removed_filterC,False,,,,,,,,,snowball,1100,backward,filter-C,"Proactive recovery of electric power assets; lifeline-only, no transport."
2711,Recovery-based seismic resilience enhancement strategies of water distribution networks,2020,Reliability Engineering & System Safety,10.1016/j.ress.2020.107088,restoration-scheduling/sequencing,lifeline-only-power-water-gas-telecom,,removed_filterC,False,,,,,,,,,snowball,1100,backward,filter-C,Water distribution network recovery; lifeline-only.
2712,Sustainable and Resilient Critical Infrastructure Systems,2010,,10.1007/978-3-642-11405-2,resilience-quantification/assessment,lifeline-only-power-water-gas-telecom,,removed_filterB,False,,,,,,,,,snowball,1100,backward,filter-B,Critical infrastructure sustainability/resilience conceptual; not transport restoration.
2713,Evaluating the dynamic resilience of the multi-mode public transit network for sustainable transport,2022,Journal of Cleaner Production,10.1016/j.jclepro.2022.131350,resilience-quantification/assessment,railway/transit,,removed_filterB,False,,,,,,,,,snowball,1100,backward,filter-B,"Evaluating dynamic resilience of transit network; assessment, not restoration scheduling."
2714,Restoration resource allocation model for enhancing resilience of interdependent infrastructure systems,2017,Safety Science,10.1016/j.ssci.2017.10.014,resilience-quantification/assessment,interdependent-infrastructure-incl-transport,transport-and-lifeline-jointly,removed_filterB,False,,,,,,,,ok,snowball,1100,backward,verify-B,"Full text read (Safety Science 102, 2018). The paper develops an optimization model for allocating a limited restoration-resource BUDGET across seven interdependent infrastructure sectors (oil/gas, electric power, natural gas, water/sewage, and transportation sectors ART/TGT/STS) to maximize a resil"
2715,Evaluation of climate change resilience for Boston’s rail rapid transit network,2021,Transportation Research Part D Transport and Environment,10.1016/j.trd.2021.102908,resilience-quantification/assessment,railway/transit,,removed_filterB,False,,,,,,,,,snowball,1100;1101,both,filter-B,"Climate change resilience evaluation of rail transit; assessment, not restoration."
2716,Resilience-based restoration strategy optimization for interdependent gas and power networks,2021,Applied Energy,10.1016/j.apenergy.2021.117560,restoration-scheduling/sequencing,lifeline-only-power-water-gas-telecom,,removed_filterC,False,,,,,,,,,snowball,1100,backward,filter-C,"Restoration of interdependent gas and power networks; lifeline-only, no transport."
2717,Modeling and Optimizing Recovery Strategies for Power Distribution System Resilience,2020,IEEE Systems Journal,10.1109/jsyst.2020.3020058,restoration-scheduling/sequencing,lifeline-only-power-water-gas-telecom,,removed_filterC,False,,,,,,,,,snowball,1100,backward,filter-C,Power distribution system recovery/repair sequencing; lifeline-only.
2718,Resilience-Motivated Distribution System Restoration Considering Electricity-Water-Gas Interdependency,2021,IEEE Transactions on Smart Grid,10.1109/tsg.2021.3105234,restoration-scheduling/sequencing,lifeline-only-power-water-gas-telecom,,removed_filterC,False,,,,,,,,,snowball,1100,backward,filter-C,"Electricity-water-gas distribution restoration; lifeline-only, no transport."
2719,Resilience-Based Optimal Recovery Strategy for Cyber–Physical Power Systems Considering Component Multistate Failures,2020,IEEE Transactions on Reliability,10.1109/tr.2020.3025179,restoration-scheduling/sequencing,lifeline-only-power-water-gas-telecom,,removed_filterC,False,,,,,,,,,snowball,1100,backward,filter-C,Cyber-physical power system recovery; lifeline-only.
2720,Value of resilience-based solutions on critical infrastructure protection: Comparing with robustness-based solutions,2019,Reliability Engineering & System Safety,10.1016/j.ress.2019.106506,resilience-quantification/assessment,other,,removed_filterB,False,,,,,,,,,snowball,1100,backward,filter-B,"Resilience vs robustness solution value for CI protection; assessment/protection, not transport restoration."
2721,A graph convolution network‐deep reinforcement learning model for resilient water distribution network repair decisions,2022,Computer-Aided Civil and Infrastructure Engineering,10.1111/mice.12813,restoration-scheduling/sequencing,lifeline-only-power-water-gas-telecom,,removed_filterC,False,,,,,,,,,snowball,1100,backward,filter-C,Water distribution network repair decisions via GCN-DRL; lifeline-only.
2722,Resiliency-based optimization of restoration policies for electric power distribution systems,2018,Electric Power Systems Research,10.1016/j.epsr.2018.04.007,restoration-scheduling/sequencing,lifeline-only-power-water-gas-telecom,,removed_filterC,False,,,,,,,,,snowball,1100,backward,filter-C,"Electric power distribution restoration, lifeline only, no transport component."
2723,A Two-Stage Restoration Resource Allocation Model for Enhancing the Resilience of Interdependent Infrastructure Systems,2019,Sustainability,10.3390/su11195143,restoration-scheduling/sequencing,lifeline-only-power-water-gas-telecom,,removed_filterC,False,,,,,,,,,snowball,1100,backward,filter-C,"Generic interdependent infrastructure restoration resource allocation; abstract gives no transport specificity, reads as lifeline/general infrastructure resilience, not a transport network object."
2724,A hypothesis-driven framework for resilience analysis of public transport network under compound failure scenarios,2021,International Journal of Critical Infrastructure Protection,10.1016/j.ijcip.2021.100455,resilience-quantification/assessment,railway/transit,,removed_filterB,False,,,,,,,,,snowball,1100,backward,filter-B,Public transport resilience analysis under compound failures; assessment not restoration scheduling.
2725,Investing in Transportation Resilience: A Framework for Informed Choices,2021,Transportation Research Board eBooks,10.17226/26292,pre-disaster-mitigation/preparedness/planning,general-transportation-network,,removed_filterB,False,,,,,,,,,snowball,1100,backward,filter-B,"Investment framework for transportation resilience; pre-disaster planning/assessment, not restoration scheduling."
2726,Towards optimal recovery scheduling for dynamic resilience of networked infrastructure,2018,Journal of Systems Engineering and Electronics,10.21629/jsee.2018.05.11,restoration-scheduling/sequencing,road/highway-network,road/highway-network,kept,True,False,resilience-area/functionality,topological/graph-metric,heuristic/metaheuristic/GA; simulation-optimization,sequential/adaptive/rolling-policy,not-applicable,stochastic/scenario-based,ok,snowball,1100,backward,kept-curated,"Full-text figures/tables confirm the case study is the ""Backbone road network of Wuhan"" (Fig 7) with a ""graph representation focusing on one-direction traffic"" (Fig 8); authors are from the Intelligent Transportation System Research Center, Wuhan Univ. of Technology. PASSES A (post-disruption recove"
2727,Vulnerability and Resilience Assessment of Power Systems: From Deterioration to Recovery via a Topological Model based on Graph Theory,2020,,10.1109/ropec50909.2020.9258709,vulnerability/risk/fragility-assessment,lifeline-only-power-water-gas-telecom,,removed_filterC,False,,,,,,,,,snowball,1100,backward,filter-C,"Power grid vulnerability/resilience topological assessment; lifeline only, and assessment not scheduling."
2728,Resilience-Driven Multiobjective Restoration Planning for Water Distribution Networks,2020,Journal of Performance of Constructed Facilities,10.1061/(asce)cf.1943-5509.0001478,restoration-scheduling/sequencing,lifeline-only-power-water-gas-telecom,,removed_filterC,False,,,,,,,,,snowball,1100,backward,filter-C,"Water distribution network restoration planning; lifeline only, no transport."
2729,Assessing the Bus Bridging Effectiveness on the Operational Resilience of the Subway Service in Toronto,2021,Transportation Research Record Journal of the Transportation Research Board,10.1177/03611981211007836,resilience-quantification/assessment,railway/transit,,removed_filterB,False,,,,,,,,,snowball,1100,backward,filter-B,"Bus bridging effect on subway operational resilience; assessment, not restoration scheduling/dispatch."
2730,REINFORCE: rapid augmentation of large-scale multi-modal transport networks for resilience enhancement,2021,Applied Network Science,10.1007/s41109-021-00422-2,network-design/retrofit/protection,general-transportation-network,,removed_filterB,False,,,,,,,,,snowball,1100,backward,filter-B,"Augmenting multimodal transport networks for resilience enhancement; network design, not post-disaster restoration."
2731,REPAIR SEQUENCE AND RECOVERY TIME IN WATER DISTRIBUTION NETWORK RESILIENCY,2021,International Journal of Geomate,10.21660/2020.77.9208,restoration-scheduling/sequencing,lifeline-only-power-water-gas-telecom,,removed_filterC,False,,,,,,,,,snowball,1100,backward,filter-C,"Water distribution network repair sequence; lifeline only, no transport."
2732,Natural Selection in the Wild,1987,Taxon,10.2307/1221470,other,other,,removed_titlescreen,False,,,,,,,,,snowball,1100,backward,title-screen,"Natural Selection in the Wild; biology, completely off-domain."
2733,The Proof and Measurement of Association Between Two Things.,1961,Appleton-Century-Crofts eBooks,10.1037/11491-005,other,other,,removed_titlescreen,False,,,,,,,,,snowball,1100,backward,title-screen,Statistics/correlation methods paper; off-domain.
2734,An introduction to genetic algorithms,1997,Complexity,10.1002/(sici)1099-0526(199705/06)2:5<39::aid-cplx8>3.3.co;2-c,other,other,,removed_titlescreen,False,,,,,,,,,snowball,1100,backward,title-screen,"Introduction to genetic algorithms; generic method, off-domain."
2735,"2002 IEEE International Conference on Systems, Man and Cybernetics",2002,,10.1109/icsmc.2002.1176317,other,other,,removed_titlescreen,False,,,,,,,,,snowball,1100,backward,title-screen,Conference proceedings front matter; not a research paper.
2736,Towards Microgrid Resilience Enhancement via Mobile Power Sources and Repair Crews: A Multi-Agent Reinforcement Learning Approach,2023,IEEE Transactions on Power Systems,10.1109/tpwrs.2023.3240479,crew/resource-routing-dispatch,interdependent-infrastructure-incl-transport,power-electricity-system,removed_filterC,False,,,,,,,,,snowball,1100,backward,filter-C,"Mobile power sources and repair crews for microgrid resilience; transport is only medium, restored object is power => remove(C)."
2737,Measuring the resilience of an urban rail transit network: A multi-dimensional evaluation model,2022,Transport Policy,10.1016/j.tranpol.2022.10.003,resilience-quantification/assessment,railway/transit,,removed_filterB,False,,,,,,,,,snowball,1100,backward,filter-B,"Multi-dimensional resilience measurement of urban rail transit; assessment, not restoration scheduling."
2738,Surrogate model-assisted seismic resilience assessment of the interdependent transportation and healthcare system considering a two-stage recovery strategy,2024,Reliability Engineering & System Safety,10.1016/j.ress.2024.109941,resilience-quantification/assessment,interdependent-infrastructure-incl-transport,,removed_filterB,False,,,,,,,,,snowball,1100,backward,filter-B,"Seismic resilience assessment of interdependent transport-healthcare system; assessment despite two-stage recovery, not scheduling optimization."
2739,Modeling the resilience of interdependent networks: The role of function dependency in metro and bus systems,2023,Transportation Research Part A Policy and Practice,10.1016/j.tra.2023.103907,resilience-quantification/assessment,railway/transit,,removed_filterB,False,,,,,,,,,snowball,1100;1101,both,filter-B,"Modeling resilience of interdependent metro/bus networks; assessment, not restoration scheduling."
2740,Assessing flood resilience of urban rail transit systems: Complex network modelling and stress testing in a case study of London,2024,Transportation Research Part D Transport and Environment,10.1016/j.trd.2024.104263,resilience-quantification/assessment,railway/transit,,removed_filterB,False,,,,,,,,,snowball,1100;1101,both,filter-B,"Flood resilience assessment of urban rail via complex networks; assessment, not restoration scheduling."
2741,"Old wine in new bottles? Understanding infrastructure resilience: Foundations, assessment, and limitations",2023,Transportation Research Part D Transport and Environment,10.1016/j.trd.2023.103793,resilience-quantification/assessment,other,,removed_filterB,False,,,,,,,,,snowball,1100;1101,both,filter-B,Conceptual review of infrastructure resilience foundations/assessment; not restoration scheduling and not transport-specific.
2742,Resilience-based post-earthquake recovery optimization of water distribution networks,2022,International Journal of Disaster Risk Reduction,10.1016/j.ijdrr.2022.102934,restoration-scheduling/sequencing,lifeline-only-power-water-gas-telecom,,removed_filterC,False,,,,,,,,,snowball,1100,backward,filter-C,"Water distribution network recovery only; lifeline-only, no transport."
2743,A Review of Resilience Assessment and Recovery Strategies of Urban Rail Transit Networks,2024,Sustainability,10.3390/su16156390,resilience-quantification/assessment,railway/transit,,removed_filterB,False,,,,,,,,,snowball,1100;1101,both,filter-B,Review of resilience assessment/recovery strategies; not restoration scheduling optimization.
2744,Layered Coordination Architecture for Resilient Restoration of Power Distribution Systems,2022,IEEE Transactions on Industrial Informatics,10.1109/tii.2022.3177464,restoration-scheduling/sequencing,lifeline-only-power-water-gas-telecom,,removed_filterC,False,,,,,,,,,snowball,1100,backward,filter-C,"Power distribution system restoration; lifeline-only, no transport."
2745,A self-healing restoration of power grid based on two-stage adaptive decision-making strategy to enhance grid resilience,2023,International Journal of Electrical Power & Energy Systems,10.1016/j.ijepes.2023.109435,restoration-scheduling/sequencing,lifeline-only-power-water-gas-telecom,,removed_filterC,False,,,,,,,,,snowball,1100,backward,filter-C,Power grid self-healing restoration; lifeline-only.
2746,Depth‐damage curves for rail rapid transit infrastructure,2022,Journal of Flood Risk Management,10.1111/jfr3.12856,hazard/damage-modeling,railway/transit,,removed_filterB,False,,,,,,,,,snowball,1100,backward,filter-B,"Depth-damage/fragility curves for rail transit; hazard/damage modeling, not restoration."
2747,Cyber Restoration of Power Systems: Concept and Methodology for Resilient Observability,2023,IEEE Transactions on Systems Man and Cybernetics Systems,10.1109/tsmc.2023.3258412,restoration-scheduling/sequencing,lifeline-only-power-water-gas-telecom,,removed_filterC,False,,,,,,,,,snowball,1100,backward,filter-C,Cyber restoration of power systems; lifeline-only.
2748,Topology-Based Resilience Metrics for Seismic Performance Evaluation and Recovery Analysis of Water Distribution Systems,2022,Journal of Pipeline Systems Engineering and Practice,10.1061/jpsea2.pseng-1303,resilience-quantification/assessment,lifeline-only-power-water-gas-telecom,,removed_filterC,False,,,,,,,,,snowball,1100,backward,filter-C,Water distribution seismic resilience metrics; lifeline-only and assessment.
2749,Resilience-Based Repair Strategy for Gas Network System and Water Network System in Urban City,2022,Sustainability,10.3390/su14063344,restoration-scheduling/sequencing,lifeline-only-power-water-gas-telecom,,removed_filterC,False,,,,,,,,,snowball,1100,backward,filter-C,Gas and water network repair strategy; lifeline-only.
2750,"Sustainable urban management and flood resilience in China’s Yangtze river economic belt: Drivers, patterns, and policy synergies",2025,Sustainable Cities and Society,10.1016/j.scs.2025.106737,other,building/urban-area/community,,removed_filterB,False,,,,,,,,,snowball,1100,forward,filter-B,"Urban management/flood resilience policy; off-topic, no transport restoration."
2751,Increasing flood hazards threaten metro system resilience under climate and demographic changes,2025,Sustainable Cities and Society,10.1016/j.scs.2025.106890,hazard/damage-modeling,railway/transit,,removed_filterB,False,,,,,,,,,snowball,1100,forward,filter-B,"Flood hazard threats to metro resilience; hazard/assessment, not restoration."
2752,Impact assessment on spatial connectivity and simulation of traffic flows under flood-related road network disruptions,2025,Sustainable Cities and Society,10.1016/j.scs.2025.107003,vulnerability/risk/fragility-assessment,road/highway-network,,removed_filterB,False,,,,,,,,,snowball,1100,forward,filter-B,"Flood disruption impact assessment and traffic simulation; vulnerability assessment, not restoration."
2753,From implementation to effectiveness: climate adaptive city pilot and innovative environmental finance,2026,Applied Economics,10.1080/00036846.2026.2619798,other,other,,removed_titlescreen,False,,,,,,,,,snowball,1100,forward,title-screen,Climate adaptation finance; completely off-domain.
2754,Flood risk assessment of urban rail transit stations based on uncertainty analysis,2025,Stochastic Environmental Research and Risk Assessment,10.1007/s00477-025-03066-1,vulnerability/risk/fragility-assessment,railway/transit,,removed_filterB,False,,,,,,,,,snowball,1100,forward,filter-B,"Flood risk assessment of rail transit stations; risk assessment, not restoration."
2755,Entrance/Exit Characteristics-Driven Flood Risk Assessment of Urban Underground Garages Under Extreme Rainfall Scenarios,2025,Water,10.3390/w17142081,vulnerability/risk/fragility-assessment,building/urban-area/community,,removed_filterC,False,,,,,,,,,snowball,1100,forward,filter-C,"Flood risk of underground garages; building/urban, not transport restoration."
2756,Coupling the stormwater management model with Long Short-Term Memory networks to predict node overflow,2025,Desalination and Water Treatment,10.1016/j.dwt.2025.101378,hazard/damage-modeling,other,,removed_filterB,False,,,,,,,,,snowball,1100,forward,filter-B,"SWMM+LSTM stormwater overflow prediction; hazard modeling, off-topic."
2757,Urban rail transit resilience: a systematic review of influencing factors and enhancement strategies,2026,Transport Reviews,10.1080/01441647.2026.2664410,resilience-quantification/assessment,railway/transit,,removed_filterB,False,,,,,,,,,snowball,1100,forward,filter-B,Systematic review of URT resilience factors; not restoration scheduling.
2758,"GIS-Based Multi-criteria Flood Risk Assessment Using AHP in the Arpa River Basin, Chhattisgarh",2026,Journal of the Indian Society of Remote Sensing,10.1007/s12524-025-02384-9,vulnerability/risk/fragility-assessment,other,,removed_filterB,False,,,,,,,,,snowball,1100,forward,filter-B,"GIS-AHP flood risk assessment river basin; risk assessment, off-topic."
2759,Resilience Quantification and Recovery Prediction of Highway Toll-Station Nodes Under Rainfall Disturbances,2026,Sustainability,10.3390/su18094455,resilience-quantification/assessment,road/highway-network,,removed_filterB,False,,,,,,,,,snowball,1100,forward,filter-B,"Resilience quantification and recovery prediction of toll-station nodes; assessment/prediction, not restoration scheduling."
2760,Flood Impacts on Transportation Infrastructure: Current Trends and Future Perspectives,2026,Natural Hazards Review,10.1061/nhrefo.nheng-2558,empirical-recovery-analysis/prediction,general-transportation-network,,removed_filterB,False,,,,,,,,,snowball,1100,forward,filter-B,"Review of flood impacts on transportation; review/trends, not restoration optimization."
2761,Collective dynamics of ‘small-world’ networks,1998,Nature,10.1038/30918,other,other,,removed_titlescreen,False,,,,,,,,,snowball,1101,backward,title-screen,Small-world networks foundational paper; off-domain.
2762,Emergence of Scaling in Random Networks,1999,Science,10.1126/science.286.5439.509,other,other,,removed_filterB,False,,,,,,,,,snowball,1101,backward,filter-B,"Scale-free network theory (Barabasi-Albert), pure network science, not post-disaster transport restoration."
2763,Error and attack tolerance of complex networks,2000,Nature,10.1038/35019019,vulnerability/risk/fragility-assessment,other,,removed_filterB,False,,,,,,,,,snowball,1101,backward,filter-B,"Complex network error/attack tolerance; topology robustness theory, no restoration scheduling."
2764,Error and attack tolerance of complex networks,2000,,,vulnerability/risk/fragility-assessment,other,,removed_filterB,False,,,,,,,,,snowball,1101,backward,filter-B,"Complex network error/attack tolerance; abstract network robustness, not transport restoration."
2765,Efficient Behavior of Small-World Networks,2001,Physical Review Letters,10.1103/physrevlett.87.198701,other,other,,removed_filterB,False,,,,,,,,,snowball,1101,backward,filter-B,Small-world network efficiency measure; pure network theory.
2766,Algorithm 97: Shortest path,1962,Communications of the ACM,10.1145/367766.368168,other,other,,removed_filterB,False,,,,,,,,,snowball,1101,backward,filter-B,"Floyd shortest-path algorithm; pure OR/algorithm method, off-topic."
2767,"Reliability, resiliency, and vulnerability criteria for water resource system performance evaluation",1982,Water Resources Research,10.1029/wr018i001p00014,resilience-quantification/assessment,lifeline-only-power-water-gas-telecom,,removed_filterC,False,,,,,,,,,snowball,1101,backward,filter-C,"Water resource system reliability/resiliency/vulnerability criteria; lifeline only, no transport."
2768,Financial Managemen:t Theory and Practice,1979,,,other,other,,removed_filterB,False,,,,,,,,,snowball,1101,backward,filter-B,Financial management textbook; completely off-domain.
2769,A metric and frameworks for resilience analysis of engineered and infrastructure systems,2013,Reliability Engineering & System Safety,10.1016/j.ress.2013.07.004,resilience-quantification/assessment,other,,removed_filterB,False,,,,,,,,,snowball,1101,backward,filter-B,General resilience metric/framework for infrastructure systems; assessment not restoration scheduling.
2770,Generic metrics and quantitative approaches for system resilience as a function of time,2011,Reliability Engineering & System Safety,10.1016/j.ress.2011.09.002,resilience-quantification/assessment,other,,removed_filterB,False,,,,,,,,,snowball,1101,backward,filter-B,"Generic resilience metrics as function of time; quantification, not transport restoration scheduling."
2771,"Systems Resilience for Multihazard Environments: Definition, Metrics, and Valuation for Decision Making",2013,Risk Analysis,10.1111/risa.12093,resilience-quantification/assessment,other,,removed_filterB,False,,,,,,,,,snowball,1101,backward,filter-B,"Systems resilience definition/metrics/valuation for multihazard; assessment framework, not restoration."
2772,Shortest Path Algorithms: An Evaluation Using Real Road Networks,1998,Transportation Science,10.1287/trsc.32.1.65,other,road/highway-network,,removed_filterB,False,,,,,,,,,snowball,1101,backward,filter-B,"Shortest-path algorithm evaluation on road networks; pure OR method, not restoration."
2773,Error and attack tolerance of complex networks,2004,Physica A Statistical Mechanics and its Applications,10.1016/j.physa.2004.04.031,vulnerability/risk/fragility-assessment,other,,removed_filterB,False,,,,,,,,,snowball,1101,backward,filter-B,Complex network error/attack tolerance; network robustness theory.
2774,Efficiency of scale-free networks: error and attack tolerance,2003,Physica A Statistical Mechanics and its Applications,10.1016/s0378-4371(02)01545-5,vulnerability/risk/fragility-assessment,other,,removed_filterB,False,,,,,,,,,snowball,1101,backward,filter-B,"Scale-free network error/attack tolerance; network theory, off-topic."
2775,The complexity and robustness of metro networks,2010,Physica A Statistical Mechanics and its Applications,10.1016/j.physa.2010.04.008,vulnerability/risk/fragility-assessment,railway/transit,,removed_filterB,False,,,,,,,,,snowball,1101,backward,filter-B,"Metro network complexity/robustness; topology assessment of transit, not restoration scheduling."
2776,Robustness assessment of urban rail transit based on complex network theory: A case study of the Beijing Subway,2015,Safety Science,10.1016/j.ssci.2015.06.006,vulnerability/risk/fragility-assessment,railway/transit,,removed_filterB,False,,,,,,,,,snowball,1101,backward,filter-B,Urban rail robustness via complex network theory (Beijing Subway); assessment not restoration.
2777,Public transport networks: empirical analysis and modeling,2009,The European Physical Journal B,10.1140/epjb/e2009-00090-x,other,railway/transit,,removed_filterB,False,,,,,,,,,snowball,1101,backward,filter-B,"Public transport network empirical analysis/modeling; topology study, not restoration."
2778,Life-cycle of structural systems: recent achievements and future directions,2015,Structure and Infrastructure Engineering,10.1080/15732479.2014.999794,other,other,,removed_filterB,False,,,,,,,,,snowball,1101,backward,filter-B,"Life-cycle of structural systems review; structural deterioration/maintenance, not transport restoration scheduling."
2779,Optimization of construction time-cost trade-off analysis using genetic algorithms,1999,Canadian Journal of Civil Engineering,10.1139/l99-031,other,other,,removed_filterB,False,,,,,,,,,snowball,1101,backward,filter-B,"Construction time-cost trade-off via GA; project management method, off-topic."
2780,,2009,Coventry University Open Collections (Coventry university),,other,railway/transit,,removed_filterB,False,,,,,,,,,snowball,1101,backward,filter-B,"Public transport network graph analysis of 14 cities; topology modeling, not restoration."
2781,Resilience analysis of shield tunnel lining under extreme surcharge: Characterization and field application,2015,Tunnelling and Underground Space Technology,10.1016/j.tust.2015.10.044,resilience-quantification/assessment,other,,removed_filterB,False,,,,,,,,,snowball,1101,backward,filter-B,"Shield tunnel lining resilience under surcharge; structural resilience of tunnel, not transport network restoration."
2782,"Practical Resilience Metrics for Planning, Design, and Decision Making",2015,ASCE-ASME Journal of Risk and Uncertainty in Engineering Systems Part A Civil Engineering,10.1061/ajrua6.0000826,resilience-quantification/assessment,other,,removed_filterB,False,,,,,,,,,snowball,1101,backward,filter-B,Resilience metrics for planning/design/decision-making across natural disasters; not post-disaster transport restoration scheduling.
2783,Critical Infrastructure Security and Resilience,2019,Advanced sciences and technologies for security applications,10.1007/978-3-030-00024-0,resilience-quantification/assessment,lifeline-only-power-water-gas-telecom,,removed_filterB,False,,,,,,,,,snowball,1101,backward,filter-B,General critical infrastructure security and resilience; not a transport restoration scheduling problem.
2784,Construction Time-Cost Trade-Off Analysis Using LP/IP Hybrid Method,1995,Journal of Construction Engineering and Management,10.1061/(asce)0733-9364(1995)121:4(446),other,other,,removed_filterB,False,,,,,,,,,snowball,1101,backward,filter-B,Generic construction time-cost trade-off LP/IP method; not disaster-related transport restoration.
2785,"Networked analysis of the Shanghai subway network, in China",2011,Physica A Statistical Mechanics and its Applications,10.1016/j.physa.2011.06.022,resilience-quantification/assessment,railway/transit,,removed_filterB,False,,,,,,,,,snowball,1101,backward,filter-B,Network analysis of Shanghai subway topology; not post-disaster restoration scheduling.
2786,Networked characteristics of the urban rail transit networks,2012,Physica A Statistical Mechanics and its Applications,10.1016/j.physa.2012.11.036,resilience-quantification/assessment,railway/transit,,removed_filterB,False,,,,,,,,,snowball,1101,backward,filter-B,"Network characteristics of urban rail transit; topological study, not restoration scheduling."
2787,Fully probabilistic analysis of FRP-to-concrete bonded joints considering model uncertainty,2017,Composite Structures,10.1016/j.compstruct.2017.11.058,other,other,,removed_filterC,False,,,,,,,,,snowball,1101,backward,filter-C,"Probabilistic FRP-to-concrete bond joint analysis; structural material study, off-domain."
2788,On Hydrogeomechanical Causes of Accident in the Subway of Saint Petersburg,2004,Journal of Mining Science,10.1023/b:jomi.0000041523.83043.2b,hazard/damage-modeling,other,,removed_filterC,False,,,,,,,,,snowball,1101,backward,filter-C,"Hydrogeomechanical causes of subway accident; geotechnical hazard study, not restoration scheduling."
2789,The small-world problem,1967,PsycEXTRA Dataset,10.1037/e400002009-005,other,other,,removed_titlescreen,False,,,,,,,,,snowball,1101,backward,title-screen,Classic small-world network theory paper; completely off-domain.
2790,Time-Cost Optimization of Large-Scale Construction Projects Using Constraint Programming,2012,UWSpace (University of Waterloo),,other,other,,removed_filterB,False,,,,,,,,,snowball,1101,backward,filter-B,Generic construction time-cost optimization via constraint programming; not disaster transport restoration.
2791,Resilience in railway transport systems: a literature review and research agenda,2020,Transport Reviews,10.1080/01441647.2020.1728419,resilience-quantification/assessment,railway/transit,,removed_filterB,False,,,,,,,,,snowball,1101,forward,filter-B,"Literature review on railway resilience; review/assessment, not restoration scheduling."
2792,Mapping urban resilience to disasters – A review,2019,Sustainable Cities and Society,10.1016/j.scs.2019.101746,resilience-quantification/assessment,building/urban-area/community,,removed_filterB,False,,,,,,,,,snowball,1101,forward,filter-B,Review of urban resilience to disasters; not transport restoration scheduling.
2793,Vulnerability and resilience of transportation systems: A recent literature review,2021,Physica A Statistical Mechanics and its Applications,10.1016/j.physa.2021.126235,vulnerability/risk/fragility-assessment,general-transportation-network,,removed_filterB,False,,,,,,,,,snowball,1101,forward,filter-B,Literature review on transport vulnerability/resilience; not a restoration scheduling problem.
2794,Resilience evaluation methodology of engineering systems with dynamic-Bayesian-network-based degradation and maintenance,2021,Reliability Engineering & System Safety,10.1016/j.ress.2021.107464,resilience-quantification/assessment,other,,removed_filterB,False,,,,,,,,,snowball,1101,forward,filter-B,"Bayesian-network resilience evaluation of engineering systems; assessment methodology, off-domain object."
2795,Resilience assessment of an urban rail transit network: A case study of Chengdu subway,2021,Physica A Statistical Mechanics and its Applications,10.1016/j.physa.2021.126517,resilience-quantification/assessment,railway/transit,,removed_filterB,False,,,,,,,,,snowball,1101,forward,filter-B,Resilience assessment of Chengdu subway network; assessment not restoration scheduling.
2796,Assessing the vulnerability of urban rail transit network under heavy air pollution: A dynamic vehicle restriction perspective,2019,Sustainable Cities and Society,10.1016/j.scs.2019.101851,vulnerability/risk/fragility-assessment,railway/transit,,removed_filterB,False,,,,,,,,,snowball,1101,forward,filter-B,Vulnerability of rail transit under air pollution/vehicle restriction; not post-disaster restoration.
2797,Method of power network critical nodes identification and robustness enhancement based on a cooperative framework,2020,Reliability Engineering & System Safety,10.1016/j.ress.2020.107313,link-criticality/importance-ranking,lifeline-only-power-water-gas-telecom,,removed_filterC,False,,,,,,,,,snowball,1101,forward,filter-C,"Power network critical node identification/robustness; lifeline-only, no transport component."
2798,Vulnerability analysis of the global liner shipping network: from static structure to cascading failure dynamics,2022,Ocean & Coastal Management,10.1016/j.ocecoaman.2022.106325,vulnerability/risk/fragility-assessment,port/airport/maritime/waterway,,removed_filterC,False,,,,,,,,,snowball,1101,forward,filter-C,"Vulnerability/cascading failure of liner shipping network; maritime object, not road/rail transport."
2799,Vulnerability assessments of weighted urban rail transit networks with integrated coupled map lattices,2021,Reliability Engineering & System Safety,10.1016/j.ress.2021.107707,vulnerability/risk/fragility-assessment,railway/transit,,removed_filterB,False,,,,,,,,,snowball,1101,forward,filter-B,Vulnerability assessment of weighted urban rail networks; assessment not restoration scheduling.
2800,The application of resilience theory in urban development: a literature review,2022,Environmental Science and Pollution Research,10.1007/s11356-022-20891-x,resilience-quantification/assessment,building/urban-area/community,,removed_filterB,False,,,,,,,,,snowball,1101,forward,filter-B,Literature review on resilience theory in urban development; not transport restoration.
2801,Physics-based resilience assessment of interdependent civil infrastructure systems with condition-varying components: A case with stormwater drainage system and road transport system,2019,Sustainable Cities and Society,10.1016/j.scs.2019.101886,resilience-quantification/assessment,lifeline-only-power-water-gas-telecom,,removed_filterC,False,,,,,,,,,snowball,1101,forward,filter-C,"Resilience assessment of interdependent civil infrastructure (stormwater case); lifeline, not transport restoration."
2802,Resilience assessment of a subsea pipeline using dynamic Bayesian network,2022,Journal of Pipeline Science and Engineering,10.1016/j.jpse.2022.100053,resilience-quantification/assessment,lifeline-only-power-water-gas-telecom,,removed_filterA,False,,,,,,,,,snowball,1101,forward,filter-A,"Subsea pipeline resilience under corrosion; lifeline/pipeline only, no transport; resilience assessment."
2803,A physics-based framework for analyzing the resilience of interdependent civil infrastructure systems: A climatic extreme event case in Hong Kong,2019,Sustainable Cities and Society,10.1016/j.scs.2019.101485,resilience-quantification/assessment,interdependent-infrastructure-incl-transport,,removed_filterB,False,,,,,,,,,snowball,1101,forward,filter-B,Physics-based resilience analysis framework; assessment not restoration scheduling.
2804,Exploring the robustness of public transportation for sustainable cities: A double-layered network perspective,2020,Journal of Cleaner Production,10.1016/j.jclepro.2020.121747,resilience-quantification/assessment,railway/transit,,removed_filterB,False,,,,,,,,,snowball,1101,forward,filter-B,"Robustness of public transportation network; assessment, not restoration."
2805,Assessment of the Resilience of a Complex Network for Crude Oil Transportation on the Maritime Silk Road,2020,IEEE Access,10.1109/access.2020.3028214,resilience-quantification/assessment,port/airport/maritime/waterway,,removed_filterC,False,,,,,,,,,snowball,1101,forward,filter-C,Maritime crude oil transport network resilience; maritime and assessment.
2806,Exploring node importance evolution of weighted complex networks in urban rail transit,2020,Physica A Statistical Mechanics and its Applications,10.1016/j.physa.2020.124925,link-criticality/importance-ranking,railway/transit,,removed_filterB,False,,,,,,,,,snowball,1101,forward,filter-B,"Node importance in urban rail; criticality ranking, not restoration."
2807,The role of urban configuration during disasters. A scenario-based methodology for the post-earthquake emergency management of Italian historic centres,2020,Safety Science,10.1016/j.ssci.2020.104700,resilience-quantification/assessment,building/urban-area/community,,removed_filterB,False,,,,,,,,,snowball,1101,forward,filter-B,"Post-earthquake emergency management of historic urban configuration; urban area, assessment."
2808,Resilience analysis of an urban rail transit for the passenger travel service,2024,Transportation Research Part D Transport and Environment,10.1016/j.trd.2024.104085,resilience-quantification/assessment,railway/transit,,removed_filterB,False,,,,,,,,,snowball,1101,forward,filter-B,Resilience analysis of urban rail passenger service; assessment.
2809,Resilience Analysis of Maritime Silk Road Shipping Network Structure under Disruption Simulation,2022,Journal of Marine Science and Engineering,10.3390/jmse10050617,resilience-quantification/assessment,port/airport/maritime/waterway,,removed_filterC,False,,,,,,,,,snowball,1101,forward,filter-C,"Maritime shipping network resilience under disruption; maritime/port, assessment."
2810,Route redundancy-based approach to identify the critical stations in metro networks: A mean-excess probability measure,2020,Reliability Engineering & System Safety,10.1016/j.ress.2020.107204,link-criticality/importance-ranking,railway/transit,,removed_filterB,False,,,,,,,,,snowball,1101,forward,filter-B,Critical station identification in metro; criticality ranking.
2811,Benchmark Analysis for Robustness of Multi-Scale Urban Road Networks Under Global Disruptions,2022,IEEE Transactions on Intelligent Transportation Systems,10.1109/tits.2022.3149969,resilience-quantification/assessment,road/highway-network,,removed_filterB,False,,,,,,,,,snowball,1101,forward,filter-B,"Robustness benchmark of urban road networks; assessment, not restoration."
2812,Analysis on causes of chemical industry accident from 2015 to 2020 in Chinese mainland: A complex network theory approach,2023,Journal of Loss Prevention in the Process Industries,10.1016/j.jlp.2023.105061,other,other,,removed_titlescreen,False,,,,,,,,,snowball,1101,forward,title-screen,Chemical industry accident causal analysis; off-domain.
2813,Robustness evaluation of the air cargo network considering node importance and attack cost,2021,Reliability Engineering & System Safety,10.1016/j.ress.2021.108026,resilience-quantification/assessment,port/airport/maritime/waterway,,removed_filterC,False,,,,,,,,,snowball,1101,forward,filter-C,"Air cargo network robustness; airport/aviation, assessment."
2814,A double-weighted vulnerability assessment model for metrorail transit networks and its application in Shanghai metro,2020,International Journal of Critical Infrastructure Protection,10.1016/j.ijcip.2020.100358,vulnerability/risk/fragility-assessment,railway/transit,,removed_filterB,False,,,,,,,,,snowball,1101,forward,filter-B,Metrorail vulnerability assessment; not restoration.
2815,Structural resilience evolution and vulnerability assessment of semiconductor materials supply network in the global semiconductor industry,2024,International Journal of Production Economics,10.1016/j.ijpe.2024.109172,vulnerability/risk/fragility-assessment,supply-chain/facility,,removed_filterC,False,,,,,,,,,snowball,1101,forward,filter-C,Semiconductor supply network resilience/vulnerability; supply chain.
2816,Comparison analysis on complex topological network models of urban rail transit: A case study of Shenzhen Metro in China,2020,Physica A Statistical Mechanics and its Applications,10.1016/j.physa.2020.125031,other,railway/transit,,removed_filterB,False,,,,,,,,,snowball,1101,forward,filter-B,"Topological network model comparison of metro; methods, not restoration."
2817,A resilience assessment framework for urban transportation systems,2020,International Journal of Production Research,10.1080/00207543.2020.1847339,resilience-quantification/assessment,general-transportation-network,,removed_filterB,False,,,,,,,,,snowball,1101,forward,filter-B,Urban transportation resilience assessment framework; assessment.
2818,Resilience Assessment of an Urban Metro Complex Network: A Case Study of the Zhengzhou Metro,2022,Sustainability,10.3390/su141811555,resilience-quantification/assessment,railway/transit,,removed_filterB,False,,,,,,,,,snowball,1101,forward,filter-B,Urban metro resilience assessment; assessment.
2819,Resilience Assessment of an Urban Rail Transit Network Under Short-Term Operational Disturbances,2022,IEEE Transactions on Intelligent Transportation Systems,10.1109/tits.2022.3195937,resilience-quantification/assessment,railway/transit,,removed_filterB,False,,,,,,,,,snowball,1101,forward,filter-B,Urban rail resilience under short-term operational disturbances; assessment.
2820,Time capsule for geotechnical risk and reliability,2022,Georisk Assessment and Management of Risk for Engineered Systems and Geohazards,10.1080/17499518.2022.2136717,other,other,,removed_titlescreen,False,,,,,,,,,snowball,1101,forward,title-screen,Geotechnical risk and reliability historical review; off-domain.
2821,Modeling the Vulnerability and Resilience of Interdependent Transportation Networks under Multiple Disruptions,2022,Journal of Infrastructure Systems,10.1061/jitse4.iseng-2185,vulnerability/risk/fragility-assessment,interdependent-infrastructure-incl-transport,,removed_filterB,False,,,,,,,,,snowball,1101,forward,filter-B,"Vulnerability/resilience modeling of interdependent bus-metro networks; assessment, not restoration."
2822,Study on the robustness of China's oil import network,2021,Energy,10.1016/j.energy.2021.122139,resilience-quantification/assessment,other,,removed_filterC,False,,,,,,,,,snowball,1101,forward,filter-C,"Oil import network robustness; supply/trade network, not transport restoration."
2823,How urban metro networks grow: From a complex network perspective,2022,Tunnelling and Underground Space Technology,10.1016/j.tust.2022.104841,other,railway/transit,,removed_filterB,False,,,,,,,,,snowball,1101,forward,filter-B,"Metro network growth/complex network study, not post-disaster restoration."
2824,"Resilience assessment of metro stations against rainstorm disaster based on cloud model: a case study in Chongqing, China",2022,Natural Hazards,10.1007/s11069-022-05765-2,resilience-quantification/assessment,railway/transit,,removed_filterB,False,,,,,,,,,snowball,1101,forward,filter-B,"Metro station resilience assessment against rainstorm, not restoration scheduling."
2825,Bridging strategy for the disruption of metro considering the reliability of transportation system: Metro and conventional bus network,2022,Reliability Engineering & System Safety,10.1016/j.ress.2022.108585,resilience-quantification/assessment,railway/transit,,removed_filterB,False,,,,,,,,,snowball,1101,forward,filter-B,"Metro disruption bridging/reliability, not restoration scheduling/routing/debris."
2826,Vulnerability assessment in urban metro systems based on an improved cloud model and a Bayesian network,2023,Sustainable Cities and Society,10.1016/j.scs.2023.104823,vulnerability/risk/fragility-assessment,railway/transit,,removed_filterB,False,,,,,,,,,snowball,1101,forward,filter-B,"Metro vulnerability assessment, not restoration."
2827,Post-earthquake functionality assessment for urban subway systems: Incorporating the combined effects of seismic performance of structural and non-structural systems and functional interdependencies,2023,Reliability Engineering & System Safety,10.1016/j.ress.2023.109641,resilience-quantification/assessment,railway/transit,,removed_filterB,False,,,,,,,,,snowball,1101,forward,filter-B,"Post-earthquake functionality assessment of subway, not restoration scheduling."
2828,"Research on the urban rail transit disaster chain: Critical nodes, edge vulnerability and breaking strategy",2024,International Journal of Disaster Risk Reduction,10.1016/j.ijdrr.2024.104258,vulnerability/risk/fragility-assessment,railway/transit,,removed_filterB,False,,,,,,,,,snowball,1101,forward,filter-B,"Disaster chain critical nodes/edge vulnerability, not restoration."
2829,Modeling and assessing the robustness of the lithium global trade system against cascading failures,2023,Resources Policy,10.1016/j.resourpol.2023.103822,resilience-quantification/assessment,supply-chain/facility,,removed_filterC,False,,,,,,,,,snowball,1101,forward,filter-C,"Lithium global trade cascading failures; trade network, not transport."
2830,Exploring cascading failure processes of interdependent multi-modal public transit networks,2024,Physica A Statistical Mechanics and its Applications,10.1016/j.physa.2024.129576,vulnerability/risk/fragility-assessment,railway/transit,,removed_filterB,False,,,,,,,,,snowball,1101,forward,filter-B,"Cascading failure of transit networks, not restoration scheduling."
2831,Resilience concepts in integrated urban transport: a comprehensive review on multi-mode framework,2022,Smart and Resilient Transport,10.1108/srt-06-2022-0013,resilience-quantification/assessment,general-transportation-network,,removed_filterB,False,,,,,,,,,snowball,1101,forward,filter-B,"Review of resilience concepts in integrated urban transport, not restoration scheduling."
2832,Multi-hazard resilience assessment framework for prefabricated underground stations with a large-span roof structure,2022,Tunnelling and Underground Space Technology,10.1016/j.tust.2022.104750,resilience-quantification/assessment,building/urban-area/community,,removed_filterC,False,,,,,,,,,snowball,1101,forward,filter-C,"Prefabricated underground station structural resilience; building/structure focus, not transport network restoration."
2833,A resilience measure for the international nickel trade network,2023,Resources Policy,10.1016/j.resourpol.2023.104296,resilience-quantification/assessment,supply-chain/facility,,removed_filterC,False,,,,,,,,,snowball,1101,forward,filter-C,"Nickel international trade network resilience, not transport."
2834,A causal inference approach to measure the vulnerability of urban metro systems,2021,Transportation,10.1007/s11116-020-10152-6,vulnerability/risk/fragility-assessment,railway/transit,,removed_filterB,False,,,,,,,,,snowball,1101,forward,filter-B,"Causal inference vulnerability measure for metro, not restoration."
2835,Modelling cascade dynamics of passenger flow congestion in urban rail transit network induced by train delay,2022,Alexandria Engineering Journal,10.1016/j.aej.2022.02.022,other,railway/transit,,removed_filterB,False,,,,,,,,,snowball,1101,forward,filter-B,"Passenger flow congestion cascade from train delay; operations modeling, not disaster restoration."
2836,Resilience assessment of an urban rail transit network under natural disasters,2025,Transportation Research Part D Transport and Environment,10.1016/j.trd.2024.104587,resilience-quantification/assessment,railway/transit,,removed_filterB,False,,,,,,,,,snowball,1101,forward,filter-B,"Rail transit resilience assessment under natural disasters, not restoration scheduling."
2837,Urban rail transit resilience under different operation schemes: A percolation-based approach,2025,Communications in Transportation Research,10.1016/j.commtr.2025.100177,resilience-quantification/assessment,railway/transit,,removed_filterB,False,,,,,,,,,snowball,1101,forward,filter-B,"Percolation-based URT resilience assessment, not restoration."
2838,"Risk factors affecting the severity of disruptions in metro operation in shanghai, 2013-2016",2019,Journal of Transportation Safety & Security,10.1080/19439962.2019.1605640,empirical-recovery-analysis/prediction,railway/transit,,removed_filterB,False,,,,,,,,,snowball,1101,forward,filter-B,"Ordered logit on metro disruption severity risk factors, not restoration scheduling."
2839,Network-based resilience assessment of an urban rail transit infrastructure with a multi-dimensional performance metric,2024,Physica A Statistical Mechanics and its Applications,10.1016/j.physa.2024.130211,resilience-quantification/assessment,railway/transit,,removed_filterB,False,,,,,,,,,snowball,1101,forward,filter-B,"Network-based resilience assessment of rail transit, not restoration."
2840,Resilience assessment of the electric vehicle lithium-ion battery supply chain under supply shortages of upstream mineral enterprises,2025,Resources Conservation and Recycling,10.1016/j.resconrec.2025.108161,resilience-quantification/assessment,supply-chain/facility,,removed_filterC,False,,,,,,,,,snowball,1101,forward,filter-C,"EV battery supply chain resilience under mineral shortage; supply chain, not transport."
2841,Non-linear built environment effects on travel behavior resilience under extreme weather events,2025,Transportation Research Part D Transport and Environment,10.1016/j.trd.2025.104753,empirical-recovery-analysis/prediction,general-transportation-network,,removed_filterB,False,,,,,,,,,snowball,1101,forward,filter-B,"Built environment effects on travel behavior resilience; empirical behavior analysis, not restoration."
2842,A Megacities Review: Comparing Indicator-Based Evaluations of Sustainable Development and Urban Resilience,2024,Sustainability,10.3390/su16188076,resilience-quantification/assessment,building/urban-area/community,,removed_filterB,False,,,,,,,,,snowball,1101,forward,filter-B,Indicator-based megacity sustainability/urban resilience review; not post-disaster transport restoration.
2843,A methodology for evaluating the safety resilience of the existing tunnels induced by foundation pit excavation,2025,Tunnelling and Underground Space Technology,10.1016/j.tust.2024.106362,vulnerability/risk/fragility-assessment,other,,removed_filterC,False,,,,,,,,,snowball,1101,forward,filter-C,Tunnel safety resilience from excavation; not transport network restoration.
2844,A Spatial-Network Approach to Assessing Transportation Resilience in Disaster-Prone Urban Areas,2025,ISPRS International Journal of Geo-Information,10.3390/ijgi14070261,resilience-quantification/assessment,general-transportation-network,,removed_filterB,False,,,,,,,,,snowball,1101,forward,filter-B,Assessing transportation resilience via spatial-network approach; not restoration scheduling.
2845,Resilience assessment of urban rail transit stations considering disturbance and time‐varying passenger flow,2025,Computer-Aided Civil and Infrastructure Engineering,10.1111/mice.13400,resilience-quantification/assessment,railway/transit,,removed_filterB,False,,,,,,,,,snowball,1101,forward,filter-B,Resilience assessment of rail transit stations; assessment not restoration.
2846,Dynamic vulnerability analysis of multi-modal public transport network using generalized travel costs from a multi-layer perspective,2025,Reliability Engineering & System Safety,10.1016/j.ress.2025.111375,vulnerability/risk/fragility-assessment,general-transportation-network,,removed_filterB,False,,,,,,,,,snowball,1101,forward,filter-B,Vulnerability analysis of public transport network; not restoration.
2847,Assessing the dynamic resilience of Urban Rail Transit Networks during their evolution using a ridership-weighted network,2023,PLoS ONE,10.1371/journal.pone.0291639,resilience-quantification/assessment,railway/transit,,removed_filterB,False,,,,,,,,,snowball,1101,forward,filter-B,Dynamic resilience assessment of rail transit networks; assessment not restoration.
2848,Traffic-based resilience assessment on urban road tunnel affected by fire accident,2025,Tunnelling and Underground Space Technology,10.1016/j.tust.2025.106543,resilience-quantification/assessment,road/highway-network,,removed_filterB,False,,,,,,,,,snowball,1101,forward,filter-B,Resilience assessment of tunnel under fire; assessment not restoration.
2849,Measurement and prediction of subway resilience under rainfall events: An environment perspective,2024,Transportation Research Part D Transport and Environment,10.1016/j.trd.2024.104479,empirical-recovery-analysis/prediction,railway/transit,,removed_filterB,False,,,,,,,,,snowball,1101,forward,filter-B,Measurement/prediction of subway resilience under rainfall; assessment not scheduling.
2850,Vulnerability assessment and evolution analysis of Beijing's Urban Rail Transit Network,2024,Physica A Statistical Mechanics and its Applications,10.1016/j.physa.2024.130078,vulnerability/risk/fragility-assessment,railway/transit,,removed_filterB,False,,,,,,,,,snowball,1101,forward,filter-B,Vulnerability assessment of rail transit network; not restoration.
2851,Integrating socio-demographic factors for equitable resilience in networked-urban infrastructure systems,2025,npj Urban Sustainability,10.1038/s42949-025-00195-y,resilience-quantification/assessment,interdependent-infrastructure-incl-transport,water-gas-telecom-lifeline,removed_filterB,False,,,,,,,,,snowball,1101,forward,filter-B,Equity-focused resilience assessment of infrastructure; assessment not restoration.
2852,Machine Learning driven complex network analysis of transport systems,2025,Journal of Transport Geography,10.1016/j.jtrangeo.2025.104270,other,general-transportation-network,,removed_filterB,False,,,,,,,,,snowball,1101,forward,filter-B,"ML complex network analysis of transport systems; pure method, not post-disaster restoration."
2853,Systematic Literature Review: Research Development of Urban Resilience in Metropolitan Areas,2025,Sustainability,10.3390/su17167380,resilience-quantification/assessment,building/urban-area/community,,removed_filterB,False,,,,,,,,,snowball,1101,forward,filter-B,Literature review of urban resilience in metropolitan areas; not transport restoration.
2854,Sustainable Development of Urban Rail Transit Networks: A Vulnerability Perspective,2019,Sustainability,10.3390/su11051335,vulnerability/risk/fragility-assessment,railway/transit,,removed_filterB,False,,,,,,,,,snowball,1101,forward,filter-B,Vulnerability perspective on URT sustainability; not restoration.
2855,Characterization of model uncertainty of adhesively bonded CFRP-to-steel joints,2019,Composite Structures,10.1016/j.compstruct.2019.02.045,other,other,,removed_filterC,False,,,,,,,,,snowball,1101,forward,filter-C,"Model uncertainty of CFRP-steel joints; structural engineering, off-domain."
2856,Resilience assessment approach of mechanical structure combining finite element models and dynamic Bayesian networks,2021,Reliability Engineering & System Safety,10.1016/j.ress.2021.108043,resilience-quantification/assessment,other,,removed_filterC,False,,,,,,,,,snowball,1101,forward,filter-C,Resilience of mechanical structures via FEM/Bayesian; off-domain.
2857,A Scientometric Review of Urban Disaster Resilience Research,2021,International Journal of Environmental Research and Public Health,10.3390/ijerph18073677,resilience-quantification/assessment,building/urban-area/community,,removed_filterB,False,,,,,,,,,snowball,1101,forward,filter-B,Scientometric review of urban disaster resilience; not transport restoration.
2858,"Resilience of Metrorail Networks: Quantification With Washington, DC as a Case Study",2019,ASCE-ASME Journal of Risk and Uncertainty in Engineering Systems Part B Mechanical Engineering,10.1115/1.4044038,resilience-quantification/assessment,railway/transit,,removed_filterB,False,,,,,,,,,snowball,1101,forward,filter-B,Resilience quantification of metrorail networks; assessment not restoration.
2859,Modeling Uncertain and Dynamic Interdependencies of Infrastructure Systems Using Stochastic Block Models,2020,ASCE-ASME Journal of Risk and Uncertainty in Engineering Systems Part B Mechanical Engineering,10.1115/1.4046472,resilience-quantification/assessment,interdependent-infrastructure-incl-transport,water-gas-telecom-lifeline,removed_filterB,False,,,,,,,,,snowball,1101,forward,filter-B,Modeling interdependency uncertainty via stochastic block models; assessment not restoration.
2860,"Analysis of Transportation Network Vulnerability and Resilience within an Urban Agglomeration: Case Study of the Greater Bay Area, China",2020,Sustainability,10.3390/su12187410,vulnerability/risk/fragility-assessment,general-transportation-network,,removed_filterB,False,,,,,,,,,snowball,1101,forward,filter-B,Vulnerability and resilience analysis of transport network; assessment not restoration.
2861,Resiliency Assessment of Road Networks during Mega Sport Events: The Case of FIFA World Cup Qatar 2022,2021,Sustainability,10.3390/su132212367,resilience-quantification/assessment,road/highway-network,,removed_filterB,False,,,,,,,,,snowball,1101,forward,filter-B,Resiliency assessment of road networks during sport events; assessment not post-disaster restoration.
2862,Multilayer structures and resilience evaluation for multimode regional rail transit system,2022,IET Intelligent Transport Systems,10.1049/itr2.12179,resilience-quantification/assessment,railway/transit,,removed_filterB,False,,,,,,,,,snowball,1101,forward,filter-B,Multilayer network resilience evaluation of rail transit; assessment not restoration scheduling. Fails B.
2863,Vulnerability assessment of urban rail transit in face of disruptions: A framework and some lessons from Hong Kong,2023,Sustainable Cities and Society,10.1016/j.scs.2023.104858,vulnerability/risk/fragility-assessment,railway/transit,,removed_filterB,False,,,,,,,,,snowball,1101,forward,filter-B,"Title: vulnerability assessment of urban rail. Assessment, fails B."
2864,Towards Resilient Civil Infrastructure Asset Management: An Information Elicitation and Analytical Framework,2019,Sustainability,10.3390/su11164439,resilience-quantification/assessment,other,,removed_filterB,False,,,,,,,,,snowball,1101,forward,filter-B,"Resilient asset management framework, general infrastructure; assessment/other. Fails B (and C)."
2865,Hazards threatening underground transport systems,2020,Natural Hazards,10.1007/s11069-020-03860-w,hazard/damage-modeling,railway/transit,,removed_filterB,False,,,,,,,,,snowball,1101,forward,filter-B,Hazards threatening underground transport systems; hazard modeling not restoration. Fails B.
2866,Improving resilience of high-speed train by optimizing repair strategies,2023,Reliability Engineering & System Safety,10.1016/j.ress.2023.109381,restoration-scheduling/sequencing,other,,removed_filterC,False,,,,,,,,ok,snowball,1101,forward,verify-C,"Paper models a single high-speed train (the vehicle) as an interdependent machine-electricity-communication network (IMECN) of its internal mechanical/electrical/communication units, and optimizes the sequence of repairing failed units to maximize a resilience/recovery-ability metric via tabu search"
2867,Impact of Unplanned Long-Term Service Disruptions on Urban Public Transit Systems,2022,IEEE Open Journal of Intelligent Transportation Systems,10.1109/ojits.2022.3199108,empirical-recovery-analysis/prediction,railway/transit,,removed_filterB,False,,,,,,,,,snowball,1101,forward,filter-B,Impact analysis framework of service disruptions using AFC/AVL data; empirical/assessment. Fails B.
2868,Evaluation Method for Node Importance of Urban Rail Network Considering Traffic Characteristics,2023,Sustainability,10.3390/su15043582,link-criticality/importance-ranking,railway/transit,,removed_filterB,False,,,,,,,,,snowball,1101,forward,filter-B,Node importance evaluation of urban rail network. Fails B.
2869,Assessment Methods of Network Resilience for Cyber-Human-Physical Systems,2019,ASCE-ASME Journal of Risk and Uncertainty in Engineering Systems Part A Civil Engineering,10.1061/ajrua6.0001021,resilience-quantification/assessment,other,,removed_filterC,False,,,,,,,,,snowball,1101,forward,filter-C,Cyber-human-physical systems resilience assessment; not transport. Fails B and C.
2870,Cascading Failure Analysis on Shanghai Metro Networks: An Improved Coupled Map Lattices Model Based on Graph Attention Networks,2021,International Journal of Environmental Research and Public Health,10.3390/ijerph19010204,vulnerability/risk/fragility-assessment,railway/transit,,removed_filterB,False,,,,,,,,,snowball,1101,forward,filter-B,Cascading failure/vulnerability analysis of metro. Fails B.
2871,Research on the Destruction Resistance of Giant Urban Rail Transit Network from the Perspective of Vulnerability,2022,Sustainability,10.3390/su14127210,vulnerability/risk/fragility-assessment,railway/transit,,removed_filterB,False,,,,,,,,,snowball,1101,forward,filter-B,Destruction resistance/vulnerability of urban rail. Fails B.
2872,Passenger-Oriented Resilience Assessment of an Urban Rail Transit Network under Partial Disturbances,2023,Journal of Transportation Engineering Part A Systems,10.1061/jtepbs.teeng-8017,resilience-quantification/assessment,railway/transit,,removed_filterB,False,,,,,,,,,snowball,1101,forward,filter-B,Passenger-oriented resilience assessment of URT. Fails B.
2873,Assessment and solutions for vulnerability of urban rail transit network based on complex network theory: A case study of Chongqing,2024,Heliyon,10.1016/j.heliyon.2024.e27237,vulnerability/risk/fragility-assessment,railway/transit,,removed_filterB,False,,,,,,,,,snowball,1101,forward,filter-B,Vulnerability assessment of rail transit via complex network theory. Fails B.
2874,Resilience assessment of offshore structures subjected to ice load considering complex dependencies,2022,Reliability Engineering & System Safety,10.1016/j.ress.2022.108421,resilience-quantification/assessment,other,,removed_filterC,False,,,,,,,,,snowball,1101,forward,filter-C,Offshore structures under ice load resilience; not transport. Fails B and C.
2875,Impact Estimation of Unplanned Urban Rail Disruptions on Public Transport Passengers: A Multi-Agent Based Simulation Approach,2022,International Journal of Environmental Research and Public Health,10.3390/ijerph19159052,empirical-recovery-analysis/prediction,railway/transit,,removed_filterB,False,,,,,,,,,snowball,1101,forward,filter-B,Impact estimation of rail disruptions on passengers via simulation; assessment. Fails B.
2876,Resilience-oriented design for complex MEP systems in BIM,2023,Advanced Engineering Informatics,10.1016/j.aei.2023.101902,network-design/retrofit/protection,building/urban-area/community,,removed_filterC,False,,,,,,,,,snowball,1101,forward,filter-C,Resilience-oriented design for MEP systems in BIM; building systems. Fails B and C.
2877,"Cutting Edge Research Topics on System Safety, Reliability, Maintainability, and Resilience of Energy-Critical Infrastructures",2023,"Studies in systems, decision and control",10.1007/978-3-031-29962-9_2,other,lifeline-only-power-water-gas-telecom,,removed_filterC,False,,,,,,,,,snowball,1101,forward,filter-C,Energy-critical infrastructures safety/reliability review. Fails B and C.
2878,Responding of metro stations to upcoming floods: To close or to protect?,2024,Reliability Engineering & System Safety,10.1016/j.ress.2024.110683,pre-disaster-mitigation/preparedness/planning,railway/transit,,removed_filterA,False,,,,,,,,,snowball,1101,forward,filter-A,Metro stations close-or-protect for upcoming floods; pre-disaster protection decision. Fails A.
2879,Critical station identification and robustness analysis of urban rail transit networks based on comprehensive vote-rank algorithm,2023,Chaos Solitons & Fractals,10.1016/j.chaos.2023.114379,link-criticality/importance-ranking,railway/transit,,removed_filterB,False,,,,,,,,,snowball,1101,forward,filter-B,Critical station identification and robustness analysis. Fails B.
2880,Resilience assessment of urban rail transit systems: a literature review,2025,Public Transport,10.1007/s12469-024-00385-4,resilience-quantification/assessment,railway/transit,,removed_filterB,False,,,,,,,,,snowball,1101,forward,filter-B,Literature review on resilience assessment of urban rail. Fails B.
2881,A Data-Driven Approach to Detect Passenger Flow Anomaly Under Station Closure,2020,IEEE Access,10.1109/access.2020.3016398,other,railway/transit,,removed_filterB,False,,,,,,,,,snowball,1101,forward,filter-B,Data-driven passenger flow anomaly detection under station closure; ML/detection. Fails B.
2882,"Rail transit disruptions, traffic generations, and adaptations: Quasi-experimental evidence from Hong Kong",2024,Transportation Research Part D Transport and Environment,10.1016/j.trd.2024.104381,empirical-recovery-analysis/prediction,railway/transit,,removed_filterB,False,,,,,,,,,snowball,1101,forward,filter-B,"Quasi-experimental study of traffic generation/adaptation after rail disruptions; empirical, not restoration."
2883,Assessment of product resilience towards the changing customer requirements,2023,Journal of Engineering Design,10.1080/09544828.2023.2239484,resilience-quantification/assessment,other,,removed_filterC,False,,,,,,,,,snowball,1101,forward,filter-C,"Product resilience to changing customer requirements; not transport, not post-disaster."
2884,Statistical model for determining the quality of cargo work JSC “Uzbekistan Railways”,2023,E3S Web of Conferences,10.1051/e3sconf/202340206016,other,railway/transit,,removed_filterB,False,,,,,,,,,snowball,1101,forward,filter-B,Statistical model of railway cargo work quality; not post-disaster restoration.
2885,Resilience Enhancement of an Urban Rail Transit Network by Setting Turn-Back Tracks: A Scenario Model Approach,2023,Transportation Research Record Journal of the Transportation Research Board,10.1177/03611981231203157,network-design/retrofit/protection,railway/transit,,removed_filterB,False,,,,,,,,,snowball,1101,forward,filter-B,Pre-disaster design of turn-back tracks to enhance resilience; not restoration scheduling.
2886,A Vulnerability Assessment Approach for Transportation Networks Subjected to Cyber–Physical Attacks,2023,Future Internet,10.3390/fi15030100,vulnerability/risk/fragility-assessment,general-transportation-network,,removed_filterB,False,,,,,,,,,snowball,1101,forward,filter-B,Vulnerability assessment under cyber-physical attacks; not restoration.
2887,Data-driven complexity analysis of weighted Shenzhen Metro network based on urban massive mobility in the rush hours,2022,Physica A Statistical Mechanics and its Applications,10.1016/j.physa.2022.128403,other,railway/transit,,removed_filterB,False,,,,,,,,,snowball,1101,forward,filter-B,Complexity analysis of metro mobility; not post-disaster restoration.
2888,Modeling vulnerability envelope of urban rail transit networks under simultaneous disruptions of stations and line sections,2024,Transportation Research Part C Emerging Technologies,10.1016/j.trc.2024.104887,vulnerability/risk/fragility-assessment,railway/transit,,removed_filterB,False,,,,,,,,,snowball,1101,forward,filter-B,"Vulnerability envelope modeling under disruptions; assessment, not restoration."
2889,Understanding Resilience Optimization Architectures: Alignment and Coupling in Multilevel Decomposition Strategies,2022,Journal of Mechanical Design,10.1115/1.4054993,resilience-quantification/assessment,other,,removed_filterB,False,,,,,,,,,snowball,1101,forward,filter-B,Generic resilience optimization architectures; not transport-specific restoration.
2890,Enhancing resilience assessment and bus bridging service design for large‐scale rail transit systems under disruptions,2023,Quality and Reliability Engineering International,10.1002/qre.3453,resilience-quantification/assessment,railway/transit,,removed_filterB,False,,,,,,,,,snowball,1101,forward,filter-B,Resilience assessment and bus bridging design under disruptions; not restoration scheduling.
2891,Modeling Resilience of Metro-Based Urban Underground Logistics System Based on Multi-Layer Interdependent Network,2024,Sustainability,10.3390/su16229892,resilience-quantification/assessment,supply-chain/facility,,removed_filterB,False,,,,,,,,,snowball,1101,forward,filter-B,"Resilience modeling of metro-based underground logistics; assessment, logistics facility."
2892,Evaluation of road network resilience under a volcanic debris flow disaster at Changbaishan Mountain based on inundation simulations,2024,International Journal of Disaster Risk Reduction,10.1016/j.ijdrr.2024.105065,resilience-quantification/assessment,road/highway-network,,removed_filterB,False,,,,,,,,,snowball,1101,forward,filter-B,"Road network resilience evaluation under volcanic debris flow; assessment, not restoration."
2893,Dynamic inoperability input-output modeling of a system of systems made of multi-state interdependent critical infrastructures,2025,Reliability Engineering & System Safety,10.1016/j.ress.2025.111303,resilience-quantification/assessment,lifeline-only-power-water-gas-telecom,,removed_filterC,False,,,,,,,,,snowball,1101,forward,filter-C,"Inoperability I-O modeling of interdependent CIs; assessment, lifeline focus, no transport restoration."
2894,"“Co-Opetition” Effects of Ride-Hailing on Metro Services and its Spatially Varying Determinants: Evidence from Shanghai, China",2024,Transportation Research Record Journal of the Transportation Research Board,10.1177/03611981241242078,empirical-recovery-analysis/prediction,railway/transit,,removed_filterB,False,,,,,,,,,snowball,1101,forward,filter-B,Empirical ride-hailing/metro co-opetition study; not post-disaster restoration.
2895,A performance assessment method for urban rail transit last train network based on percolation theory,2024,The Journal of Supercomputing,10.1007/s11227-023-05880-2,resilience-quantification/assessment,railway/transit,,removed_filterB,False,,,,,,,,,snowball,1101,forward,filter-B,Performance assessment of last-train network via percolation; assessment.
2896,Vulnerability Comparisons of Various Complex Urban Metro Networks Under Multiple Failure Scenarios,2024,Sustainability,10.3390/su16219603,vulnerability/risk/fragility-assessment,railway/transit,,removed_filterB,False,,,,,,,,,snowball,1101,forward,filter-B,Vulnerability comparison of metro networks under failures; assessment.
2897,Resilience analysis of tunnel lining under creep-induced convergence of soft rock: Characterization and field application,2025,Tunnelling and Underground Space Technology,10.1016/j.tust.2025.106691,resilience-quantification/assessment,other,,removed_filterC,False,,,,,,,,,snowball,1101,forward,filter-C,Tunnel lining creep resilience/geotechnical study; not network restoration.
2898,Unveiling the evolution of urban rail transit network: considering ridership attributes,2024,Transportation Letters,10.1080/19427867.2024.2342082,empirical-recovery-analysis/prediction,railway/transit,,removed_filterB,False,,,,,,,,,snowball,1101,forward,filter-B,"URT network evolution considering ridership; empirical/topology, not restoration."
2899,Airborne magnetic nanoparticles pose pulmonary risks to urban commuters evidenced by Hangzhou and Zhengzhou subways,2026,Nature Cities,10.1038/s44284-026-00396-1,other,other,,removed_filterC,False,,,,,,,,,snowball,1101,forward,filter-C,Health/pulmonary risk from subway nanoparticles; off-domain.
2900,Sustainable Transportation: Exploring the Node Importance Evolution of Rail Transit Networks during Peak Hours,2024,Sustainability,10.3390/su16166726,link-criticality/importance-ranking,railway/transit,,removed_filterB,False,,,,,,,,,snowball,1101,forward,filter-B,Node importance evolution in rail transit at peak hours; criticality ranking.
2901,A multi-factor integrated vulnerability assessment framework for multi-layer intercity road networks considering cross-layer path selection,2025,Physica A Statistical Mechanics and its Applications,10.1016/j.physa.2025.130807,vulnerability/risk/fragility-assessment,road/highway-network,,removed_filterB,False,,,,,,,,,snowball,1101,forward,filter-B,"Multi-factor vulnerability assessment for intercity road networks; assessment, not restoration."
2902,A novel probabilistic method for assessing the seismic resilience of subway systems across four dimensions,2025,International Journal of Disaster Risk Reduction,10.1016/j.ijdrr.2025.105898,resilience-quantification/assessment,railway/transit,,removed_filterB,False,,,,,,,,,snowball,1101,forward,filter-B,Seismic resilience assessment of subway systems; assessment not restoration scheduling.
2903,"Spatio-temporal shifts, driving mechanisms, and resilience dynamics: Unraveling the evolution of global innovation networks (2003–2023)",2025,Technology in Society,10.1016/j.techsoc.2025.103192,other,other,,removed_titlescreen,False,,,,,,,,,snowball,1101,forward,title-screen,Global innovation networks; off-domain.
2904,Resilience of metro systems subjected to external disturbances: A state-of-the-art review,2025,Resilient Cities and Structures,10.1016/j.rcns.2025.11.002,resilience-quantification/assessment,railway/transit,,removed_filterB,False,,,,,,,,,snowball,1101,forward,filter-B,Review of metro resilience to disturbances; not restoration scheduling optimization.
2905,Assessing road network resilience to extreme rainstorms: A percolation and hydrodynamic approach,2025,Transportation Research Part D Transport and Environment,10.1016/j.trd.2025.105192,resilience-quantification/assessment,road/highway-network,,removed_filterB,False,,,,,,,,,snowball,1101,forward,filter-B,Percolation/hydrodynamic resilience assessment of road network to rainstorms; assessment.
2906,Resilience Enhancement of an Urban Rail Transit Network by Optimizing the Locations and Construction Sequences of New Lines: A Scenario Model Approach,2025,Journal of Transportation Engineering Part A Systems,10.1061/jtepbs.teeng-8958,network-design/retrofit/protection,railway/transit,,removed_filterB,False,,,,,,,,,snowball,1101,forward,filter-B,Optimizing new-line locations/construction sequences; pre-disaster network design/expansion.
2907,The Nonlinear Causal Effect Estimation of the Built Environment on Urban Rail Transit Station Flow Under Emergency,2025,Sustainability,10.3390/su17135829,empirical-recovery-analysis/prediction,railway/transit,,removed_filterB,False,,,,,,,,,snowball,1101,forward,filter-B,Built environment causal effect on station flow under emergency; empirical demand analysis.
2908,Construction and analysis of a chemical accidents causation network based on text mining: Evidence from China,2026,Journal of Loss Prevention in the Process Industries,10.1016/j.jlp.2026.105942,other,other,,removed_titlescreen,False,,,,,,,,,snowball,1101,forward,title-screen,Chemical accidents causation network via text mining; off-domain.
2909,Structural and functional robustness of networked critical infrastructure systems under different failure scenarios,2019,Physica A Statistical Mechanics and its Applications,10.1016/j.physa.2019.01.134,resilience-quantification/assessment,interdependent-infrastructure-incl-transport,,removed_filterB,False,,,,,,,,,snowball,1101,forward,filter-B,Robustness of critical infrastructure under failure scenarios; assessment not restoration.
2910,A Hybrid Approach for Dynamic Simulation of Safety Risks in Mega Construction Projects,2020,Advances in Civil Engineering,10.1155/2020/9603401,other,other,,removed_titlescreen,False,,,,,,,,,snowball,1101,forward,title-screen,Safety risk simulation in construction projects; off-domain.
2911,Invulnerability Analysis of Traffic Network in Tourist Attraction Under Unexpected Emergency Events Based on Cascading Failure,2019,IEEE Access,10.1109/access.2019.2946737,vulnerability/risk/fragility-assessment,general-transportation-network,,removed_filterB,False,,,,,,,,,snowball,1101,forward,filter-B,Cascading-failure invulnerability analysis of tourist traffic network; assessment.
2912,Vulnerability assessment of Alberta's provincial highway network,2020,Transportation Research Interdisciplinary Perspectives,10.1016/j.trip.2020.100171,vulnerability/risk/fragility-assessment,road/highway-network,,removed_filterB,False,,,,,,,,,snowball,1101,forward,filter-B,Vulnerability assessment of highway network; not restoration scheduling.
2913,Impact of transport network disruption on travel demand: A case study of the July 2018 heavy rain disaster in Japan,2022,Asian Transport Studies,10.1016/j.eastsj.2022.100057,empirical-recovery-analysis/prediction,general-transportation-network,,removed_filterB,False,,,,,,,,,snowball,1101,forward,filter-B,"Empirical analysis of disruption impact on travel demand and recovery; empirical, not optimization."
2914,Reliability analysis of Tianjin urban rail transit network based on complex network evolution characteristics,2020,Modern Physics Letters B,10.1142/s0217984921500755,resilience-quantification/assessment,railway/transit,,removed_filterB,False,,,,,,,,,snowball,1101,forward,filter-B,Reliability analysis of URT via complex networks; assessment.
2915,The modeling of urban rail transit emergency delay propagation scope under network operation mode,2019,Concurrency and Computation Practice and Experience,10.1002/cpe.5530,hazard/damage-modeling,railway/transit,,removed_filterB,False,,,,,,,,,snowball,1101,forward,filter-B,Delay propagation modeling under emergency; not restoration scheduling.
2916,An event-driven simulation-optimisation approach to improve the resiliency of operation in a double-track urban rail line,2021,Journal of Simulation,10.1080/17477778.2021.1876535,resilience-quantification/assessment,railway/transit,,removed_filterB,False,,,,,,,,,snowball,1101,forward,filter-B,Simulation-optimization of operation plan/regularity for rail line; operational resiliency not physical post-disaster restoration.
2917,Exploring Technical Decision-Making Risks in Construction Megaprojects Using Grounded Theory and System Dynamics,2022,Computational Intelligence and Neuroscience,10.1155/2022/9598781,other,other,,removed_titlescreen,False,,,,,,,,,snowball,1101,forward,title-screen,Decision-making risks in construction megaprojects; off-domain.
2918,Research on the Performance Recovery Strategy Model of Hangzhou Metro Network Based on Complex Network and Tenacity Theory,2023,Sustainability,10.3390/su15086613,restoration-scheduling/sequencing,railway/transit,road/highway-network,kept,True,False,resilience-area/functionality,topological/graph-metric,heuristic/metaheuristic/GA,a-priori/static-schedule,not-applicable,deterministic,ok,snowball,1101,forward,kept-curated,"Full text read on MDPI (open access). Determines optimal repair/recovery ORDER of failed metro (rail transit) network nodes after an external attack using a genetic algorithm => restoration-scheduling/sequencing (FILTER B keep), object railway/transit (FILTER C keep), post-disaster recovery (FILTER "
2919,The Research on Delay Propagation of Urban Rail Transit Operation under Sudden Failure,2021,Journal of Advanced Transportation,10.1155/2021/8984474,hazard/damage-modeling,railway/transit,,removed_filterB,False,,,,,,,,,snowball,1101,forward,filter-B,Delay propagation under sudden failure; propagation modeling not restoration.
2920,Resilience Assessment for Streamline Network of Transportation Hub Complex Based on Service Performance,2023,Journal of Infrastructure Systems,10.1061/jitse4.iseng-2227,resilience-quantification/assessment,port/airport/maritime/waterway,,removed_filterB,False,,,,,,,,,snowball,1101,forward,filter-B,Resilience assessment of transportation hub streamline network; assessment (and hub-complex object).
2921,Study on the evolutionary characteristics and robustness of the global refined oil trade network,2025,Energy,10.1016/j.energy.2025.137032,other,other,,removed_titlescreen,False,,,,,,,,,snowball,1101,forward,title-screen,Global refined oil trade network robustness; off-domain.
2922,Modelling bus-based substitution capabilities for metro systems using bipartite graphs,2023,Journal of Complex Networks,10.1093/comnet/cnad050,vulnerability/risk/fragility-assessment,railway/transit,,removed_filterB,False,,,,,,,,,snowball,1101,forward,filter-B,"Metro vulnerability + bus substitution planning (pre-disaster mitigation/vulnerability), not post-disaster restoration scheduling."
2923,Construction and Characteristics Analysis of the Xi’an Public Transport Network Considering Single-Mode and Multi-Mode Transferring,2024,Sustainability,10.3390/su16093846,link-criticality/importance-ranking,railway/transit,,removed_filterB,False,,,,,,,,,snowball,1101,forward,filter-B,"Public transport network construction and key-node identification, not restoration."
2924,Empirical insights into resilience-based strategies for addressing haze pollution: enhancing green infrastructure and urban resilience,2025,Frontiers in Environmental Science,10.3389/fenvs.2025.1472235,other,other,,removed_filterC,False,,,,,,,,,snowball,1101,forward,filter-C,"Haze pollution / green infrastructure resilience, off-domain."
2925,Review on approaches to assess rail system resilience: a multi-capability perspective,2025,Civil Engineering and Environmental Systems,10.1080/10286608.2025.2498167,resilience-quantification/assessment,railway/transit,,removed_filterB,False,,,,,,,,,snowball,1101,forward,filter-B,"Review of rail resilience assessment approaches, not restoration scheduling."
2926,Railway transit network design based on fuzzy plant growth simulation algorithm,2020,Transportation Letters,10.1080/19427867.2020.1852495,network-design/retrofit/protection,railway/transit,,removed_filterB,False,,,,,,,,,snowball,1101,forward,filter-B,"Railway transit network design problem, not post-disaster restoration."
2927,Synthetic Fault Mode Generation for Resilience Analysis and Failure Mechanism Discovery,2022,Journal of Mechanical Design,10.1115/1.4056320,resilience-quantification/assessment,other,,removed_filterC,False,,,,,,,,,snowball,1101,forward,filter-C,"Synthetic fault-mode generation for resilience-based design, generic engineering not transport restoration."
2928,Network Resilience and Rehabilitation Strategies for an Airport Movement Area Considering Traffic Flow and Road Class,2024,International Journal of Aerospace Engineering,10.1155/2024/9998215,vulnerability/risk/fragility-assessment,port/airport/maritime/waterway,,removed_filterC,False,,,,,,,,,snowball,1101,forward,filter-C,"Airport movement-area network vulnerability/centrality, airport object."
2929,Resilience of shield tunnel subjected to adjacent construction disturbances: A review,2025,Underground Space,10.1016/j.undsp.2024.12.007,resilience-quantification/assessment,other,,removed_filterB,False,,,,,,,,,snowball,1101,forward,filter-B,"Shield tunnel resilience under construction disturbance review, not post-disaster transport restoration."
2930,Precondition Study of a Sponge City: Comprehensive Assessment of the Vulnerability of an Urban Rainwater System,2024,Sustainability,10.3390/su16103897,vulnerability/risk/fragility-assessment,lifeline-only-power-water-gas-telecom,,removed_filterC,False,,,,,,,,,snowball,1101,forward,filter-C,"Urban rainwater/sponge-city vulnerability assessment, lifeline/other not transport."
2931,Recognizing Critical Stations in Urban Rail Transit Networks Based on the PCA‐TPE Method: Shanghai Metro as an Example,2024,Journal of Advanced Transportation,10.1155/2024/1129799,link-criticality/importance-ranking,railway/transit,,removed_filterB,False,,,,,,,,,snowball,1101,forward,filter-B,"Critical station identification in metro network, ranking not restoration."
2932,Full-process seismic simulation method for urban underground rail transit networks considering source-path-structure effects,2025,Tunnelling and Underground Space Technology,10.1016/j.tust.2025.106780,hazard/damage-modeling,railway/transit,,removed_filterB,False,,,,,,,,,snowball,1101,forward,filter-B,"Seismic simulation method for underground rail (hazard/damage modeling), not restoration."
2933,Analysis Method for Passenger Congestion Propagation and Network Resilience Changes of Urban Rail Transit under Failures Based on the Improved Susceptible Exposed Infected Recovered Model,2025,Transportation Research Record Journal of the Transportation Research Board,10.1177/03611981251334621,resilience-quantification/assessment,railway/transit,,removed_filterB,False,,,,,,,,,snowball,1101,forward,filter-B,"Congestion propagation and resilience change analysis, not restoration scheduling."
2934,Adaptive strategies to enhance resilience in the global oil trade network,2025,Energy Strategy Reviews,10.1016/j.esr.2025.101921,resilience-quantification/assessment,other,,removed_filterC,False,,,,,,,,,snowball,1101,forward,filter-C,"Global oil trade network resilience, off-domain."
2935,Measuring the resilience of urban healthcare service availability using metro-bus double-layer network against extreme disturbances,2025,Reliability Engineering & System Safety,10.1016/j.ress.2025.112167,resilience-quantification/assessment,railway/transit,,removed_filterB,False,,,,,,,,,snowball,1101,forward,filter-B,"Healthcare service availability resilience via metro-bus network, assessment not restoration."
2936,Macro Perspective Research on Transportation Safety: An Empirical Analysis of Network Characteristics and Vulnerability,2020,Sustainability,10.3390/su12156267,vulnerability/risk/fragility-assessment,general-transportation-network,,removed_filterB,False,,,,,,,,,snowball,1101,forward,filter-B,"Macro network characteristics and vulnerability empirical analysis, not restoration."
2937,Resilience of air Transport Network with the Complementary Effects of High-Speed Rail Network,2019,,10.1109/qrs-c.2019.00071,resilience-quantification/assessment,port/airport/maritime/waterway,,removed_filterC,False,,,,,,,,,snowball,1101,forward,filter-C,"Air transport network resilience with HSR complementarity, air network assessment."
2938,On Time-Dependent Critical Platforms and Tracks in Metro Systems,2022,Transportation Science,10.1287/trsc.2022.1124,link-criticality/importance-ranking,railway/transit,,removed_filterB,False,,,,,,,,,snowball,1101,forward,filter-B,"Critical platforms/tracks identification in metro, ranking not restoration."
2939,Climate-resilient transportation infrastructure in coastal cities,2023,Elsevier eBooks,10.1016/b978-0-323-95336-8.00007-x,pre-disaster-mitigation/preparedness/planning,general-transportation-network,,removed_filterA,False,,,,,,,,,snowball,1101,forward,filter-A,"Climate-resilient transportation infrastructure design (pre-disaster), no restoration content in title."
2940,Failure Analysis of Urban Rail Transit Networks Incorporating Ridership Patterns,2023,ASCE-ASME Journal of Risk and Uncertainty in Engineering Systems Part B Mechanical Engineering,10.1115/1.4063426,resilience-quantification/assessment,railway/transit,,removed_filterB,False,,,,,,,,,snowball,1101,forward,filter-B,"Failure analysis of rail networks with ridership patterns, resilience assessment not restoration."
2941,<i>Mission Resilience Impacts of Space-Based Opportunistic </i><i>Sensors in Distributed Space Situational Awareness </i><i>Architectures</i>,2024,,10.2514/6.2024-1888,resilience-quantification/assessment,other,,removed_filterC,False,,,,,,,,,snowball,1101,forward,filter-C,"Space situational awareness sensor resilience, off-domain."
2942,Repair Strategies of an Urban Rail Transit Network Based on Optimal Resilience,2021,,10.1109/ictis54573.2021.9798463,restoration-scheduling/sequencing,railway/transit,,removed_nonjournal,False,,,,,,,,ok,snowball,1101,forward,kept-but-nonjournal,"Full text read via IEEE Xplore. Paper proposes a ""model repair strategy"" to determine the repair sequences of failed stations in an Urban Rail Transit (Chengdu subway) network after disturbances -> restoration-scheduling/sequencing on a railway/transit network (passes A, B, C; post-disaster, transpo"
2943,Optimized identification for critical metro stations from urban resilience perspective,2024,IOP Conference Series Earth and Environmental Science,10.1088/1755-1315/1333/1/012025,link-criticality/importance-ranking,railway/transit,,removed_filterB,False,,,,,,,,,snowball,1101,forward,filter-B,"Identifies critical metro stations from resilience perspective; criticality ranking, not restoration scheduling."
2944,A Deep Learning Based Approach to Examine the impact of Land Use Change on Shared Bicycles Usage in Rail Transit Stations,2025,Tehnicki vjesnik - Technical Gazette,10.17559/tv-20240322001422,other,railway/transit,,removed_filterB,False,,,,,,,,,snowball,1101,forward,filter-B,Deep learning on land use impact on shared bicycle usage; not post-disaster restoration.
2945,A comprehensive resilience assessment model for transportation hub considering passenger spatial mobility efficiency,2025,Transportmetrica A Transport Science,10.1080/23249935.2025.2557563,resilience-quantification/assessment,port/airport/maritime/waterway,,removed_filterB,False,,,,,,,,,snowball,1101,forward,filter-B,Resilience assessment of transportation hub; assessment not restoration scheduling.
2946,Measuring Urban–Peripheral Disparities in Fresh Food Access: Spatial Equity Analysis of Wet Markets in Shanghai,2025,Land,10.3390/land14112107,other,other,,removed_titlescreen,False,,,,,,,,,snowball,1101,forward,title-screen,Spatial equity of fresh food access via wet markets; off-domain.
2947,A közlekedési hálózati érzékenység kutatásának alakulása és a kritikus elemek sérülékenységének vizsgálata – szakirodalmi áttekintés,2025,Közlekedéstudományi Szemle,10.24228/ktsz.2025.6.5,vulnerability/risk/fragility-assessment,general-transportation-network,,removed_filterB,False,,,,,,,,,snowball,1101,forward,filter-B,Bibliometric review of transport network sensitivity/vulnerability of critical elements; not restoration.
2948,"Resilience analysis of multi-modal public transport networks under rainstorm waterlogging disasters: A case study in Chengdu, China",2026,Reliability Engineering & System Safety,10.1016/j.ress.2026.112827,resilience-quantification/assessment,railway/transit,,removed_filterB,False,,,,,,,,,snowball,1101,forward,filter-B,Resilience analysis of multi-modal public transport under waterlogging; assessment not restoration scheduling.
2949,Resilience Assessment of Urban Rail Transit Considering Supply and Demand Characteristics,2020,International Conference on Transportation and Development 2020,10.1061/9780784483176.007,resilience-quantification/assessment,railway/transit,,removed_filterB,False,,,,,,,,,snowball,1101,forward,filter-B,Resilience assessment of urban rail considering supply/demand; assessment only.
2950,Cooperative braking of urban rail vehicles with Koopman model predictive control,2022,IET Control Theory and Applications,10.1049/cth2.12370,other,railway/transit,,removed_filterB,False,,,,,,,,,snowball,1101,forward,filter-B,"Braking control of rail vehicles; control theory, not post-disaster restoration."
2951,Developing the framework for quantification of the resilience of the access to healthcare network,2022,Sustainable and Resilient Infrastructure,10.1080/23789689.2022.2126620,resilience-quantification/assessment,other,,removed_filterC,False,,,,,,,,,snowball,1101,forward,filter-C,"Resilience of access-to-healthcare network; healthcare facility network, not transport restoration."
2952,A Study on the Characteristics and System Construction of Urban Disaster Resilience in Shanghai: A Metropolis Perspective,2025,Sustainability,10.3390/su17010248,resilience-quantification/assessment,building/urban-area/community,,removed_filterB,False,,,,,,,,,snowball,1101,forward,filter-B,Urban disaster resilience of Shanghai; city-level resilience assessment.
2953,Resilience Assessment and Recovery Strategy for High‐Speed Railway Networks Considering Spatiotemporal Dynamic Characteristics,2025,Journal of Advanced Transportation,10.1155/atr/9890906,restoration-scheduling/sequencing,railway/transit,,kept,True,False,resilience-area/functionality,shortest-path/AON,heuristic/metaheuristic/GA,a-priori/static-schedule,not-applicable,deterministic,ok,snowball,1101,forward,kept-curated,"Full text (Wiley/NYU) confirms title. Original research (not a review). The paper optimizes the restoration SEQUENCE of damaged HSR railway segments post-disturbance to maximize network resilience (Eq. 6, GA solution) = FILTER B restoration-scheduling/sequencing; object = railway/transit (China HSR)"
2954,Assessment of Metro Signalling System Resilience,2018,2018 International Conference on Intelligent Rail Transportation (ICIRT),10.1109/icirt.2018.8641658,resilience-quantification/assessment,railway/transit,,removed_filterB,False,,,,,,,,,snowball,1101,forward,filter-B,"Metro signalling system resilience assessment; assessment only, signalling not transport network restoration scheduling."
2955,Physics-Driven Based Resilience Analysis of Interdependent Civil Infrastructure Systems—A Case Study in Hong Kong,2019,,10.1061/9780784482445.072,resilience-quantification/assessment,interdependent-infrastructure-incl-transport,water-gas-telecom-lifeline,removed_filterB,False,,,,,,,,,snowball,1101,forward,filter-B,Resilience/vulnerability analysis of interdependent infrastructure; assessment not restoration scheduling.
2956,Integrated Development of Urban Rail Transit and Energy Systems Supported by Underground Space,2023,Strategic Study of CAE,10.15302/j-sscae-2023.01.014,other,railway/transit,,removed_filterB,False,,,,,,,,,snowball,1101,forward,filter-B,"Integrated development of rail transit and energy systems; planning/design, not post-disaster restoration."
2957,"A Comparative Study on the Vulnerability of Metro Network Efficiency: New York City, Shanghai, and Jinan",2023,,10.1061/9780784484968.011,vulnerability/risk/fragility-assessment,railway/transit,,removed_filterB,False,,,,,,,,,snowball,1101,forward,filter-B,Comparative vulnerability of metro network efficiency; vulnerability assessment.
2958,Identification of Vulnerable IoT Enabled Transportation Infrastructure into a Cyber-Physical Transportation Network,2023,,10.1109/csr57506.2023.10224993,vulnerability/risk/fragility-assessment,general-transportation-network,,removed_filterB,False,,,,,,,,,snowball,1101,forward,filter-B,Identifying vulnerable IoT-enabled transport infrastructure to cyber-physical attacks; vulnerability assessment.
2959,Resilience Assessment of Urban Rail Transit System Considering Passenger Travel Choices,2023,,10.1145/3653081.3653168,resilience-quantification/assessment,railway/transit,,removed_filterB,False,,,,,,,,,snowball,1101,forward,filter-B,Resilience assessment of urban rail considering passenger travel choices; assessment only.
2960,Resilience Analysis of Multi-Modal Transportation Networks: A Case Study of the Beijing-Tianjin-Hebei Region,2024,Journal of Highway and Transportation Research and Development (English Edition),10.26599/htrd.2024.9480016,resilience-quantification/assessment,general-transportation-network,,removed_filterB,False,,,,,,,,,snowball,1101,forward,filter-B,Resilience assessment of multi-modal transportation networks; assessment only.
2961,Recovery times for highway disruptions due to natural hazard events,2024,Transportation Research Part D Transport and Environment,10.1016/j.trd.2024.104537,empirical-recovery-analysis/prediction,road/highway-network,,removed_filterB,False,,,,,,,,,snowball,1101,forward,filter-B,Empirical study modeling highway recovery times via proportional hazard model; empirical recovery analysis not scheduling optimization.
2962,"Earthquake-related evacuation transportation: Insights from Kerman, Iran",2025,Cities,10.1016/j.cities.2025.105713,evacuation,road/highway-network,,removed_filterB,False,,,,,,,,,snowball,1101,forward,filter-B,Earthquake evacuation transportation; evacuation is excluded by Filter B.
2963,Research on Urban Metro Network Recovery Strategy Based on Resilience Theory: A Case Study of Qingdao Metro Network,2024,,10.1109/smc54092.2024.10831433,resilience-quantification/assessment,railway/transit,,removed_filterB,False,,,,,,,,,snowball,1101,forward,filter-B,"Metro resilience evaluation via network efficiency index; assessment, not restoration scheduling."
2964,Optimization Model for Rail Line Crossover Design Considering the Cost of Delay,2021,Transportation Research Record Journal of the Transportation Research Board,10.1177/03611981211062488,network-design/retrofit/protection,railway/transit,,removed_filterB,False,,,,,,,,,snowball,1101,forward,filter-B,"Rail crossover design to minimize delay; pre-disaster design, not post-disaster restoration."
2965,Robustness comparison of Shanghai metro networks from line interaction perspective,2022,Sixth International Conference on Electromechanical Control Technology and Transportation (ICECTT 2021),10.1117/12.2623843,resilience-quantification/assessment,railway/transit,,removed_filterB,False,,,,,,,,,snowball,1101,forward,filter-B,"Metro network robustness comparison; assessment, not restoration."
2966,A Review of a Socio-Technical System Approach for Interdependent Infrastructure Systems Resilience Analysis: Present Status and Future Trends,2022,Construction Research Congress 2022,10.1061/9780784483954.043,resilience-quantification/assessment,interdependent-infrastructure-incl-transport,,removed_filterB,False,,,,,,,,,snowball,1101,forward,filter-B,Review of resilience analysis approaches; not restoration scheduling.
2967,Benchmark analysis for robustness of multi-scale urban road networks under global disruptions,2020,,10.46855/2020.05.25.16.02.181912,resilience-quantification/assessment,road/highway-network,,removed_filterB,False,,,,,,,,,snowball,1101,forward,filter-B,"Robustness benchmarking of urban road networks; assessment, not restoration."
2968,Assessment Model of the Resilience of Industrial Pollutant Emissions to Urban Atmospheric Systems from the Perspective of Cross-Domain Transmission,2023,Journal of Urban Planning and Development,10.1061/jupddm.upeng-4581,resilience-quantification/assessment,other,,removed_filterC,False,,,,,,,,,snowball,1101,forward,filter-C,"Urban atmospheric/pollutant system resilience; off-domain, not transport."
2969,"Old Wine in New Bottles? Understanding Infrastructure Resilience: Foundations, Assessment, and Limitations",2023,SSRN Electronic Journal,10.2139/ssrn.4367993,resilience-quantification/assessment,interdependent-infrastructure-incl-transport,,removed_filterB,False,,,,,,,,,snowball,1101,forward,filter-B,Conceptual infrastructure resilience review; not restoration scheduling.
2970,A Causal Inference Approach to Measure the Vulnerability of Urban Metro Systems,2020,arXiv (Cornell University),10.48550/arxiv.2007.05276,vulnerability/risk/fragility-assessment,railway/transit,,removed_filterB,False,,,,,,,,,snowball,1101,forward,filter-B,"Causal inference vulnerability measure for metro; assessment, not restoration."
2971,Resilience Evaluation of Complex Urban Public Spaces,2021,,10.1007/978-981-15-8892-1_30,resilience-quantification/assessment,building/urban-area/community,,removed_filterC,False,,,,,,,,,snowball,1101,forward,filter-C,Resilience of urban public spaces; not a transport network.
2972,The Influence of Covid-19 on Metro Resilience: Evidence from Four Chinese Cities,2021,SSRN Electronic Journal,10.2139/ssrn.3997619,resilience-quantification/assessment,railway/transit,,removed_filterB,False,,,,,,,,,snowball,1101,forward,filter-B,"Covid-19 impact on metro resilience; empirical assessment, not restoration."
2973,Exploring Optimal Location of Emergency Resources Based Complex Network and Node Importance Analysis in Urban Rail Transit,2022,SSRN Electronic Journal,10.2139/ssrn.4077553,link-criticality/importance-ranking,railway/transit,,removed_filterB,False,,,,,,,,,snowball,1101,forward,filter-B,Emergency resource location via node importance; not restoration scheduling of transport links.
2974,Preliminaries of Robustness Optimization,2022,,10.1007/978-981-16-9609-1_2,other,other,,removed_filterB,False,,,,,,,,,snowball,1101,forward,filter-B,"Robustness optimization preliminaries; generic method, off-topic."
2975,Resilience Evaluation of Transportation Infrastructures Based on Simulations: A Case Study of Fozuling Metro Station in China,2022,Lecture notes in operations research,10.1007/978-981-19-5256-2_68,resilience-quantification/assessment,railway/transit,,removed_filterB,False,,,,,,,,,snowball,1101,forward,filter-B,"Simulation-based resilience evaluation of a metro station; assessment, not restoration."
2976,A Vulnerability Assessment Approach For Internet Of Things Enabled Transportation Networks Subjected To CyberPhysical Attacks,2023,"Proceedings of the International Conference on Civil, Structural and Transportation Engineering",10.11159/iccste23.172,vulnerability/risk/fragility-assessment,general-transportation-network,,removed_filterB,False,,,,,,,,,snowball,1101,forward,filter-B,"Vulnerability assessment for IoT transport networks under cyber attacks; assessment, not restoration."
2977,Water Level Rise Impact on Road Network Efficiency Considering Dysfunction of Road Tunnel: An Application Example in Suzhou,2023,,10.1061/9780784484982.006,resilience-quantification/assessment,road/highway-network,,removed_filterB,False,,,,,,,,,snowball,1101,forward,filter-B,"Impact of tunnel dysfunction on road network efficiency; assessment, not restoration scheduling."
2978,Analysis of Fault Response Strategies of Fully Automatic Operation System based on Quantitative Resilience Assessment,2023,,10.3850/978-981-18-8071-1_p338-cd,resilience-quantification/assessment,railway/transit,,removed_filterB,False,,,,,,,,,snowball,1101,forward,filter-B,"Fault response strategy via resilience assessment of FAO system; assessment/operations, not physical restoration scheduling."
2979,Strategies of Repair Sequence for the Metro in the Bus Feeder Scenario from the Resilience Perspective,2023,,10.1109/smc53992.2023.10394454,restoration-scheduling/sequencing,railway/transit,,removed_nonjournal,False,,,,,,,,ok,snowball,1101,forward,kept-but-nonjournal,Full text read on IEEE Xplore. Post-disturbance repair-sequence optimization for failed metro stations with multiple engineering teams (restoration-scheduling/sequencing) on the Shanghai bus-metro network (railway/transit) => passes A/B/C. Two models: resilience-first (max R) and speed-first (min re
2980,Resilience Enhancement of an Urban Rail Transit Network by Temporarily Adjusting Regular Bus Transit Operation,2023,,10.1109/itsc57777.2023.10421994,resilience-quantification/assessment,railway/transit,,removed_filterB,False,,,,,,,,,snowball,1101,forward,filter-B,"Resilience enhancement by adjusting bus operation; operational resilience, not physical restoration scheduling."
2981,Distribution and influencing factors of Mycobacterium in rail transit based on metagenomic analysis,2024,Journal of Aerosol Science,10.1016/j.jaerosci.2024.106376,other,other,,removed_filterC,False,,,,,,,,,snowball,1101,forward,filter-C,Mycobacterium distribution in rail transit via metagenomics; off-domain microbiology.
2982,Impact of extreme rainfall on metro network resilience: Shanghai metro as an example,2024,IOP Conference Series Earth and Environmental Science,10.1088/1755-1315/1333/1/012016,resilience-quantification/assessment,railway/transit,,removed_filterB,False,,,,,,,,,snowball,1101,forward,filter-B,"Metro flood resilience assessment, not restoration scheduling/routing/debris."
2983,Temporal Study of Subway Network Recovery under Resilience Perspective,2024,Research Square,10.21203/rs.3.rs-4522047/v1,resilience-quantification/assessment,railway/transit,,removed_filterB,False,,,,,,,,,snowball,1101,forward,filter-B,"Subway network recovery resilience-maximization model; assessment/measurement focus, not scheduling optimization."
2984,Resilience of Urban Rail Network Under Large Passenger Flow,2023,,10.1109/icrms59672.2023.00206,resilience-quantification/assessment,railway/transit,,removed_filterB,False,,,,,,,,,snowball,1101,forward,filter-B,"Cascading failure resilience metric under passenger flow, not restoration."
2985,Evaluation Method of Urban Rail Transit Hub Resilience,2024,Lecture notes in civil engineering,10.1007/978-981-97-9640-3_39,resilience-quantification/assessment,railway/transit,,removed_filterB,False,,,,,,,,,snowball,1101,forward,filter-B,"Hub resilience evaluation method; assessment, not restoration scheduling."
2986,Key influencing factors identification of rail systems resilience: a structural equation model,2024,Transportation Planning and Technology,10.1080/03081060.2024.2443676,resilience-quantification/assessment,railway/transit,,removed_filterB,False,,,,,,,,,snowball,1101,forward,filter-B,SEM identifying resilience factors; not restoration.
2987,Analysis of Urban Road Network Robustness under Different Attack Conditions,2024,Environmental Science & Sustainable Development,10.21625/essd.v9i4.1131,resilience-quantification/assessment,road/highway-network,,removed_filterB,False,,,,,,,,,snowball,1101,forward,filter-B,"Robustness analysis under attacks via cascading failure, not restoration."
2988,Resilience-oriented passenger subsidy design for taxi travel under pandemic control,2025,EPJ Data Science,10.1140/epjds/s13688-025-00519-z,other,other,,removed_filterC,False,,,,,,,,,snowball,1101,forward,filter-C,Taxi subsidy policy under pandemic; not transport network restoration.
2989,Assignment of passenger flow in urban agglomerations via land transport channels considering competitive relationships,2025,Physica A Statistical Mechanics and its Applications,10.1016/j.physa.2025.130785,other,general-transportation-network,,removed_filterB,False,,,,,,,,,snowball,1101,forward,filter-B,"Passenger flow assignment across land transport channels; traffic assignment, not restoration."
2990,Resilience Assessment of the Railway Container Transport Service Network: A Two-Stage Model,2025,Journal of Transportation Engineering Part A Systems,10.1061/jtepbs.teeng-9248,resilience-quantification/assessment,railway/transit,,removed_filterB,False,,,,,,,,,snowball,1101,forward,filter-B,Railway container network resilience assessment.
2991,Resilience Assessment and Enhancement for Metro Complex Equipment and Facility Systems: An Integrated Approach Combining Complex Network and FRAM Models,2025,IEEE Transactions on Reliability,10.1109/tr.2025.3591120,resilience-quantification/assessment,railway/transit,,removed_filterB,False,,,,,,,,,snowball,1101,forward,filter-B,Metro equipment/facility resilience assessment and enhancement.
2992,Traffic flow-oriented reliability assessment and enhancement of urban transportation networks,2025,Chaos An Interdisciplinary Journal of Nonlinear Science,10.1063/5.0277379,resilience-quantification/assessment,general-transportation-network,,removed_filterB,False,,,,,,,,,snowball,1101,forward,filter-B,"Reliability assessment/enhancement of urban transport networks, not restoration scheduling."
2993,Toward resilience for public health emergency response system during COVID-19: qualitative comparative analyses of 40 countries,2025,Frontiers in Public Health,10.3389/fpubh.2025.1652309,other,other,,removed_filterC,False,,,,,,,,,snowball,1101,forward,filter-C,Public health emergency response system resilience; not transport.
2994,Research on Resilience Assessment Methods for Expressway Traffic Networks Based on Complex Networks,2025,Journal of Intelligent & Fuzzy Systems,10.1177/18758967251383128,resilience-quantification/assessment,road/highway-network,,removed_filterB,False,,,,,,,,,snowball,1101,forward,filter-B,Expressway resilience assessment via complex networks.
2995,A Passenger Flow-Based Resilience Measurement Model for Sustainable Operation of the Metro Station,2025,Sustainability,10.3390/su17198918,resilience-quantification/assessment,railway/transit,,removed_filterB,False,,,,,,,,,snowball,1101,forward,filter-B,Metro station passenger-flow resilience measurement model.
2996,Assessing and enhancing the waterlogging resilience of urban subway systems from a complex-network perspective,2026,SSRN Electronic Journal,10.2139/ssrn.5999563,resilience-quantification/assessment,railway/transit,,removed_filterB,False,,,,,,,,,snowball,1101,forward,filter-B,"Subway waterlogging resilience assessment/enhancement, complex network perspective."
2997,Research on Resilience of Shandong Expressway Network Based on Cascading Failure Model,2026,Open Journal of Transportation Technologies,10.12677/ojtt.2026.151002,resilience-quantification/assessment,road/highway-network,,removed_filterB,False,,,,,,,,,snowball,1101,forward,filter-B,Expressway resilience via cascading failure model; assessment.
2998,"Robustness Assessment of Public Transport Networks in Various Graph Representations: Systematic Review, Decision Support, and Case Study",2026,Networks,10.1002/net.70021,resilience-quantification/assessment,railway/transit,,removed_filterB,False,,,,,,,,,snowball,1101,forward,filter-B,Robustness assessment of public transport network graph representations.
2999,Facility Operation Planning,2026,Advances in 21st century human settlements,10.1007/978-981-95-4322-9_8,other,supply-chain/facility,,removed_filterC,False,,,,,,,,,snowball,1101,forward,filter-C,"Facility operation planning; not transport restoration, off-domain title."
3000,Novel resilience indicators for hypergraph-based urban transportation networks: Integrating structural and functional robustness,2026,SSRN Electronic Journal,10.2139/ssrn.6141455,resilience-quantification/assessment,general-transportation-network,,removed_filterB,False,,,,,,,,,snowball,1101,forward,filter-B,Resilience indicators for hypergraph transportation networks; assessment.
3001,Characterizing a Long-Time Evolution of Metro Network Topology: Evidence from Metro Networks in 34 Chinese Cities,2026,Transportation Research Record Journal of the Transportation Research Board,10.1177/03611981251413235,other,railway/transit,,removed_filterB,False,,,,,,,,,snowball,1101,forward,filter-B,Metro network topology evolution analysis; not restoration.
3002,Integrating machine learning and interval fuzzy AHP for assessing metro station resilience to urban flooding,2026,Sustainable Cities and Society,10.1016/j.scs.2026.107213,resilience-quantification/assessment,railway/transit,,removed_filterB,False,,,,,,,,,snowball,1101,forward,filter-B,Metro station flood resilience assessment; not restoration scheduling.
3003,A multi-dimension method for assessing the resilience of air network,2026,Journal of Air Transport Management,10.1016/j.jairtraman.2026.102985,resilience-quantification/assessment,port/airport/maritime/waterway,,removed_filterC,False,,,,,,,,,snowball,1101,forward,filter-C,Air network resilience assessment; not transport restoration scheduling and off object.
3004,Dynamic analysis of transportation systems under small perturbations,2026,Physica A Statistical Mechanics and its Applications,10.1016/j.physa.2026.131439,resilience-quantification/assessment,general-transportation-network,,removed_filterB,False,,,,,,,,,snowball,1101,forward,filter-B,Dynamic centrality analysis under perturbations; not post-disaster restoration.
3005,Resilience assessment of metro-bus composite networks under sudden disruptions integrating passenger behavior,2026,Transportation Research Part D Transport and Environment,10.1016/j.trd.2026.105304,resilience-quantification/assessment,railway/transit,,removed_filterB,False,,,,,,,,,snowball,1101,forward,filter-B,Metro-bus resilience assessment; not restoration scheduling.
3006,Fractal-dimension-based metric for seismic resilience of urban rail transit networks: integrating real-world data and accounting for spatial service capacity,2026,Reliability Engineering & System Safety,10.1016/j.ress.2026.112661,resilience-quantification/assessment,railway/transit,,removed_filterB,False,,,,,,,,,snowball,1101,forward,filter-B,Seismic resilience metric for rail transit; assessment not restoration.
3007,Multi-scenario flooding impacts on urban road network structural resilience: a global-local complex network analysis,2026,Humanities and Social Sciences Communications,10.1057/s41599-026-07363-0,resilience-quantification/assessment,road/highway-network,,removed_filterB,False,,,,,,,,,snowball,1101,forward,filter-B,Structural resilience evaluation of road network under flooding; assessment not restoration.
3008,Structural resilience evolution and vulnerability assessment of the global supply network for key raw materials of new energy batteries,2026,Journal of Cleaner Production,10.1016/j.jclepro.2026.148557,vulnerability/risk/fragility-assessment,supply-chain/facility,,removed_filterC,False,,,,,,,,,snowball,1101,forward,filter-C,Supply network for battery raw materials; off domain.
3009,Deciphering the resilience evolution of global metro networks,2026,Tunnelling and Underground Space Technology,10.1016/j.tust.2026.107831,resilience-quantification/assessment,railway/transit,,removed_filterB,False,,,,,,,,,snowball,1101,forward,filter-B,Metro network resilience evolution; assessment not restoration.
3010,Study on the adaptability of multilayer subway network under sudden large passenger flow disturbances,2026,PLoS ONE,10.1371/journal.pone.0350567,resilience-quantification/assessment,railway/transit,,removed_filterB,False,,,,,,,,,snowball,1101,forward,filter-B,Subway adaptability assessment under passenger flow; not restoration.
3011,Full-process seismic damage assessment for urban underground rail transit networks in liquefiable sites,2026,Computers and Geotechnics,10.1016/j.compgeo.2026.108337,hazard/damage-modeling,railway/transit,,removed_filterB,False,,,,,,,,,snowball,1101,forward,filter-B,Seismic damage assessment for underground rail; not restoration scheduling.
3012,Centrality-driven minimal hamiltonian loops to boost the resilience of spatially embedded networks,2026,International Journal of Modern Physics C,10.1142/s012918312750118x,network-design/retrofit/protection,interdependent-infrastructure-incl-transport,,removed_filterB,False,,,,,,,,,snowball,1101,forward,filter-B,Design of hamiltonian loops to boost resilience of spatial networks; pre-disaster design.
3013,A novel homology-based framework for K-terminal network reliability estimation under mixed failure modes,2026,Reliability Engineering & System Safety,10.1016/j.ress.2026.113047,vulnerability/risk/fragility-assessment,other,,removed_filterB,False,,,,,,,,,snowball,1101,forward,filter-B,Network reliability estimation method; not transport restoration.
3014,"The Elements of Statistical Learning: Data Mining, Inference, and Prediction",2010,Journal of the Royal Statistical Society Series A (Statistics in Society),10.1111/j.1467-985x.2010.00646_6.x,other,other,,removed_filterB,False,,,,,,,,,snowball,1108,backward,filter-B,Statistical learning textbook; off domain.
3015,Robust Solutions of Optimization Problems Affected by Uncertain Probabilities,2012,Management Science,10.1287/mnsc.1120.1641,other,other,,removed_filterB,False,,,,,,,,,snowball,1108,backward,filter-B,Robust optimization theory under uncertain probabilities; off domain.
3016,Flower pollination algorithm: A novel approach for multiobjective optimization,2013,Engineering Optimization,10.1080/0305215x.2013.832237,other,other,,removed_filterB,False,,,,,,,,,snowball,1108,backward,filter-B,Flower pollination optimization algorithm; generic method off domain.
3017,Application of Probe-Vehicle Data for Real-Time Traffic-State Estimation and Short-Term Travel-Time Prediction on a Freeway,2003,Transportation Research Record Journal of the Transportation Research Board,10.3141/1855-06,other,general-transportation-network,,removed_filterB,False,,,,,,,,,snowball,1108,backward,filter-B,Traffic-state estimation/travel-time prediction; traffic theory not restoration.
3018,Multi-output bus travel time prediction with convolutional LSTM neural network,2018,Expert Systems with Applications,10.1016/j.eswa.2018.11.028,other,general-transportation-network,,removed_filterB,False,,,,,,,,,snowball,1108,backward,filter-B,Bus travel time prediction; traffic ML off domain.
3019,A hybrid short-term traffic flow forecasting method based on spectral analysis and statistical volatility model,2013,Transportation Research Part C Emerging Technologies,10.1016/j.trc.2013.11.011,other,general-transportation-network,,removed_filterB,False,,,,,,,,,snowball,1108,backward,filter-B,Short-term traffic flow forecasting; off domain.
3020,Short-Term Traffic and Travel Time Prediction Models,2012,Transportation research circular,,other,general-transportation-network,,removed_filterB,False,,,,,,,,,snowball,1108,backward,filter-B,Short-term traffic/travel-time prediction models; off domain.
3021,Urban link travel time estimation based on sparse probe vehicle data,2012,Transportation Research Part C Emerging Technologies,10.1016/j.trc.2012.04.007,other,general-transportation-network,,removed_filterB,False,,,,,,,,,snowball,1108,backward,filter-B,Link travel time estimation from probe data; traffic theory off domain.
3022,Novel Soft Computing Model for Predicting Blast-Induced Ground Vibration in Open-Pit Mines Based on Particle Swarm Optimization and XGBoost,2019,Natural Resources Research,10.1007/s11053-019-09492-7,other,other,,removed_titlescreen,False,,,,,,,,,snowball,1108,backward,title-screen,Blast-induced ground vibration prediction in mining; off-domain ML.
3023,Reliable design of a forward/reverse logistics network under uncertainty: A robust-M/M/c queuing model,2012,Transportation Research Part E Logistics and Transportation Review,10.1016/j.tre.2012.06.002,other,supply-chain/facility,,removed_filterC,False,,,,,,,,,snowball,1108,backward,filter-C,Forward/reverse logistics network design; not post-disaster transport restoration.
3024,Two-stage multi-objective location-routing-inventory model for humanitarian logistics network design under uncertainty,2017,International Journal of Disaster Risk Reduction,10.1016/j.ijdrr.2017.10.015,post-disaster-relief-logistics/distribution,supply-chain/facility,,removed_filterB,False,,,,,,,,,snowball,1108,backward,filter-B,"Humanitarian location-routing-inventory logistics, not restoration scheduling."
3025,Logistics service network design for humanitarian response in East Africa,2017,Omega,10.1016/j.omega.2017.01.002,post-disaster-relief-logistics/distribution,supply-chain/facility,,removed_filterB,False,,,,,,,,,snowball,1108,backward,filter-B,"Humanitarian logistics service network design, not road restoration."
3026,Research on Travel Time Prediction Model of Freeway Based on Gradient Boosting Decision Tree,2018,IEEE Access,10.1109/access.2018.2886549,other,general-transportation-network,,removed_filterB,False,,,,,,,,,snowball,1108,backward,filter-B,"Travel time prediction (GBDT), pure ML/traffic theory, not restoration."
3027,Travel Time Prediction in a Multimodal Freight Transport Relation Using Machine Learning Algorithms,2019,Logistics,10.3390/logistics4010001,other,general-transportation-network,,removed_filterB,False,,,,,,,,,snowball,1108,backward,filter-B,"Travel time prediction ML, not post-disaster restoration."
3028,Coupling a Bat Algorithm with XGBoost to Estimate Reference Evapotranspiration in the Arid and Semiarid Regions of China,2019,Advances in Meteorology,10.1155/2019/9575782,other,other,,removed_titlescreen,False,,,,,,,,,snowball,1108,backward,title-screen,Evapotranspiration estimation; off-domain.
3029,Post-disaster relief operations considering psychological costs of waiting for evacuation and relief resources,2016,Transportmetrica A Transport Science,10.1080/23249935.2016.1222559,evacuation,other,,removed_filterB,False,,,,,,,,,snowball,1108,backward,filter-B,"Evacuation/relief operations with psychological costs, not restoration."
3030,A new approach for forecasting OPEC petroleum consumption based on neural network train by using flower pollination algorithm,2016,Applied Soft Computing,10.1016/j.asoc.2016.06.038,other,other,,removed_titlescreen,False,,,,,,,,,snowball,1108,backward,title-screen,OPEC petroleum consumption forecasting; off-domain.
3031,Evacuation planning for disaster responses: A stochastic programming framework,2016,Transportation Research Part C Emerging Technologies,10.1016/j.trc.2016.05.022,evacuation,other,,removed_filterB,False,,,,,,,,,snowball,1108,backward,filter-B,"Evacuation planning stochastic programming, not restoration."
3032,A location-inventory-pricing model in a closed loop supply chain network with correlated demands and shortages under a periodic review system,2017,Computers & Chemical Engineering,10.1016/j.compchemeng.2017.02.027,other,supply-chain/facility,,removed_filterC,False,,,,,,,,,snowball,1108,backward,filter-C,Closed-loop supply chain location-inventory-pricing; off-domain.
3033,Urban Link Travel Time Prediction Based on a Gradient Boosting Method Considering Spatiotemporal Correlations,2016,ISPRS International Journal of Geo-Information,10.3390/ijgi5110201,other,general-transportation-network,,removed_filterB,False,,,,,,,,,snowball,1108,backward,filter-B,"Urban link travel time prediction ML, not restoration."
3034,"Robust gasoline closed loop supply chain design with redistricting, service sharing and intra-district service transfer",2019,Transportation Research Part E Logistics and Transportation Review,10.1016/j.tre.2019.01.015,other,supply-chain/facility,,removed_filterC,False,,,,,,,,,snowball,1108,backward,filter-C,Gasoline closed-loop supply chain design; off-domain.
3035,Travel time prediction for highway network based on the ensemble empirical mode decomposition and random vector functional link network,2018,Applied Soft Computing,10.1016/j.asoc.2018.09.023,other,general-transportation-network,,removed_filterB,False,,,,,,,,,snowball,1108,backward,filter-B,"Highway travel time prediction ML, not restoration."
3036,Freight Vehicle Travel Time Prediction Using Gradient Boosting Regression Tree,2016,,10.1109/icmla.2016.0182,other,general-transportation-network,,removed_filterB,False,,,,,,,,,snowball,1108,backward,filter-B,"Freight travel time prediction ML, not restoration."
3037,A measurement of the effectiveness and efficiency of pre-disaster debris management plans,2017,Waste Management,10.1016/j.wasman.2017.02.004,pre-disaster-mitigation/preparedness/planning,other,,removed_filterA,False,,,,,,,,,snowball,1108,backward,filter-A,"Pre-disaster debris management plan evaluation, pre-disaster only."
3038,Taxi Trip Travel Time Prediction with Isolated XGBoost Regression,2019,,10.1109/mercon.2019.8818915,other,general-transportation-network,,removed_filterB,False,,,,,,,,,snowball,1108,backward,filter-B,"Taxi trip travel time prediction ML, not restoration."
3039,Long-term travel time prediction using gradient boosting,2019,Journal of Intelligent Transportation Systems,10.1080/15472450.2018.1542304,other,general-transportation-network,,removed_filterB,False,,,,,,,,,snowball,1108,backward,filter-B,"Long-term travel time prediction ML, not restoration."
3040,Certainty equivalents and information measures: Duality and extremal principles,1991,Journal of Mathematical Analysis and Applications,10.1016/0022-247x(91)90145-p,other,other,,removed_titlescreen,False,,,,,,,,,snowball,1108,backward,title-screen,"Certainty equivalents/information measures; math/info theory, off-domain."
3041,On an Extension of the Notion of <i>f</i> -Divergence,2008,Theory of Probability and Its Applications,10.1137/s0040585x97983134,other,other,,removed_titlescreen,False,,,,,,,,,snowball,1108,backward,title-screen,"f-divergence extension; pure mathematics, off-domain."
3042,The national plan for disaster management of Bangladesh: Gap between production and promulgation,2019,International Journal of Disaster Risk Reduction,10.1016/j.ijdrr.2019.101179,pre-disaster-mitigation/preparedness/planning,other,,removed_filterB,False,,,,,,,,,snowball,1108,backward,filter-B,National disaster management plan governance/policy gap; not transport restoration optimization.
3043,A new enhanced support vector model based on general variable neighborhood search algorithm for supplier performance evaluation: A case study,2016,International Journal of Computational Intelligence Systems,10.2991/ijcis.2017.10.1.20,other,supply-chain/facility,,removed_filterB,False,,,,,,,,,snowball,1108,backward,filter-B,SVM/GVNS for supplier performance evaluation; off-domain ML/supply chain.
3044,A high performing meta-heuristic for training support vector regression in performance forecasting of supply chain,2015,Neural Computing and Applications,10.1007/s00521-015-2015-8,other,supply-chain/facility,,removed_filterB,False,,,,,,,,,snowball,1108,backward,filter-B,Meta-heuristic training SVR for supply chain forecasting; off-domain.
3045,Vehicle positioning in cell manufacturing systems via robust optimization,2014,Applied Soft Computing,10.1016/j.asoc.2014.07.001,other,supply-chain/facility,,removed_filterC,False,,,,,,,,,snowball,1108,backward,filter-C,"Vehicle positioning in cell manufacturing; industrial engineering, off-domain."
3046,Travel time prediction in transport and logistics,2019,VINE Journal of Information and Knowledge Management Systems,10.1108/vjikms-11-2018-0102,other,general-transportation-network,,removed_filterB,False,,,,,,,,,snowball,1108,backward,filter-B,Travel time prediction from GPS; not post-disaster restoration.
3047,"Preparedness and Emergency Response Aspects of Sarpol-e Zahab (Kermanshah), Iran Earthquake of November 12, 2017",2019,Journal of seismology and earthquake engineering,,empirical-recovery-analysis/prediction,other,,removed_filterB,False,,,,,,,,,snowball,1108,backward,filter-B,Earthquake preparedness/emergency response case study; not restoration scheduling optimization.
3048,Data-driven Models for Short-term Travel Time Predictio,2019,,10.1109/itsc.2019.8917456,other,general-transportation-network,,removed_filterB,False,,,,,,,,,snowball,1108,backward,filter-B,"Data-driven short-term travel time prediction; traffic ML, off-domain."
3049,Proceedings of the 22nd ACM SIGKDD International Conference on Knowledge Discovery and Data Mining,2016,,10.1145/2939672,other,other,,removed_titlescreen,False,,,,,,,,,snowball,1108,backward,title-screen,KDD conference proceedings front matter; completely off-domain.
3050,A novel artificial intelligence technique to predict compressive strength of recycled aggregate concrete using ICA-XGBoost model,2020,Engineering With Computers,10.1007/s00366-020-01003-0,other,other,,removed_filterB,False,,,,,,,,,snowball,1108,backward,filter-B,"AI prediction of concrete compressive strength; materials, off-domain."
3051,Predicting TBM penetration rate in hard rock condition: A comparative study among six XGB-based metaheuristic techniques,2020,Geoscience Frontiers,10.1016/j.gsf.2020.09.020,other,other,,removed_filterB,False,,,,,,,,,snowball,1108,backward,filter-B,"TBM penetration rate prediction; tunneling ML, off-domain."
3052,Research on Creep Characteristics and Influencing Factors of Cement Asphalt Composite Binder,2020,Mathematical Problems in Engineering,10.1155/2020/6614920,other,other,,removed_filterC,False,,,,,,,,,snowball,1108,backward,filter-C,"Creep of cement asphalt binder; road materials science, off-domain."
3053,Gradient Boosting Machine and Efficient Combination of Features for Speech-Based Detection of COVID-19,2022,IEEE Journal of Biomedical and Health Informatics,10.1109/jbhi.2022.3197910,other,other,,removed_titlescreen,False,,,,,,,,,snowball,1108,backward,title-screen,"Speech-based COVID-19 detection; medical ML, off-domain."
3054,Explainable Machine Learning for Data Extraction Across Computational Social System,2022,IEEE Transactions on Computational Social Systems,10.1109/tcss.2022.3164993,other,other,,removed_filterB,False,,,,,,,,,snowball,1108,backward,filter-B,Explainable ML feature selection across social systems; off-domain.
3055,"Planning for relief distribution, victim evacuation, redistricting and service sharing under uncertainty",2021,Socio-Economic Planning Sciences,10.1016/j.seps.2021.101158,post-disaster-relief-logistics/distribution,other,,removed_filterB,False,,,,,,,,,snowball,1108,backward,filter-B,"Relief distribution, victim evacuation, redistricting; logistics/evacuation, not transport restoration."
3056,Advances in Big Data and Cloud Computing,2018,Advances in intelligent systems and computing,10.1007/978-981-10-7200-0,other,other,,removed_titlescreen,False,,,,,,,,,snowball,1108,backward,title-screen,Big data/cloud computing proceedings; off-domain.
3057,Bus Travel Time Prediction Based on Ensemble Learning Methods,2020,IEEE Intelligent Transportation Systems Magazine,10.1109/mits.2020.2990175,other,general-transportation-network,,removed_filterB,False,,,,,,,,,snowball,1108,backward,filter-B,"Bus travel time prediction ensemble learning; traffic ML, off-domain."
3058,Travel Time Prediction Using Tree-Based Ensembles,2020,Lecture notes in computer science,10.1007/978-3-030-59747-4_27,other,general-transportation-network,,removed_filterB,False,,,,,,,,,snowball,1108,backward,filter-B,"Travel time prediction tree ensembles; traffic ML, off-domain."
3059,2017 Kermanshah Earthquake; Lessons Learned,2018,Journal of Injury and Violence Research,10.5249/jivr.v10i1.1094,empirical-recovery-analysis/prediction,other,,removed_filterB,False,,,,,,,,,snowball,1108,backward,filter-B,Earthquake lessons learned case study; not restoration scheduling.
3060,Network organizational development in the public sector: A case study of the federal emergency management administration (FEMA),2000,Journal of the American Society for Information Science,10.1002/1097-4571(2000)9999:9999<::aid-asi1004>3.0.co;2-5,other,other,,removed_filterB,False,,,,,,,,,snowball,1108,backward,filter-B,"FEMA organizational IT development case study; management, off-domain."
3061,Managing Debris Clearance from Road Transportation Networks after Earthquakes,2022,Lifelines 2022,10.1061/9780784484432.084,debris-clearance,road/highway-network,road/highway-network,removed_nonjournal,False,,,,,,,,ok,snowball,1108,backward,kept-but-nonjournal,"Abstract (ASCE, Lifelines 2022) confirms title. Framework defines a debris removal strategy from a road transportation network after an earthquake -> problem_type=debris-clearance, object=road network. Passes A (post-disaster, transport), B (debris-clearance), C (road). Blocked roads identified from"
3062,A fuzzy programming model for decentralization and drone utilization in urban humanitarian relief chains,2025,Transportation Research Part E Logistics and Transportation Review,10.1016/j.tre.2024.103949,post-disaster-relief-logistics/distribution,supply-chain/facility,,removed_filterB,False,,,,,,,,,snowball,1108,forward,filter-B,"Humanitarian relief chain decentralization + drone utilization; relief distribution logistics, not transport network restoration. Fails B and C."
3063,Trends and Developments in the Use of Machine Learning for Disaster Management: A Bibliometric Analysis,2023,IFIP advances in information and communication technology,10.1007/978-3-031-50192-0_9,other,other,,removed_filterB,False,,,,,,,,,snowball,1108,forward,filter-B,"Bibliometric analysis of ML in disaster management; a survey, not a restoration optimization problem."
3064,Collaborative operation planning for post-disaster victim evacuation and relief distribution on considering heterogeneous rescue teams,2025,Expert Systems with Applications,10.1016/j.eswa.2025.129361,evacuation,other,,removed_filterB,False,,,,,,,,,snowball,1108,forward,filter-B,"Victim evacuation and relief distribution planning; evacuation + relief logistics, not road/transport restoration."
3065,Metaheuristics and Machine Learning Convergence,2024,"Advances in systems analysis, software engineering, and high performance computing book series",10.4018/979-8-3693-7842-7.ch015,other,other,,removed_filterB,False,,,,,,,,,snowball,1108,forward,filter-B,"Convergence of metaheuristics and ML; pure methods review, off-domain."
3066,A new distributionally robust optimization method and its application to rotor-stator clearance,2025,Aerospace Science and Technology,10.1016/j.ast.2025.110248,other,other,,removed_filterB,False,,,,,,,,,snowball,1108,forward,filter-B,Distributionally robust optimization applied to rotor-stator clearance (mechanical engineering); off-domain.
3067,Exploring the Impact of Industry 4.0 Information Technologies on Supply Chain Responsiveness: A Dynamic Capabilities Theory Perspective,2025,IEEE Transactions on Engineering Management,10.1109/tem.2025.3640362,other,supply-chain/facility,,removed_filterB,False,,,,,,,,,snowball,1108,forward,filter-B,Industry 4.0 and supply chain responsiveness review; not post-disaster transport restoration.
3068,Predicting the Total Costs of Production Factors on Farms in the European Union,2024,SpringerBriefs in applied sciences and technology,10.1007/978-3-031-54608-2_4,other,other,,removed_filterB,False,,,,,,,,,snowball,1108,forward,filter-B,"Predicting production factor costs on EU farms; agricultural economics, off-domain."
3069,A New Approach Based on Twitter Sentiment Analysis and Machine Learning in Post‐Disaster Relief Management,2026,Journal of Contingencies and Crisis Management,10.1111/1468-5973.70147,other,other,,removed_filterB,False,,,,,,,,,snowball,1108,forward,filter-B,"Twitter sentiment analysis + ML for post-disaster relief management; social media analytics, not transport restoration scheduling."
3070,Predictability of population displacement after the 2010 Haiti earthquake,2012,Proceedings of the National Academy of Sciences,10.1073/pnas.1203882109,empirical-recovery-analysis/prediction,other,,removed_filterB,False,,,,,,,,,snowball,2704,backward,filter-B,Predicting population displacement after earthquake; not transport restoration scheduling. Off-domain object too.
3071,Evaluating the significance of highway network links under the flood damage: An accessibility approach,2005,Transportation Research Part A Policy and Practice,10.1016/j.tra.2005.08.006,link-criticality/importance-ranking,road/highway-network,,removed_filterB,False,,,,,,,,,snowball,2704,backward,filter-B,Evaluating significance/criticality of highway links under flood via accessibility; ranking not restoration scheduling.
3072,Evaluation and prediction of transportation resilience under extreme weather events: A diffusion graph convolutional approach,2020,Transportation Research Part C Emerging Technologies,10.1016/j.trc.2020.102619,resilience-quantification/assessment,general-transportation-network,,removed_filterB,False,,,,,,,,,snowball,2704,backward,filter-B,Evaluation/prediction of transportation resilience; assessment not restoration scheduling.
3073,An Adaptive Implementation of ε-Greedy in Reinforcement Learning,2017,Procedia Computer Science,10.1016/j.procs.2017.05.431,other,other,,removed_filterB,False,,,,,,,,,snowball,2704,backward,filter-B,Pure reinforcement learning method (adaptive epsilon-greedy); off-topic.
3074,Theory and application of reward shaping in reinforcement learning,2004,,,other,other,,removed_filterB,False,,,,,,,,,snowball,2704,backward,filter-B,"Reward shaping in RL; generic ML method, off-topic."
3075,Analysis of Transportation Network Vulnerability under Flooding Disasters,2015,Transportation Research Record Journal of the Transportation Research Board,10.3141/2532-05,vulnerability/risk/fragility-assessment,general-transportation-network,,removed_filterB,False,,,,,,,,,snowball,2704,backward,filter-B,Vulnerability analysis of transportation network under flooding; not restoration scheduling.
3076,Transportation infrastructure restoration optimization considering mobility and accessibility in resilience measures,2020,Transportation Research Part C Emerging Technologies,10.1016/j.trc.2020.102700,restoration-scheduling/sequencing,road/highway-network,road/highway-network,kept,True,False,multi-criteria/composite,user-equilibrium,exact/MILP/math-programming; heuristic/metaheuristic/GA,a-priori/static-schedule,static-demand,deterministic,ok,snowball,2704,backward,kept-curated,"Full text (TR-C 2020, Zhao & Zhang) formulates the Restoration Plan Optimization (RPO) problem: a city administrator selects which damaged road links to repair and at which of two capacity-recovery levels under a budget, i.e., restoration resource allocation/scheduling on a road network (Sioux Falls"
3077,"Identification, Categorization, and Weighting of Barriers to Timely Post-Disaster Recovery Process",2019,,10.1061/9780784482445.006,empirical-recovery-analysis/prediction,other,,removed_filterB,False,,,,,,,,,snowball,2704,backward,filter-B,"Identifying/weighting barriers to post-disaster recovery; qualitative assessment, not transport restoration scheduling."
3078,Scalable evacuation routing in a dynamic environment,2017,Computers Environment and Urban Systems,10.1016/j.compenvurbsys.2017.08.011,evacuation,general-transportation-network,,removed_filterB,False,,,,,,,,,snowball,2704,backward,filter-B,Scalable evacuation routing; evacuation excluded by Filter B.
3079,Sigmoid functions in reliability based management,2007,Periodica Polytechnica Social and Management Sciences,10.3311/pp.so.2007-2.04,other,other,,removed_filterB,False,,,,,,,,,snowball,2704,backward,filter-B,Sigmoid functions in reliability-based management; off-topic method.
3080,General stochastic user equilibrium traffic assignment problem with link capacity constraints,2008,Journal of Advanced Transportation,10.1002/atr.5670420403,other,general-transportation-network,,removed_filterB,False,,,,,,,,,snowball,2704,backward,filter-B,"Stochastic user equilibrium traffic assignment theory; pure traffic-theory method, not restoration."
3081,Overview Of Application Of Traffic Simulation Model,2018,MATEC Web of Conferences,10.1051/matecconf/201815003006,other,general-transportation-network,,removed_filterB,False,,,,,,,,,snowball,2704,backward,filter-B,"Overview of traffic simulation models; generic traffic modeling, off-topic."
3082,Modeling the dynamics of hurricane evacuation decisions from twitter data: An input output hidden markov modeling approach,2021,Transportation Research Part C Emerging Technologies,10.1016/j.trc.2021.102976,evacuation,other,,removed_filterB,False,,,,,,,,,snowball,2704,backward,filter-B,"Modeling hurricane evacuation decisions from Twitter; evacuation behavior, excluded by Filter B."
3083,A new method for calculating individual subitizing ranges,2018,Journal of Numerical Cognition,10.5964/jnc.v4i2.74,other,other,,removed_titlescreen,False,,,,,,,,,snowball,2704,backward,title-screen,Cognitive psychology on subitizing/enumeration; completely off-domain.
3084,"Post-disaster reconstruction: lessons from Nagapattinam district, India",2015,Development in Practice,10.1080/09614524.2015.1028334,empirical-recovery-analysis/prediction,building/urban-area/community,,removed_filterB,False,,,,,,,,,snowball,2704,backward,filter-B,"Long-term post-disaster reconstruction/recovery program evaluation, not transport restoration scheduling; also community-focused."
3085,Estimating Origin-Destination Matrix of Bogor City Using Gravity Model,2016,IOP Conference Series Earth and Environmental Science,10.1088/1755-1315/31/1/012021,other,general-transportation-network,,removed_filterB,False,,,,,,,,,snowball,2704,backward,filter-B,OD matrix estimation via gravity model for transport planning; no disaster/restoration.
3086,Path selection in disaster response management based on Q-learning,2011,International Journal of Automation and Computing,10.1007/s11633-010-0560-2,post-disaster-relief-logistics/distribution,general-transportation-network,,removed_filterB,False,,,,,,,,,snowball,2704,backward,filter-B,"No abstract; title on Q-learning path selection in disaster response management is relief routing/response, not road/debris restoration scheduling."
3087,A Reinforcement Learning-Based Stakeholder Value Aggregation Model for Collaborative Decision Making on Disaster Resilience,2019,,10.1061/9780784482445.063,resilience-quantification/assessment,building/urban-area/community,,removed_filterB,False,,,,,,,,,snowball,2704,backward,filter-B,Stakeholder value aggregation for disaster resilience decision making; not transport restoration scheduling.
3088,ANALYSIS OF PEOPLE'S ROUTE AND DESTINATION CHOICE IN EVACUATION USING GPS LOG DATA,2014,Journal of Japan Society of Civil Engineers Ser D3 (Infrastructure Planning and Management),10.2208/jscejipm.70.i_681,evacuation,general-transportation-network,,removed_filterB,False,,,,,,,,,snowball,2704,backward,filter-B,"Evacuation route/destination choice analysis from GPS logs; empirical behavior, not restoration."
3089,An Analysis of Factors Influencing Disaster Mobility Using Location Data from Smartphones: Case Study of Western Japan Flooding,2019,Journal of Disaster Research,10.20965/jdr.2019.p0903,evacuation,general-transportation-network,,removed_filterB,False,,,,,,,,,snowball,2704,backward,filter-B,"Analysis of factors influencing disaster evacuation mobility; empirical, not restoration scheduling."
3090,ON THE BUSINESS CONTINUITY PLANNING OF EXPRESSWAY BASED ON THE CASE ANALYSIS OF EMBANKMENT DAMAGE DUE TO NATURAL DISASTER,2013,Journal of Japan Society of Civil Engineers Ser F5 (Professional Practices in Civil Engineering),10.2208/jscejppce.69.1,pre-disaster-mitigation/preparedness/planning,road/highway-network,,removed_filterA,False,,,,,,,,,snowball,2704,backward,filter-A,Business continuity planning / risk evaluation of expressway embankments; pre-disaster preparedness and hazard/risk assessment focus.
3091,Proposal of a Decision Method for Road Recovery Considering Recovery Capacity after a Large-Scale Disaster,2018,Journal of the City Planning Institute of Japan,10.11361/journalcpij.53.859,restoration-scheduling/sequencing,road/highway-network,road/highway-network,kept,True,False,travel-time/accessibility,shortest-path/AON,other,a-priori/static-schedule,static-demand,deterministic,ok,snowball,2704,backward,kept-curated,"J-STAGE full record (都市計画論文集 53(3):859-866, 2018), Japanese paper ""大規模災害からの復旧対応力を考慮した道路啓開計画モデルの提案"" by Sakamoto & Nishiuchi. Abstract: proposes a model that identifies road restoration (道路啓開/clearance) patterns maximizing accessibility of important advance OD node pairs given disaster damage state an"
3092,Learning to Communicate with Deep Multi-Agent Reinforcement Learning,2016,arXiv (Cornell University),10.48550/arxiv.1605.06676,other,other,,removed_titlescreen,False,,,,,,,,,snowball,2704,backward,title-screen,Deep multi-agent RL methods paper; off-domain ML.
3093,Reward Design in Cooperative Multi-agent Reinforcement Learning for Packet Routing,2020,arXiv (Cornell University),10.48550/arxiv.2003.03433,other,other,,removed_titlescreen,False,,,,,,,,,snowball,2704,backward,title-screen,MARL reward design for packet routing; off-domain ML/networking.
3094,Coordinating Disaster Emergency Response with Heuristic Reinforcement Learning,2018,arXiv (Cornell University),10.48550/arxiv.1811.05010,post-disaster-relief-logistics/distribution,general-transportation-network,,removed_filterB,False,,,,,,,,,snowball,2704,backward,filter-B,"RL for coordinating emergency response / resource distribution to victims; relief logistics, not road restoration."
3095,Collaboration of AI Agents via Cooperative Multi-Agent Deep Reinforcement Learning,2019,arXiv (Cornell University),10.48550/arxiv.1907.00327,other,other,,removed_titlescreen,False,,,,,,,,,snowball,2704,backward,title-screen,Multi-agent deep RL for grid soccer collaboration; off-domain ML.
3096,Pedestrian movement with large-scale GPS records and transit-oriented development attributes,2024,Sustainable Cities and Society,10.1016/j.scs.2024.105223,other,general-transportation-network,,removed_filterB,False,,,,,,,,,snowball,2704,forward,filter-B,Pedestrian movement/GPS and transit-oriented development attributes; no post-disaster restoration content. Off-topic urban mobility analysis.
3097,Leveraging explainable AI for enhanced decision making in humanitarian logistics: An Adversarial CoevoluTION (ACTION) framework,2023,International Journal of Disaster Risk Reduction,10.1016/j.ijdrr.2023.104004,other,other,,removed_filterB,False,,,,,,,,,snowball,2704,forward,filter-B,AI wargames for humanitarian assistance decision-making; not transport network restoration scheduling.
3098,Human mobility under disasters: a systematic review and framework for equitable and resilient mobility governance,2025,npj natural hazards.,10.1038/s44304-025-00153-9,empirical-recovery-analysis/prediction,general-transportation-network,,removed_filterB,False,,,,,,,,,snowball,2704,forward,filter-B,"Systematic review of human mobility under disasters; empirical/governance framing, not restoration scheduling optimization."
3099,Exploring impact of street layout on urban flood risk of people and vehicles under extreme rainfall based on numerical experiments,2023,Science China Technological Sciences,10.1007/s11431-022-2393-2,hazard/damage-modeling,general-transportation-network,,removed_filterA,False,,,,,,,,,snowball,2704,forward,filter-A,"Street layout impact on urban flood risk; pre-disaster hazard/risk modeling, no restoration."
3100,Spatiotemporal assessment of post-earthquake road network resilience using a data-driven approach,2024,Sustainable Cities and Society,10.1016/j.scs.2024.105675,resilience-quantification/assessment,road/highway-network,,removed_filterB,False,,,,,,,,,snowball,2704,forward,filter-B,"Post-earthquake road network resilience assessment (data-driven); resilience quantification, not scheduling."
3101,Resilience assessment for road network under rainstorm events using crowdsourced data,2025,Transportation Research Part D Transport and Environment,10.1016/j.trd.2025.105030,resilience-quantification/assessment,road/highway-network,,removed_filterB,False,,,,,,,,,snowball,2704,forward,filter-B,Road network resilience assessment under rainstorm; assessment not restoration scheduling.
3102,Machine Learning for Infrastructure Recovery from Natural Hazards: A Review,2026,Civil Engineering Sciences,10.34133/cesci.0013,empirical-recovery-analysis/prediction,interdependent-infrastructure-incl-transport,,removed_filterB,False,,,,,,,,,snowball,2704,forward,filter-B,ML for infrastructure recovery review; broad review not restoration scheduling optimization.
3103,Block-level Trip Generation/Attraction and Travel Characteristics Using GPS Data and Building Usage Composition in Tokyo Wards,2024,Journal of the City Planning Institute of Japan,10.11361/journalcpij.59.177,other,general-transportation-network,,removed_filterB,False,,,,,,,,,snowball,2704,forward,filter-B,"Trip generation/travel characteristics from GPS in Tokyo; urban travel analysis, not disaster restoration."
3104,Generating Diverse Optimal Road Management Plans in Post-Disaster by Applying Envelope Multi-Objective Deep Reinforcement Learning,2023,Journal of Disaster Research,10.20965/jdr.2023.p0884,restoration-scheduling/sequencing,road/highway-network,road/highway-network,kept,True,False,multi-criteria/composite,shortest-path/AON,reinforcement-learning/DRL,sequential/adaptive/rolling-policy,static-demand,deterministic,ok,snowball,2704,forward,kept-curated,"Full text (Fuji Technology Press, JDR Vol.18 No.8, 2023). Post-disaster road restoration: agent selects which damaged roads to recover, sequentially, to rapidly recover human mobility. Keep: restoration-scheduling/sequencing (B) on a road/highway network (C), post-disaster (A). Reward = human-mobili"
3105,Model Construction and Evaluation of Flood Area Estimation Based on SAR and GPS Data,2024,,10.1109/igarss53475.2024.10642419,hazard/damage-modeling,other,,removed_filterC,False,,,,,,,,,snowball,2704,forward,filter-C,"Flood area estimation from SAR/GPS; hazard/damage mapping, not transport restoration."
3106,Integrating social vulnerability into nuclear emergency evacuation planning: A review,2026,Progress in Nuclear Energy,10.1016/j.pnucene.2026.106428,evacuation,other,,removed_filterB,False,,,,,,,,,snowball,2704,forward,filter-B,"Social vulnerability in nuclear emergency evacuation planning review; evacuation, not restoration scheduling."
3107,Handling multiple objectives with particle swarm optimization,2004,IEEE Transactions on Evolutionary Computation,10.1109/tevc.2004.826067,generic-OR-method,other,,removed_titlescreen,False,False,,,,,,,,snowball,1035,backward,title-screen,Pure multiobjective PSO metaheuristic method paper; no disaster restoration or transportation network.
3108,An emergency logistics distribution approach for quick response to urgent relief demand in disasters,2007,Transportation Research Part E Logistics and Transportation Review,10.1016/j.tre.2006.04.004,relief-logistics-only,other,,removed_filterA,False,False,,,,,,,,snowball,1035,backward,filter-A,Emergency relief distribution to urgent demand; no road/network repair.
3109,System of experimental design : engineering methods to optimize quality and minimize costs,1987,,,,,,removed_nonjournal,False,False,,,,,,,,snowball,1035,backward,non-journal,"Non-journal record (type=book), excluded by journal-only criterion."
3110,Two-echelon multiple-vehicle location–routing problem with time windows for optimization of sustainable supply chain network of perishable food,2014,International Journal of Production Economics,10.1016/j.ijpe.2013.12.028,generic-OR-method,supply-chain,,removed_titlescreen,False,False,,,,,,,,snowball,1035,backward,title-screen,Location-routing for perishable-food supply chain; not disaster restoration.
3111,Multi-objective optimal planning for designing relief delivery systems,2007,Transportation Research Part E Logistics and Transportation Review,10.1016/j.tre.2006.10.012,relief-logistics-only,other,,removed_filterA,False,False,,,,,,,,snowball,1035,backward,filter-A,Relief delivery system planning; no network repair component.
3112,Humanitarian logistics network design under mixed uncertainty,2015,European Journal of Operational Research,10.1016/j.ejor.2015.08.059,relief-logistics-only,other,,removed_filterA,False,False,,,,,,,,snowball,1035,backward,filter-A,Humanitarian logistics network (warehouse/DC location + distribution); no road repair.
3113,A multi-objective robust stochastic programming model for disaster relief logistics under uncertainty,2011,OR Spectrum,10.1007/s00291-011-0268-x,relief-logistics-only,other,,removed_filterA,False,False,,,,,,,,snowball,1035,backward,filter-A,"Disaster relief logistics under uncertainty; distribution only, no restoration."
3114,Ant colony optimization for disaster relief operations,2007,Transportation Research Part E Logistics and Transportation Review,10.1016/j.tre.2006.05.004,relief-logistics-only,other,,removed_filterA,False,False,,,,,,,,snowball,1035,backward,filter-A,Ant colony optimization for relief operations routing; no infrastructure repair.
3115,A multi-criteria optimization model for humanitarian aid distribution,2010,Journal of Global Optimization,10.1007/s10898-010-9603-z,,,,removed_nonjournal,False,False,,,,,,,,snowball,1035,backward,non-journal,"Non-journal record (type=book-chapter), excluded by journal-only criterion."
3116,A hierarchical clustering and routing procedure for large scale disaster relief logistics planning,2011,Transportation Research Part E Logistics and Transportation Review,10.1016/j.tre.2011.11.003,relief-logistics-only,other,,removed_filterA,False,False,,,,,,,,snowball,1035,backward,filter-A,Clustering/routing for relief logistics planning; distribution only.
3117,Scheduling trucks in cross-docking systems: Robust meta-heuristics,2009,Computers & Industrial Engineering,10.1016/j.cie.2009.06.006,generic-OR-method,supply-chain,,removed_titlescreen,False,False,,,,,,,,snowball,1035,backward,title-screen,"Truck scheduling in cross-docking; generic scheduling/logistics, no disaster restoration."
3118,Multi-objective control chart design optimization using NSGA-III and MOPSO enhanced with DEA and TOPSIS,2015,Expert Systems with Applications,10.1016/j.eswa.2015.11.007,generic-OR-method,other,,removed_titlescreen,False,False,,,,,,,,snowball,1035,backward,title-screen,Multi-objective control chart design; unrelated OR/quality method.
3119,A robust optimization model for humanitarian relief chain design under uncertainty,2016,Applied Mathematical Modelling,10.1016/j.apm.2016.04.005,relief-logistics-only,other,,removed_filterA,False,False,,,,,,,,snowball,1035,backward,filter-A,Humanitarian relief chain design under uncertainty; no network repair.
3120,A hybrid vendor managed inventory and redundancy allocation optimization problem in supply chain management: An NSGA-II with tuned parameters,2013,Computers & Operations Research,10.1016/j.cor.2013.07.024,generic-OR-method,supply-chain,,removed_titlescreen,False,False,,,,,,,,snowball,1035,backward,title-screen,"Vendor-managed inventory + redundancy allocation; supply chain, not restoration."
3121,Ambulance routing for disaster response with patient groups,2014,Computers & Operations Research,10.1016/j.cor.2014.11.006,relief-logistics-only,other,,removed_filterA,False,False,,,,,,,,snowball,1035,backward,filter-A,Ambulance routing for disaster patient transport; no road/network repair.
3122,A robust optimization approach for pollution routing problem with pickup and delivery under uncertainty,2014,Journal of Manufacturing Systems,10.1016/j.jmsy.2013.12.009,generic-OR-method,other,,removed_titlescreen,False,False,,,,,,,,snowball,1035,backward,title-screen,Pollution routing problem (green VRP) under uncertainty; generic routing method.
3123,A simulated annealing heuristic for the open location-routing problem,2014,Computers & Operations Research,10.1016/j.cor.2014.10.009,generic-OR-method,other,,removed_titlescreen,False,False,,,,,,,,snowball,1035,backward,title-screen,Simulated annealing for open location-routing; generic VRP method.
3124,"A bi-objective inventory optimization model under inflation and discount using tuned Pareto-based algorithms: NSGA-II, NRGA, and MOPSO",2016,Applied Soft Computing,10.1016/j.asoc.2016.02.014,generic-OR-method,supply-chain,,removed_titlescreen,False,False,,,,,,,,snowball,1035,backward,title-screen,Inventory optimization under inflation/discount; unrelated OR method.
3125,To split or not to split: That is the question,2006,Transportation Research Part E Logistics and Transportation Review,10.1016/j.tre.2006.04.003,generic-OR-method,other,,removed_titlescreen,False,False,,,,,,,,snowball,1035,backward,title-screen,Split-delivery VRP method paper; not disaster or restoration.
3126,A bi-objective model for the used oil location-routing problem,2014,Computers & Operations Research,10.1016/j.cor.2014.10.016,generic-OR-method,other,,removed_titlescreen,False,False,,,,,,,,snowball,1035,backward,title-screen,Used-oil collection location-routing; generic reverse-logistics VRP.
3127,"The multi-depot split delivery vehicle routing problem: An integer programming-based heuristic, new test problems, and computational results",2011,Computers & Industrial Engineering,10.1016/j.cie.2011.05.012,generic-OR-method,other,,removed_titlescreen,False,False,,,,,,,,snowball,1035,backward,title-screen,"Multi-depot split-delivery VRP; pure vehicle-routing OR method, no disaster or network repair."
3128,Vehicle routing scheduling using an enhanced hybrid optimization approach,2010,Journal of Intelligent Manufacturing,10.1007/s10845-010-0427-y,generic-OR-method,other,,removed_titlescreen,False,False,,,,,,,,snowball,1035,backward,title-screen,"Vehicle routing scheduling via hybrid optimization; generic VRP method, no restoration."
3129,Multi-item EOQ model with nonlinear unit holding cost and partial backordering: moth-flame optimization algorithm,2016,Journal of Industrial and Production Engineering,10.1080/21681015.2016.1192068,generic-OR-method,other,,removed_titlescreen,False,False,,,,,,,,snowball,1035,backward,title-screen,"Multi-item EOQ inventory model; pure inventory-theory OR, off-domain."
3130,A robust parameter design for multi-response problems,2009,Journal of Computational and Applied Mathematics,10.1016/j.cam.2008.12.019,generic-OR-method,other,,removed_titlescreen,False,False,,,,,,,,snowball,1035,backward,title-screen,"Robust parameter design for multi-response problems; statistical/design method, off-domain."
3131,Coordinating efficiency and equity in disaster relief logistics via information updates,2013,International Journal of Systems Science,10.1080/00207721.2013.777490,relief-logistics-only,supply-chain,,removed_filterA,False,False,,,,,,,,snowball,1035,backward,filter-A,Disaster relief allocation and vehicle routing with no network/road repair; relief-logistics-only.
3132,Modeling and optimization of R-717 and R-134a ice thermal energy storage air conditioning systems using NSGA-II and MOPSO algorithms,2015,Applied Thermal Engineering,10.1016/j.applthermaleng.2015.11.068,other,other,,removed_titlescreen,False,False,,,,,,,,snowball,1035,backward,title-screen,"Ice thermal energy storage air-conditioning optimization; refrigeration, entirely off-domain."
3133,Solving a new multi-objective multi-route flexible flow line problem by multi-objective particle swarm optimization and NSGA-II,2014,Journal of Manufacturing Systems,10.1016/j.jmsy.2014.06.009,generic-OR-method,other,,removed_titlescreen,False,False,,,,,,,,snowball,1035,backward,title-screen,"Flexible flow-line scheduling via MOPSO/NSGA-II; scheduling-theory OR, off-domain."
3134,Solving the multi-compartment capacitated location routing problem with pickup–delivery routes and stochastic demands,2015,Computers & Industrial Engineering,10.1016/j.cie.2015.05.008,generic-OR-method,other,,removed_titlescreen,False,False,,,,,,,,snowball,1035,backward,title-screen,Multi-compartment capacitated location-routing with stochastic demand; generic LRP method.
3135,Logistics Management and SCM in Disasters,2009,Contributions to management science,10.1007/978-3-7908-2156-7_10,,,,removed_nonjournal,False,False,,,,,,,,snowball,1035,backward,non-journal,"Non-journal record (type=book-chapter), excluded by journal-only criterion."
3136,Research on Open Location Routing Problem Based on Improved Particle Swarm Optimization Algorithm,2006,Zhongguo Jixie Gongcheng,,generic-OR-method,other,,removed_titlescreen,False,False,,,,,,,,snowball,1035,backward,title-screen,"Open location-routing via improved PSO; generic LRP metaheuristic, off-domain."
3137,A LOGISTICS PLANNING MODEL TO IMPROVE THE RESPONSE PHASE OF EARTHQUAKE,2013,International Journal of Industrial Engineering & Production Research,,relief-logistics-only,supply-chain,,removed_filterA,False,False,,,,,,,,snowball,1035,backward,filter-A,"Earthquake-response logistics moving commodities/injured; relief-logistics-only, no network repair."
3138,Multi-Objective Optimization Using Evolutionary Algorithms,2001,Andalas University Repository (Andalas University),,,,,removed_nonjournal,False,False,,,,,,,,snowball,1035,backward,non-journal,"Non-journal record (type=other), excluded by journal-only criterion."
3139,Inventory pre-positioning for humanitarian operations,2006,DSpace@MIT (Massachusetts Institute of Technology),,,,,removed_nonjournal,False,False,,,,,,,,snowball,1035,backward,non-journal,"Non-journal record (type=dissertation), excluded by journal-only criterion."
3140,An integrated location-inventory-routing humanitarian supply chain network with pre- and post-disaster management considerations,2017,Socio-Economic Planning Sciences,10.1016/j.seps.2017.12.004,relief-logistics-only,supply-chain,,removed_filterA,False,False,,,,,,,,snowball,1035,forward,filter-A,"Location-inventory-routing humanitarian supply chain; relief-logistics-only, no road restoration."
3141,Risk-averse optimization of disaster relief facility location and vehicle routing under stochastic demand,2020,Transportation Research Part E Logistics and Transportation Review,10.1016/j.tre.2020.102015,relief-logistics-only,supply-chain,,removed_filterA,False,False,,,,,,,,snowball,1035,forward,filter-A,"Risk-averse relief facility location and vehicle routing; relief-logistics-only, no repair."
3142,Location‐routing problem: a classification of recent research,2021,International Transactions in Operational Research,10.1111/itor.12950,generic-OR-method,other,,removed_titlescreen,False,False,,,,,,,,snowball,1035,forward,title-screen,"Review/classification of location-routing problem literature; generic-OR survey, off-domain."
3143,Exact and heuristic solution algorithms for efficient emergency evacuation in areas with vulnerable populations,2019,International Journal of Disaster Risk Reduction,10.1016/j.ijdrr.2019.101114,evacuation,general-transportation,,removed_filterA,False,False,,,,,,,,snowball,1035,forward,filter-A,"Emergency evacuation of vulnerable populations; evacuation problem, not restoration."
3144,A bi-objective model for pickup and delivery pollution-routing problem with integration and consolidation shipments in cross-docking system,2018,Journal of Cleaner Production,10.1016/j.jclepro.2018.05.046,generic-OR-method,other,,removed_titlescreen,False,False,,,,,,,,snowball,1035,forward,title-screen,"Pickup-and-delivery pollution-routing in cross-docking; generic VRP method, off-domain."
3145,Designing a supply chain network for blood decomposition by utilizing social and environmental factor,2021,Computers & Industrial Engineering,10.1016/j.cie.2021.107501,other,supply-chain,,removed_titlescreen,False,False,,,,,,,,snowball,1035,forward,title-screen,"Blood-decomposition supply chain network design; supply-chain, off-domain."
3146,"The multicommodity network flow problem: state of the art classification, applications, and solution methods",2020,Operational Research,10.1007/s12351-020-00564-8,generic-OR-method,other,,removed_titlescreen,False,False,,,,,,,,snowball,1035,forward,title-screen,"Multicommodity network flow survey; generic-OR method review, off-domain."
3147,Designing a sustainable–resilient disaster waste management system under hybrid uncertainty: A case study,2021,Engineering Applications of Artificial Intelligence,10.1016/j.engappai.2021.104459,relief-logistics-only,other,,removed_filterA,False,False,,,,,,,,snowball,1035,forward,filter-A,"Disaster waste management system design (waste collection/treatment/disposal), not road debris clearance for transport restoration."
3148,Vehicle Routing Optimisation in Humanitarian Operations: A Survey on Modelling and Optimisation Approaches,2021,Applied Sciences,10.3390/app11020667,relief-logistics-only,supply-chain,,removed_filterA,False,False,,,,,,,,snowball,1035,forward,filter-A,"Survey of VRP in humanitarian operations (supply/delivery, evacuation, rescue); no network/road repair or restoration."
3149,A hybrid metaheuristic algorithm for the multi-objective location-routing problem in the early post-disaster stage,2022,Journal of Industrial and Management Optimization,10.3934/jimo.2022145,relief-logistics-only,supply-chain,,removed_filterA,False,False,,,,,,,,snowball,1035,forward,filter-A,"Multi-objective location-routing for relief material distribution; pure humanitarian logistics, no road repair."
3150,A heuristic-based multi-choice goal programming for the stochastic sustainable-resilient routing-allocation problem in relief logistics,2021,Neural Computing and Applications,10.1007/s00521-021-06074-8,relief-logistics-only,supply-chain,,removed_filterA,False,False,,,,,,,,snowball,1035,forward,filter-A,"Stochastic routing-allocation for relief logistics; distribution only, no restoration."
3151,Bi- and multi-objective location routing problems: classification and literature review,2022,Operational Research,10.1007/s12351-022-00734-w,generic-OR-method,supply-chain,,removed_titlescreen,False,False,,,,,,,,snowball,1035,forward,title-screen,"Literature review of bi/multi-objective location-routing problems; generic OR, not disaster restoration."
3152,Robust possibilistic programming for multi-item EOQ model with defective supply batches: Whale Optimization and Water Cycle Algorithms,2018,Neural Computing and Applications,10.1007/s00521-018-3492-3,generic-OR-method,supply-chain,,removed_titlescreen,False,False,,,,,,,,snowball,1035,forward,title-screen,"EOQ inventory model with defective batches solved by metaheuristics; off-domain, no disaster or transport restoration."
3153,A hybrid desirability function approach for tuning parameters in evolutionary optimization algorithms,2017,Measurement,10.1016/j.measurement.2017.10.009,generic-OR-method,other,,removed_titlescreen,False,False,,,,,,,,snowball,1035,forward,title-screen,"Parameter-tuning method for evolutionary algorithms; pure method paper, off-domain."
3154,Bi-objective optimization for integrating quay crane and internal truck assignment with challenges of trucks sharing,2018,Knowledge-Based Systems,10.1016/j.knosys.2018.09.025,generic-OR-method,port-airport,,removed_titlescreen,False,False,,,,,,,,snowball,1035,forward,title-screen,"Quay crane and internal truck assignment at ports; port operations, not disaster network restoration."
3155,Location-Routing Problem for Relief Distribution in the Early Post-Earthquake Stage from the Perspective of Fairness,2019,Sustainability,10.3390/su11123420,relief-logistics-only,supply-chain,,removed_filterA,False,False,,,,,,,,snowball,1035,forward,filter-A,Location-routing for post-earthquake relief distribution; considers partial road damage as constraint but does not repair the network.
3156,Metaheuristic algorithms to allocate and schedule of the rescue units in the natural disaster with fatigue effect,2018,Neural Computing and Applications,10.1007/s00521-018-3599-6,relief-logistics-only,other,,removed_filterA,False,False,,,,,,,,snowball,1035,forward,filter-A,"Allocation and scheduling of rescue units with fatigue effect; rescue-team dispatch, not infrastructure repair."
3157,Designing a resilient and reliable biomass-to-biofuel supply chain under risk pooling and congestion effects and fleet management,2020,Journal of Cleaner Production,10.1016/j.jclepro.2020.125101,generic-OR-method,supply-chain,,removed_titlescreen,False,False,,,,,,,,snowball,1035,forward,title-screen,"Biomass-to-biofuel supply chain design; off-domain supply chain, not disaster transport restoration."
3158,Efficient solution algorithms for a time-critical reliable transportation problem in multigraph networks with FIFO property,2018,Applied Soft Computing,10.1016/j.asoc.2018.10.029,generic-OR-method,general-transportation,,removed_titlescreen,False,False,,,,,,,,snowball,1035,forward,title-screen,"Time-critical reliable transportation problem on multigraphs; generic OR routing method, no post-disaster repair."
3159,Air and ground ambulance location-allocation-routing problem for designing a temporary emergency management system after a disaster,2020,Proceedings of the Institution of Mechanical Engineers Part H Journal of Engineering in Medicine,10.1177/0954411920925207,relief-logistics-only,supply-chain,,removed_filterA,False,False,,,,,,,,snowball,1035,forward,filter-A,"Ambulance location-allocation-routing for post-disaster patient transfer; medical logistics, not network restoration."
3160,Multi-objective reliability redundancy allocation using MOPSO under hesitant fuzziness,2022,Expert Systems with Applications,10.1016/j.eswa.2022.116696,generic-OR-method,other,,removed_titlescreen,False,False,,,,,,,,snowball,1035,forward,title-screen,"Reliability redundancy allocation via MOPSO under fuzziness; generic reliability optimization, off-domain."
3161,A sustainable closed-loop location-routing-inventory problem for perishable products,2021,Scientia Iranica,10.24200/sci.2021.55642.4353,generic-OR-method,supply-chain,,removed_titlescreen,False,False,,,,,,,,snowball,1035,forward,title-screen,"Closed-loop location-routing-inventory for perishable products; supply-chain OR, off-domain."
3162,Robust Optimization of the Multi-Objective Multi-Period Location-Routing Problem for Epidemic Logistics System With Uncertain Demand,2021,IEEE Access,10.1109/access.2021.3125746,relief-logistics-only,supply-chain,,removed_filterA,False,False,,,,,,,,snowball,1035,forward,filter-A,"Robust location-routing for epidemic relief logistics; distribution planning, no network repair."
3163,"A robust multi-objective humanitarian relief chain network design for earthquake response, with evacuation assumption under uncertainties",2019,Neural Computing and Applications,10.1007/s00521-019-04193-x,relief-logistics-only,supply-chain,,removed_filterA,False,False,,,,,,,,snowball,1035,forward,filter-A,"Humanitarian relief chain network design for earthquake with evacuation; relief/network design, no infrastructure restoration."
3164,Traffic congestion-aware graph-based vehicle rerouting framework from aerial imagery,2022,Engineering Applications of Artificial Intelligence,10.1016/j.engappai.2022.105769,generic-OR-method,general-transportation,,removed_titlescreen,False,False,,,,,,,,snowball,1035,forward,title-screen,"Congestion-aware vehicle rerouting from aerial imagery; traffic rerouting method, not restoration/repair scheduling."
3165,Short-notice flood evacuation plan under dynamic demand in high populated areas,2022,International Journal of Disaster Risk Reduction,10.1016/j.ijdrr.2022.102844,evacuation,general-transportation,,removed_filterA,False,False,,,,,,,,snowball,1035,forward,filter-A,"Short-notice flood evacuation planning under dynamic demand; evacuation, outside keep-set."
3166,Bibliometric analysis and system review of vehicle routing optimization for emergency material distribution,2022,Journal of Traffic and Transportation Engineering (English Edition),10.1016/j.jtte.2022.10.001,relief-logistics-only,supply-chain,,removed_filterA,False,False,,,,,,,,snowball,1035,forward,filter-A,"Bibliometric review of vehicle routing for emergency material distribution; pure relief-distribution logistics, no network repair/restoration. Fails Filter A."
3167,Research on Location-Routing Problem of Maritime Emergency Materials Distribution Based on Bi-Level Programming,2022,Mathematics,10.3390/math10081243,relief-logistics-only,supply-chain,,removed_filterA,False,False,,,,,,,,snowball,1035,forward,filter-A,"Maritime emergency materials location-routing (facility siting + delivery). Relief logistics only, no roadway/network repair. Fails Filter A and B."
3168,Dynamic Emergency Vehicle Path Planning and Traffic Evacuation Based on Salp Swarm Algorithm,2022,Journal of Advanced Transportation,10.1155/2022/7862746,evacuation,road-highway,,removed_filterA,False,False,,,,,,,,snowball,1035,forward,filter-A,"Emergency vehicle path planning and traffic evacuation on road network; congestion/evacuation optimization, not repair or restoration. Fails Filter A."
3169,The joint location-transportation model based on grey bi-level programming for early post-earthquake relief,2020,Journal of Industrial and Management Optimization,10.3934/jimo.2020142,relief-logistics-only,supply-chain,,removed_filterA,False,False,,,,,,,,snowball,1035,forward,filter-A,Joint location-transportation of relief materials post-earthquake; humanitarian logistics with no network repair. Fails Filter A.
3170,Optimization models and solving approaches in relief distribution concerning victims’ satisfaction: A review,2023,Applied Soft Computing,10.1016/j.asoc.2023.110398,relief-logistics-only,supply-chain,,removed_filterA,False,False,,,,,,,,snowball,1035,forward,filter-A,"Review of relief distribution models focused on victims' satisfaction; distribution-only, no restoration. Fails Filter A."
3171,Multi-objective medical supplies distribution open vehicle routing problem with fairness and timeliness under major public health emergencies,2023,Management System Engineering,10.1007/s44176-023-00015-6,relief-logistics-only,supply-chain,,removed_filterA,False,False,,,,,,,,snowball,1035,forward,filter-A,"Medical supplies distribution open VRP for public health emergencies; delivery routing only, no network repair. Fails Filter A and B."
3172,A hybrid multi-objective solution approach for a reliable truck-drone routing problem integrated with pickup and delivery services,2024,Transportation Letters,10.1080/19427867.2024.2336339,relief-logistics-only,supply-chain,,removed_filterA,False,False,,,,,,,,snowball,1035,forward,filter-A,"Truck-drone pickup-and-delivery routing for humanitarian logistics; relief delivery only, no road/network repair. Fails Filter A."
3173,Metaheuristics in the Humanitarian Supply Chain,2021,Algorithms,10.3390/a14120364,relief-logistics-only,supply-chain,,removed_filterA,False,False,,,,,,,,snowball,1035,forward,filter-A,Review of metaheuristics in humanitarian supply chain (location/distribution/inventory/evacuation); no restoration focus. Fails Filter A.
3174,Cross-dock facility for disaster relief operations,2022,Annals of Operations Research,10.1007/s10479-022-04939-2,relief-logistics-only,supply-chain,,removed_filterA,False,False,,,,,,,,snowball,1035,forward,filter-A,"Cross-dock facility design for disaster relief operations; logistics facility, no network repair. Fails Filter A and B."
3175,Location–Routing Problems with Sustainability and Resilience Concerns: A Systematic Review,2025,Logistics,10.3390/logistics9030081,,,,moved_to_review,False,True,,,,,,,,snowball,1035,forward,review,"Review/survey set aside (off-domain: relief/location-routing review, not transport restoration)."
3176,Research on Multi-Center Path Optimization for Emergency Events Based on an Improved Particle Swarm Optimization Algorithm,2025,Mathematics,10.3390/math13040654,relief-logistics-only,supply-chain,,removed_filterA,False,False,,,,,,,,snowball,1035,forward,filter-A,Multi-center path optimization (PSO) for relief material distribution across centers; distribution routing only. Fails Filter A.
3177,Use of OR in earthquake operations management: A review of the literature and roadmap for future research,2021,International Journal of Disaster Risk Reduction,10.1016/j.ijdrr.2021.102539,resilience-assessment,other,,removed_filterA,False,False,,,,,,,,snowball,1035,forward,filter-A,"Broad literature review/roadmap of OR in earthquake operations management; a survey, not a restoration-scheduling/crew/debris study. Fails Filter A."
3178,A Bi-Objective Capacitated Location-Routing Problem for Multiple Perishable Commodities,2019,IEEE Access,10.1109/access.2019.2941363,generic-OR-method,supply-chain,,removed_titlescreen,False,False,,,,,,,,snowball,1035,forward,title-screen,"Bi-objective capacitated location-routing for big-event logistics with perishable goods; generic OR, not disaster restoration. Fails Filter A and B."
3179,A Multi-Depot Vehicle Routing Problem with Stochastic Road Capacity and Reduced Two-Stage Stochastic Integer Linear Programming Models for Rollout Algorithm,2021,Mathematics,10.3390/math9131572,generic-OR-method,road-highway,,removed_titlescreen,False,False,,,,,,,,snowball,1035,forward,title-screen,"Multi-depot dynamic VRP with stochastic road capacity solved via ADP/rollout; a pure VRP method paper, no repair scheduling. Fails Filter A."
3180,Multi-objective re-entrant hybrid flow shop scheduling problem considering fuzzy processing time and delivery time,2022,Journal of Intelligent & Fuzzy Systems,10.3233/jifs-221089,generic-OR-method,other,,removed_titlescreen,False,False,,,,,,,,snowball,1035,forward,title-screen,"Re-entrant hybrid flow shop scheduling with fuzzy times; industrial scheduling theory, off-domain. Fails Filter A and B."
3181,Location-Routing Problem of Emergency Facilities under Uncertain Demand by Branch-Price and Cut,2021,Journal of Mathematics,10.1155/2021/9152989,relief-logistics-only,supply-chain,,removed_filterA,False,False,,,,,,,,snowball,1035,forward,filter-A,"Location-routing of emergency facilities under uncertain demand (branch-price-and-cut); relief logistics, no network repair. Fails Filter A."
3182,Optimisation of multi-level logistics network for agricultural products under community group buying model,2023,International Journal of Systems Science Operations & Logistics,10.1080/23302674.2023.2276414,generic-OR-method,supply-chain,,removed_titlescreen,False,False,,,,,,,,snowball,1035,forward,title-screen,"Agricultural products logistics network under community group-buying model; commercial supply chain, not disaster restoration. Fails Filter A and B."
3183,Optimising hierarchical emergency logistics network under ambiguous demand and transportation cost,2024,Transportmetrica A Transport Science,10.1080/23249935.2023.2299684,relief-logistics-only,supply-chain,,removed_filterA,False,False,,,,,,,,snowball,1035,forward,filter-A,"Distributionally robust bi-level post-disaster emergency logistics location-routing; relief distribution only, no network repair. Fails Filter A and B."
3184,Optimisation of a multilevel logistics network for prepositioned warehouses under an omni-channel retail model,2024,Humanities and Social Sciences Communications,10.1057/s41599-024-03496-2,generic-OR-method,supply-chain,,removed_titlescreen,False,False,,,,,,,,snowball,1035,forward,title-screen,"Multilevel logistics network for prepositioned warehouses under omni-channel retail; commercial supply chain, off-domain. Fails Filter A and B."
3185,A seismic-risk-based bi-objective stochastic optimization framework for the pre-disaster allocation of earthquake search and rescue units,2024,Mathematical Modelling and Numerical Simulation with Applications,10.53391/mmnsa.1517843,pre-disaster,other,,removed_filterA,False,False,,,,,,,,snowball,1035,forward,filter-A,Pre-disaster strategic allocation of search-and-rescue units under seismic risk; no post-event transportation network restoration.
3186,A hybrid drone–truck model for fair and efficient emergency relief distribution,2025,Computers & Industrial Engineering,10.1016/j.cie.2025.111607,relief-logistics-only,other,,removed_filterA,False,False,,,,,,,,snowball,1035,forward,filter-A,Drone-truck emergency relief distribution; pure humanitarian logistics with no road/network repair.
3187,A Pointer Neural Network for the Vehicle Routing Problem with Task Priority and Limited Resources,2020,Information Technology And Control,10.5755/j01.itc.49.2.24613,generic-OR-method,other,,removed_titlescreen,False,False,,,,,,,,snowball,1035,forward,title-screen,"Pointer neural network for a generalized VRP; pure OR/method paper, not disaster restoration."
3188,A multi-period humanitarian logistics model considering limited resources and network availability,2020,Transportation research procedia,10.1016/j.trpro.2020.03.183,relief-logistics-only,general-transportation,,removed_filterA,False,False,,,,,,,,snowball,1035,forward,filter-A,"Multi-period humanitarian logistics using residual road capacity; distribution only, no network repair or restoration."
3189,Vehicle routing problem for humanitarian relief distribution under hybrid uncertainty,2021,Kybernetes,10.1108/k-09-2021-0839,relief-logistics-only,other,,removed_filterA,False,False,,,,,,,,snowball,1035,forward,filter-A,VRP for relief distribution under demand uncertainty; humanitarian routing with no road repair.
3190,An Emergency Shelter Location Model Based on the Sense of Security and the Reliability Level,2023,Journal of Systems Science and Systems Engineering,10.1007/s11518-023-5550-3,network-design-retrofit,other,,removed_filterA,False,False,,,,,,,,snowball,1035,forward,filter-A,Emergency shelter location model (facility location); not transportation restoration.
3191,Two-Stage Multi-Objective Stochastic Model on Patient Transfer and Relief Distribution in Lockdown Area of COVID-19,2023,International Journal of Environmental Research and Public Health,10.3390/ijerph20031765,relief-logistics-only,other,,removed_filterA,False,False,,,,,,,,snowball,1035,forward,filter-A,"COVID patient transfer and relief distribution; humanitarian logistics, no network repair."
3192,A Computational Method for Measuring Transport Related Carbon Emissions in a Healthcare Supply Network under Mixed Uncertainty: An Empirical Study,2018,PROMET - Traffic&Transportation,10.7307/ptt.v30i6.2779,generic-OR-method,supply-chain,,removed_titlescreen,False,False,,,,,,,,snowball,1035,forward,title-screen,"Measuring carbon emissions in a healthcare supply network location-routing model; supply-chain OR, off-domain."
3193,A Multi-Objective Optimization Model for Split Pollution Routing Problem with Controlled Indoor Activities in Cross Docking under Uncertainty,2019,,10.22070/jqepo.2019.4113.1096,generic-OR-method,supply-chain,,removed_titlescreen,False,False,,,,,,,,snowball,1035,forward,title-screen,"Pollution routing / cross-docking optimization; pure OR method, unrelated to disaster restoration."
3194,Event alert and detection in smart cities using anomaly information from remote sensing earthquake data,2020,Computer Communications,10.1016/j.comcom.2020.02.023,other,other,,removed_titlescreen,False,False,,,,,,,,snowball,1035,forward,title-screen,"Event alert/anomaly detection from remote-sensing earthquake data; sensing/detection, not restoration."
3195,A Multi-period Relief Distribution Model considering Limited Resources and Decreasing Resilience of Affected Population,2017,Journal of the Eastern Asia Society for transportation studies/Journal of the Eastern Asia Society for Transportation Studies,10.11175/easts.12.57,relief-logistics-only,other,,removed_filterA,False,False,,,,,,,,snowball,1035,forward,filter-A,"Multi-period relief distribution with decreasing population resilience; humanitarian logistics, no repair."
3196,Multigraph Modeling for Urban Distribution of Emergency Commodities with Semisoft Time Windows under Uncertainty,2021,Journal of Advanced Transportation,10.1155/2021/8871952,relief-logistics-only,general-transportation,,removed_filterA,False,False,,,,,,,,snowball,1035,forward,filter-A,"Multigraph routing for urban distribution of emergency commodities; relief routing, no network repair."
3197,Multi-objective location-routing model and algorithm study of material reserve bases for large-scale railway engineering construction projects,2024,International Journal of Systems Science Operations & Logistics,10.1080/23302674.2024.2361662,generic-OR-method,railway-transit,,removed_titlescreen,False,False,,,,,,,,snowball,1035,forward,title-screen,"Location-routing for material reserve bases for railway construction projects; construction supply logistics, not post-disaster railway restoration."
3198,Determining of disaster logistics risks based on literature review,2019,Pressacademia,10.17261/pressacademia.2019.1029,other,other,,removed_titlescreen,False,False,,,,,,,,snowball,1035,forward,title-screen,"Literature review of disaster logistics risks; review paper, no restoration modeling."
3199,A bi-objective location-allocation problem of temporary emergency stations and ambulance routing in a disaster situation,2018,2018 4th International Conference on Optimization and Applications (ICOA),10.1109/icoa.2018.8370579,,,,removed_nonjournal,False,False,,,,,,,,snowball,1035,forward,non-journal,"Non-journal record (type=conference-paper), excluded by journal-only criterion."
3200,Toward an Autonomous Aerial Survey and Planning System for Humanitarian Aid and Disaster Response,2020,,10.1109/aero47225.2020.9172766,,,,removed_nonjournal,False,False,,,,,,,,snowball,1035,forward,non-journal,"Non-journal record (type=conference-paper), excluded by journal-only criterion."
3201,Designing blood supply chain network in disaster situation considering blood groups and expiration date,2020,SSRN Electronic Journal,10.2139/ssrn.3772384,,,,removed_nonjournal,False,False,,,,,,,,snowball,1035,forward,non-journal,"Non-journal record (type=preprint), excluded by journal-only criterion."
3202,IoT-Enabled Ambulances Assisting Citizens' Well-Being after Earthquake Disasters in Smart Cities,2019,,10.1109/ithings/greencom/cpscom/smartdata.2019.00164,,,,removed_nonjournal,False,False,,,,,,,,snowball,1035,forward,non-journal,"Non-journal record (type=conference-paper), excluded by journal-only criterion."
3203,Analyzing and Modeling Post-Earthquake Emergency Traffic Demand,2020,,10.1061/9780784482902.020,,,,removed_nonjournal,False,False,,,,,,,,snowball,1035,forward,non-journal,"Non-journal record (type=conference-paper), excluded by journal-only criterion."
3204,"Multi-objective Model to Distribute Relief Items After the Disaster by Considering Location Priority, Airborne Vehicles, Ground Vehicles, and Emergency Roadway Repair",2021,Communications in computer and information science,10.1007/978-3-030-89743-7_19,,,,removed_nonjournal,False,False,,,,,,,,snowball,1035,forward,non-journal,"Non-journal record (type=conference-paper), excluded by journal-only criterion."
3205,Location-location routing problem and its application on refugee camps,2019,Bilkent University Institutional Repository (Bilkent University),,,,,removed_nonjournal,False,False,,,,,,,,snowball,1035,forward,non-journal,"Non-journal record (type=dissertation), excluded by journal-only criterion."
3206,Otimização visual interativa com múltiplos critérios: sistema de apoio à decisão para treinamento em logística humanitária.,2021,,10.11606/d.3.2021.tde-12042021-145621,,,,removed_nonjournal,False,False,,,,,,,,snowball,1035,forward,non-journal,"Non-journal record (type=dissertation), excluded by journal-only criterion."
3207,Multi-period Shelter Location-Allocation Problem with Network and Location Vulnerabilities for the Response Phase of Disaster Management,2022,IFIP advances in information and communication technology,10.1007/978-3-031-16407-1_60,,,,removed_nonjournal,False,False,,,,,,,,snowball,1035,forward,non-journal,"Non-journal record (type=conference-paper), excluded by journal-only criterion."
3208,Uma meta-heurística simulated annealing para o problema de localização-roteirização periódico com designação fixa de cliente-depósito.,2021,,10.11606/d.3.2021.tde-01072021-160528,,,,removed_nonjournal,False,False,,,,,,,,snowball,1035,forward,non-journal,"Non-journal record (type=dissertation), excluded by journal-only criterion."
3209,Multi-period Location-Routing Problem for Recycling Logistics Based on the Route Reliability,2021,,10.1109/ccdc52312.2021.9601730,,,,removed_nonjournal,False,False,,,,,,,,snowball,1035,forward,non-journal,"Non-journal record (type=conference-paper), excluded by journal-only criterion."
3210,El problema de localización y ruteo con múltiples objetivos: una revisión de literatura,2023,Ingeniería,10.14483/23448393.18734,generic-OR-method,other,,removed_titlescreen,False,False,,,,,,,,snowball,1035,forward,title-screen,"Literature review of multi-objective location-routing problem; generic OR review, off-domain."
3211,Optimization of Post-disaster Road Network Repair Strategy Considering Road Recovery Level,2024,,10.1109/smc54092.2024.10831418,,,,removed_nonjournal,False,False,,,,,,,,snowball,1035,forward,non-journal,"Non-journal record (type=conference-paper), excluded by journal-only criterion."
3212,Hybrid Drone-Truck Transportation Model for Hierarchical Emergency Scheduling and Fair Multi-Commodity Distribution,2025,SSRN Electronic Journal,10.2139/ssrn.5339586,,,,removed_nonjournal,False,False,,,,,,,,snowball,1035,forward,non-journal,"Non-journal record (type=preprint), excluded by journal-only criterion."
3213,Reinforcement learning-based decision support system for an agile humanitarian relief chain,2025,Neural Computing and Applications,10.1007/s00521-025-11352-w,relief-logistics-only,other,,removed_filterA,False,False,,,,,,,,snowball,1035,forward,filter-A,"Reinforcement-learning decision support for humanitarian relief chain; relief logistics, no network repair."
3214,Optimizing Trust Mechanisms in Humanitarian Relief Logistics: A Mixed Methods Approach,2025,Communications in computer and information science,10.1007/978-981-95-0880-8_9,,,,removed_nonjournal,False,False,,,,,,,,snowball,1035,forward,non-journal,"Non-journal record (type=conference-paper), excluded by journal-only criterion."
3215,A Branch-and-Price Algorithm for the Location-Routing Problem with District-Delimited Demand,2025,Transportation Research Record Journal of the Transportation Research Board,10.1177/03611981251394670,generic-OR-method,other,,removed_titlescreen,False,False,,,,,,,,snowball,1035,forward,title-screen,"Branch-and-price for a location-routing problem with district-delimited demand; pure OR method, not disaster restoration."
3216,Multi-Objective Facility Location Problems: Systematic Literature Review and research agenda,2026,Computers & Industrial Engineering,10.1016/j.cie.2026.111994,,,,moved_to_review,False,True,,,,,,,,snowball,1035,forward,review,"Review/survey set aside (off-domain: relief/location-routing review, not transport restoration)."
3217,Dynamic evolution of maritime accidents: Analysis of secondary accidents using large language models and data-driven dynamic Bayesian networks,2026,Ocean Engineering,10.1016/j.oceaneng.2026.125887,other,other,,removed_titlescreen,False,False,,,,,,,,snowball,1035,forward,title-screen,"Maritime accident analysis via LLMs and Bayesian networks; accident/risk analysis, unrelated to restoration."
