idx,title,year,venue,wos_id,doi,s1_status,s1_only_predisaster,s1_only_lifeline,s2_problem_type,s2_object,s2_interdep_operated,s2_interdep_keep,final_status,final_curated,is_review,s3_objective_type,s3_traffic_model,s3_solution_method,s3_decision_architecture,s3_demand_dynamics,s3_uncertainty,ref_access,ref_citations,ref_cites_per_year,ref_is_classic,ref_key_overlap,ref_in_zotero
1,A resilience-based decision framework for post-earthquake restoration of bridge networks under uncertainty,2025,STRUCTURE AND INFRASTRUCTURE ENGINEERING,WOS:000998779300001,10.1080/15732479.2023.2218838,survivor,False,False,restoration-scheduling/sequencing,bridge/bridge-network,,,kept,True,False,resilience-area/functionality,user-equilibrium,heuristic/metaheuristic/GA,a-priori/static-schedule,dynamic/time-varying-demand,stochastic/scenario-based,ok,22,5.5,False,"Bi-level GA restoration sequencing of a bridge network with UE traffic and time-varying post-quake demand, maximizing expected resilience; shares UE + dynamic demand + stochastic, but static schedule, not learned/adaptive.",False
2,A new model for road network repair after natural disasters: Integrating logistics support scheduling with repair crew scheduling and routing activities,2020,COMPUTERS \& INDUSTRIAL ENGINEERING,WOS:000542180000022,10.1016/j.cie.2020.106506,survivor,False,False,crew/resource-routing-dispatch,road/highway-network,,,kept,True,False,resilience-area/functionality,shortest-path/AON,exact/MILP/math-programming; heuristic/metaheuristic/GA,a-priori/static-schedule,static-demand,deterministic,ok,44,6.3,False,Post-disaster road-network repair scheduling domain.,False
3,Urban road connectivity assessment and impassable-road restoration sequencing under the impact of flood events,2026,RELIABILITY ENGINEERING \& SYSTEM SAFETY,WOS:001705879900001,10.1016/j.ress.2026.112459,survivor,False,False,restoration-scheduling/sequencing,road/highway-network,,,kept,True,False,connectivity/reachability,topological/graph-metric,heuristic/metaheuristic/GA,a-priori/static-schedule,not-applicable,deterministic,ok,0,0.0,False,Urban flood-induced road restoration sequencing (same hazard and object as target).,True
4,Optimal restoration schedules of transportation network considering resilience,2021,STRUCTURE AND INFRASTRUCTURE ENGINEERING,WOS:000558000600001,10.1080/15732479.2020.1801764,survivor,False,False,restoration-scheduling/sequencing,general-transportation-network,,,kept,True,False,resilience-area/functionality,shortest-path/AON,heuristic/metaheuristic/GA,a-priori/static-schedule,static-demand,deterministic,ok,77,11.0,True,Bi-objective post-disaster transportation-network restoration scheduling (recovery-trajectory based).,False
5,Multi-objective resilience-based optimal prioritisation of ageing bridge networks under concurrent multiple hazards in a changing climate,2026,STRUCTURE AND INFRASTRUCTURE ENGINEERING,WOS:001736351200001,10.1080/15732479.2026.2647021,survivor,False,False,restoration-scheduling/sequencing,bridge/bridge-network,,,kept,True,False,multi-criteria/composite,network-flow/capacity,heuristic/metaheuristic/GA,a-priori/static-schedule,static-demand,stochastic/scenario-based,ok,0,0.0,False,Prioritisation of restoration interventions on a transportation (bridge) network.,False
6,Assessment of post-earthquake resilience of highway-bridge networks by considering downtime due to interaction of parallel restoration actions,2023,STRUCTURE AND INFRASTRUCTURE ENGINEERING,WOS:000691078000001,10.1080/15732479.2021.1961826,survivor,False,False,restoration-scheduling/sequencing,bridge/bridge-network,,,kept,True,False,resilience-area/functionality,shortest-path/AON,heuristic/metaheuristic/GA; simulation-optimization,a-priori/static-schedule,static-demand,stochastic/scenario-based,ok,20,3.3,False,Integer-program restoration scheduling of a highway-bridge network for resilience recovery.,False
7,An AHP-based prioritization model for bridge maintenance after natural disasters,2023,JOURNAL OF THE CHINESE INSTITUTE OF ENGINEERS,WOS:000932284300001,10.1080/02533839.2023.2170927,survivor,False,False,restoration-scheduling/sequencing,bridge/bridge-network,,,kept,True,False,multi-criteria/composite,none/not-modeled,other,a-priori/static-schedule,not-applicable,deterministic,ok,6,1.5,False,Post-disaster bridge restoration prioritization in a transportation context.,False
8,Modeling Interaction of Emergency Inspection Routing and Restoration Scheduling for Postdisaster Resilience of Highway-Bridge Networks,2021,JOURNAL OF INFRASTRUCTURE SYSTEMS,WOS:000672341900014,10.1061/(ASCE)IS.1943-555X.0000592,survivor,False,False,restoration-scheduling/sequencing,bridge/bridge-network,,,kept,True,False,resilience-area/functionality,user-equilibrium,heuristic/metaheuristic/GA,a-priori/static-schedule,static-demand,deterministic,ok,25,3.6,False,Restoration scheduling of a transport network with network travel time as the objective.,False
9,Dynamic emergency inspection routing and restoration scheduling to enhance the post-earthquake resilience of a highway-bridge network,2022,RELIABILITY ENGINEERING \& SYSTEM SAFETY,WOS:000760343700016,10.1016/j.ress.2021.108282,survivor,False,False,restoration-scheduling/sequencing,bridge/bridge-network,,,kept,True,False,resilience-area/functionality,shortest-path/AON,heuristic/metaheuristic/GA,sequential/adaptive/rolling-policy,static-demand,adaptive/multistage-revelation,ok,44,7.3,False,"Adaptive, information-revealing restoration scheduling with network travel time as the objective.",False
10,Resilience-based post-earthquake restoration scheduling for urban interdependent transportation-electric power network,2026,STRUCTURE AND INFRASTRUCTURE ENGINEERING,WOS:001214758800001,10.1080/15732479.2024.2347496,survivor,False,False,restoration-scheduling/sequencing,interdependent-infrastructure-incl-transport,transport-and-lifeline-jointly,keep,kept,True,False,resilience-area/functionality,user-equilibrium,heuristic/metaheuristic/GA,a-priori/static-schedule,static-demand,deterministic,ok,9,3.0,False,Post-disaster restoration scheduling including a transportation network.,False
11,A deep reinforcement learning model for resilient road network recovery under earthquake or flooding hazards,2023,JOURNAL OF INFRASTRUCTURE PRESERVATION AND RESILIENCE,WOS:001432441600001,10.1186/s43065-023-00072-x,survivor,False,False,restoration-scheduling/sequencing,road/highway-network,,,kept,True,False,resilience-area/functionality,topological/graph-metric,reinforcement-learning/DRL; graph-neural-network/GNN,sequential/adaptive/rolling-policy,not-applicable,deterministic,ok,30,7.5,False,"GNN+DRL learned restoration sequencing of a road network, pre-trained before the hazard.",True
12,Sequencing algorithm with multiple-input genetic operators: Application to disaster resilience,2016,ENGINEERING STRUCTURES,WOS:000375817600042,10.1016/j.engstruct.2016.03.038,survivor,False,False,restoration-scheduling/sequencing,bridge/bridge-network,,,kept,True,False,resilience-area/functionality,topological/graph-metric,heuristic/metaheuristic/GA,a-priori/static-schedule,static-demand,deterministic,ok,52,4.7,True,Restoration-schedule sequencing of a transportation (bridge) network under resource/time constraints.,False
13,Risk-informed post-earthquake bridge criticality analysis using agent-based models,2025,STRUCTURE AND INFRASTRUCTURE ENGINEERING,WOS:001583433300001,10.1080/15732479.2025.2565638,survivor,False,False,link-criticality/importance-ranking,bridge/bridge-network,,,removed_filterA,False,False,,,simulation-optimization; other,not-applicable,dynamic/time-varying-demand,stochastic/scenario-based,,,,,Dynamic (time-variant) post-disaster traffic demand evaluated via traffic simulation in a transportation network.,
14,Resource-based seismic resilience optimization of the blocked urban road network in emergency response phase considering uncertainties,2023,INTERNATIONAL JOURNAL OF DISASTER RISK REDUCTION,WOS:000910186900001,10.1016/j.ijdrr.2022.103496,survivor,False,False,restoration-scheduling/sequencing,road/highway-network,,,kept,True,False,resilience-area/functionality,topological/graph-metric,heuristic/metaheuristic/GA,a-priori/static-schedule,static-demand,stochastic/scenario-based,ok,42,8.4,False,Restoration task sequencing of an urban road network under uncertain restoration times.,False
15,Coordinated optimization of emergency repair for the post-disaster transportation network and the emergency resource allocation scheme,2026,INFORMATION SCIENCES,WOS:001734261100001,10.1016/j.ins.2026.123382,survivor,False,False,restoration-scheduling/sequencing,general-transportation-network,,,kept,True,False,multi-criteria/composite,network-flow/capacity,exact/MILP/math-programming,a-priori/static-schedule,dynamic/time-varying-demand,deterministic,ok,0,0.0,False,"Multi-period MILP jointly scheduling road repair and resource allocation with period-varying demand on a capacitated-flow network; shares dynamic demand + composite objective, but deterministic and static, no UE/learning.",False
16,Resilience-based mathematical model to restore disrupted road-bridge transportation networks,2022,STRUCTURE AND INFRASTRUCTURE ENGINEERING,WOS:000642571500001,10.1080/15732479.2021.1906711,survivor,False,False,restoration-scheduling/sequencing,bridge/bridge-network,,,kept,True,False,multi-criteria/composite,topological/graph-metric,exact/MILP/math-programming; heuristic/metaheuristic/GA,a-priori/static-schedule,static-demand,stochastic/scenario-based,ok,44,7.3,False,Bi-objective restoration scheduling minimizing recovery time on a road-bridge transportation network.,False
17,Highway network restoration after the great flood in Thailand,2012,NATURAL HAZARDS,WOS:000308329900046,10.1007/s11069-012-0278-2,survivor,False,False,restoration-scheduling/sequencing,road/highway-network,,,kept,True,False,travel-time/accessibility,user-equilibrium,exact/dynamic-programming; heuristic/metaheuristic/GA,a-priori/static-schedule,static-demand,deterministic,ok,23,1.5,False,Sequential flood road restoration with a user-equilibrium traffic-assignment travel-time objective.,False
18,Resilience-based Recovery Scheduling of Transportation Network in Mixed Traffic Environment: A Deep-Ensemble-Assisted Active Learning Approach,2021,RELIABILITY ENGINEERING \& SYSTEM SAFETY,WOS:000690283800015,10.1016/j.ress.2021.107800,survivor,False,False,restoration-scheduling/sequencing,general-transportation-network,,,kept,True,False,resilience-area/functionality,user-equilibrium,heuristic/metaheuristic/GA; other-ML/supervised-learning,a-priori/static-schedule,static-demand,stochastic/scenario-based,ok,56,9.3,True,Learning-assisted restoration scheduling with an equilibrium traffic-functionality objective under stochastic repair durations.,True
19,Post-earthquake resilience optimization of a rural ?road-bridge? transportation network system,2022,RELIABILITY ENGINEERING \& SYSTEM SAFETY,WOS:000809291200009,10.1016/j.ress.2022.108570,survivor,False,False,restoration-scheduling/sequencing,bridge/bridge-network,,,kept,True,False,multi-criteria/composite,user-equilibrium,heuristic/metaheuristic/GA,a-priori/static-schedule,static-demand,deterministic,ok,47,9.4,False,Multi-objective restoration schedule optimization of a road-bridge transportation network.,False
20,Scheduling Repair Resources for Post-Disaster Critical Infrastructure Systems: A Review of Models and Algorithms,2026,RISK ANALYSIS,WOS:001735358700001,10.1111/risa.70220,survivor,False,False,restoration-scheduling/sequencing,interdependent-infrastructure-incl-transport,uncertain,review,moved_to_review,False,True,,,other,not-applicable,not-applicable,stochastic/scenario-based,,,,,Survey of post-disaster infrastructure repair/restoration scheduling models.,
21,Data-driven assessment of Apulian road network resilience: Bridge unavailability and inner municipality isolation impact,2025,PLOS ONE,WOS:001591829800046,10.1371/journal.pone.0333308,survivor,False,False,link-criticality/importance-ranking,bridge/bridge-network,,,removed_filterA,False,False,,,other,not-applicable,not-applicable,stochastic/scenario-based,,,,,Road-network resilience/criticality assessment for bridge disruptions in the same disaster-transport domain.,
22,Network repair crew scheduling and routing for emergency relief distribution problem,2016,EUROPEAN JOURNAL OF OPERATIONAL RESEARCH,WOS:000362132500024,10.1016/j.ejor.2015.06.026,survivor,False,False,crew/resource-routing-dispatch,road/highway-network,,,kept,True,False,connectivity/reachability,shortest-path/AON,exact/dynamic-programming; heuristic/metaheuristic/GA,a-priori/static-schedule,static-demand,deterministic,ok,127,10.6,True,"Post-disaster road-repair scheduling optimizing accessibility, solved by exact dynamic programming.",False
23,Scheduling Emergency Materials Using Road-Network Repair Time Sequence,2025,TRANSPORTATION RESEARCH RECORD,WOS:001473430400001,10.1177/03611981251318336,survivor,False,False,restoration-scheduling/sequencing,road/highway-network,,,kept,True,False,multi-criteria/composite,shortest-path/AON,exact/MILP/math-programming; decomposition/Benders/Lagrangian; heuristic/metaheuristic/GA,a-priori/static-schedule,static-demand,deterministic,ok,2,1.0,False,Road-network repair sequencing solved with a Benders-decomposition method (shared solution lineage).,False
25,Post-earthquake resilience assessment and long-term restoration prioritization of transportation network,2021,RELIABILITY ENGINEERING \& SYSTEM SAFETY,WOS:000663909700018,10.1016/j.ress.2021.107612,survivor,False,False,resilience-quantification/assessment,general-transportation-network,,,removed_filterA,False,False,,,simulation-optimization; other,a-priori/static-schedule,static-demand,stochastic/scenario-based,,,,,Restoration prioritization of damaged bridges using a traffic-efficiency performance measure over the recovery period.,
26,Long-term scheduling for road network disaster recovery,2020,INTERNATIONAL JOURNAL OF DISASTER RISK REDUCTION,WOS:000509985300023,10.1016/j.ijdrr.2019.101353,survivor,False,False,restoration-scheduling/sequencing,general-transportation-network,,,kept,True,False,travel-time/accessibility,user-equilibrium,exact/MILP/math-programming; heuristic/metaheuristic/GA,a-priori/static-schedule,static-demand,deterministic,ok,20,2.5,False,Restoration scheduling of a road network with a user-equilibrium (bilevel) traffic-assignment objective.,False
27,Enhancing Buildings' Energy Resilience by Dynamic Seismic Emergency Inspection and Restoration Scheduling in Multiple Systems,2023,BUILDINGS,WOS:001094039700001,10.3390/buildings13102610,survivor,False,False,restoration-scheduling/sequencing,interdependent-infrastructure-incl-transport,transport-and-lifeline-jointly,keep,kept,True,False,resilience-area/functionality,none/not-modeled,exact/MILP/math-programming; heuristic/metaheuristic/GA,sequential/adaptive/rolling-policy,static-demand,adaptive/multistage-revelation,ok,3,0.8,False,Dynamic restoration scheduling of a highway-bridge system after an earthquake.,False
28,Resilience assessment and optimization method of city road network in the post-earthquake emergency period,2024,EARTHQUAKE ENGINEERING AND ENGINEERING VIBRATION,WOS:001226529900002,10.1007/s11803-024-2254-8,survivor,False,False,restoration-scheduling/sequencing,road/highway-network,,,kept,True,False,resilience-area/functionality,topological/graph-metric,heuristic/metaheuristic/GA,a-priori/static-schedule,static-demand,deterministic,ok,11,3.7,False,Optimizing the repair order of a city road network after a disaster.,False
29,Interdependent integrated network design and scheduling problems with movement of machines,2021,EUROPEAN JOURNAL OF OPERATIONAL RESEARCH,WOS:000577998100021,10.1016/j.ejor.2020.07.013,survivor,False,False,restoration-scheduling/sequencing,interdependent-infrastructure-incl-transport,transport-and-lifeline-jointly,keep,kept,True,False,recovery-time/makespan,shortest-path/AON,exact/MILP/math-programming; heuristic/metaheuristic/GA,sequential/adaptive/rolling-policy,static-demand,deterministic,ok,18,2.6,False,Scheduling arc restoration across a damaged transportation network under storm-surge scenarios.,False
30,Developing an integrated restoration model of multimodal transportation network,2022,TRANSPORTATION RESEARCH PART D-TRANSPORT AND ENVIRONMENT,WOS:000858867600007,10.1016/j.trd.2022.103413,survivor,False,False,restoration-scheduling/sequencing,general-transportation-network,,,kept,True,False,flow/demand-served,shortest-path/AON,heuristic/metaheuristic/GA; exact/dynamic-programming,a-priori/static-schedule,dynamic/time-varying-demand,deterministic,ok,27,5.4,False,"PSO plus multi-crew dynamic programming for multimodal restoration and relief flows with time-varying demand; shares dynamic demand + crew scheduling, but shortest-path (no UE) and static.",False
31,A Method for Restoring Power Supply to Distribution Networks Considering the Coordination of Multiple Resources Under Typhoon-Induced Waterlogging Disasters,2025,ENERGIES,WOS:001444150200001,10.3390/en18051284,survivor,False,False,restoration-scheduling/sequencing,interdependent-infrastructure-incl-transport,power-electricity-system,drop,removed_filterB_refined,False,False,,,exact/MILP/math-programming; other,sequential/adaptive/rolling-policy,not-applicable,deterministic,,,,,none,
32,"A GNN-Based Framework for Assessing Flood Impacts on Highway Networks: Integrating Network Structural, Functional, and Social Features",2026,JOURNAL OF MANAGEMENT IN ENGINEERING,WOS:001767223900010,10.1061/JMENEA.MEENG-7198,survivor,False,False,vulnerability/risk/fragility-assessment,road/highway-network,,,removed_filterA,False,False,,,graph-neural-network/GNN; other-ML/supervised-learning,not-applicable,static-demand,deterministic,,,,,GNN over a highway network predicting flood-time traffic flow/speed for resilience prioritization.,
34,"Bridge Damage, Repair Costs, and Fragilities for Inland Flood Events",2022,JOURNAL OF BRIDGE ENGINEERING,WOS:000811069900014,10.1061/(ASCE)BE.1943-5592.0001865,survivor,False,False,vulnerability/risk/fragility-assessment,bridge/bridge-network,,,removed_filterA,False,False,,,other-ML/supervised-learning; other,not-applicable,not-applicable,deterministic,,,,,"Flood-hazard recovery of transportation (bridge) infrastructure, same disaster domain.",
35,Prioritizing post-earthquake recovery of transportation networks under uncertainty: A deep reinforcement learning approach,2026,COMPUTERS \& INDUSTRIAL ENGINEERING,WOS:001664546300001,10.1016/j.cie.2026.111806,survivor,False,False,restoration-scheduling/sequencing,bridge/bridge-network,,,kept,True,False,travel-time/accessibility,user-equilibrium,reinforcement-learning/DRL,sequential/adaptive/rolling-policy,static-demand,stochastic/scenario-based,ok,1,1.0,False,DRL (double-DQN) sequential restoration sequencing of a transport network under stochastic repair durations with a bilevel/demand objective.,True
36,Resilience-Based Optimal Seismic Retrofit and Recovery Strategies of Bridge Networks under Mainshock-Aftershock Sequences,2024,JOURNAL OF INFRASTRUCTURE SYSTEMS,WOS:001267506800006,10.1061/JITSE4.ISENG-2301,survivor,False,False,network-design/retrofit/protection,bridge/bridge-network,,,removed_filterA,False,False,,,exact/MILP/math-programming,a-priori/static-schedule,static-demand,stochastic/scenario-based,,,,,Optimal post-earthquake intervention/recovery sequencing of a bridge network under damage uncertainty.,
37,Resilience-based restoration sequence optimization of disrupted transportation networks: A novel matheuristic approach,2025,TRANSPORTATION RESEARCH PART D-TRANSPORT AND ENVIRONMENT,WOS:001507545000001,10.1016/j.trd.2025.104834,survivor,False,False,restoration-scheduling/sequencing,general-transportation-network,,,kept,True,False,resilience-area/functionality,topological/graph-metric,heuristic/metaheuristic/GA; exact/MILP/math-programming,a-priori/static-schedule,static-demand,stochastic/scenario-based,ok,6,3.0,False,Restoration-sequence optimization of a disrupted transportation network.,True
38,Restoration models for quantifying flood resilience of bridges,2021,ENGINEERING STRUCTURES,WOS:000649647700001,10.1016/j.engstruct.2021.112180,survivor,False,False,resilience-quantification/assessment,bridge/bridge-network,,,removed_filterA,False,False,,,other,not-applicable,not-applicable,deterministic,,,,,Flood-hazard bridge recovery models providing restoration task durations/scheduling primitives.,
39,Resilience-Driven Road Network Retrofit Optimization Subject to Tropical Cyclones Induced Roadside Tree Blowdown,2021,INTERNATIONAL JOURNAL OF DISASTER RISK SCIENCE,WOS:000574036900002,10.1007/s13753-020-00301-x,survivor,False,False,network-design/retrofit/protection,road/highway-network,,,removed_filterA,False,False,,,exact/MILP/math-programming; other-ML/supervised-learning,a-priori/static-schedule,static-demand,stochastic/scenario-based,,,,,Road-network resilience/recovery-efficiency optimization under a hurricane/cyclone hazard.,
40,Fund allocation for transportation network recovery following natural disasters,2007,JOURNAL OF URBAN PLANNING AND DEVELOPMENT,WOS:000244408800010,10.1061/(ASCE)0733-9488(2007)133:1(82),survivor,False,False,restoration-scheduling/sequencing,general-transportation-network,,,kept,True,False,economic-cost/loss,none/not-modeled,heuristic/metaheuristic/GA,a-priori/static-schedule,not-applicable,deterministic,ok,79,4.0,True,Post-disaster repair/fund prioritization for an urban transportation (bridge) network.,False
41,Equitable Prioritization of Bridge Rehabilitation Projects Using a Spatial Multi-Criteria Decision Support Framework,2024,TRANSPORTATION RESEARCH RECORD,WOS:001277838700001,10.1177/03611981241254110,excl_only_predisaster,True,False,vulnerability/risk/fragility-assessment,bridge/bridge-network,,,excl_only_predisaster,False,False,,,other,not-applicable,not-applicable,deterministic,,,,,Prioritization of bridge rehabilitation using flood/vulnerability criteria in a transport network.,
42,A Single-Objective Recovery Phase Model,2011,INTERNATIONAL JOURNAL OF INFORMATION TECHNOLOGY PROJECT MANAGEMENT,WOS:000214784400004,10.4018/jitpm.2011070104,survivor,False,False,restoration-scheduling/sequencing,bridge/bridge-network,,,kept,True,False,connectivity/reachability,shortest-path/AON,exact/MILP/math-programming,a-priori/static-schedule,static-demand,deterministic,paywalled,2,0.1,False,Restoration/reconstruction sequencing of bridges to restore highway-network accessibility.,False
43,Probabilistic modeling of the risk and resilience of transportation systems for community resilience analysis,2026,RELIABILITY ENGINEERING \& SYSTEM SAFETY,WOS:001680301700001,10.1016/j.ress.2025.112073,survivor,False,False,resilience-quantification/assessment,general-transportation-network,,,removed_filterA,False,False,,,simulation-optimization; other,not-applicable,dynamic/time-varying-demand,stochastic/scenario-based,,,,,Post-earthquake transportation recovery with time-varying travel demand and network capacity.,
45,Modeling post-earthquake functional recovery of bridges,2025,EARTHQUAKE SPECTRA,WOS:001545453000008,10.1177/87552930251321301,survivor,False,False,resilience-quantification/assessment,bridge/bridge-network,,,removed_filterA,False,False,,,simulation-optimization; other,not-applicable,not-applicable,deterministic,,,,,Post-earthquake bridge repair sequencing and duration modeling (recovery timing inputs).,
47,Surrogate-based decision-making for post-earthquake recovery scheduling and resilience assessment of subway systems considering the effect of infrastructure interdependency,2025,RELIABILITY ENGINEERING \& SYSTEM SAFETY,WOS:001395042500001,10.1016/j.ress.2024.110781,survivor,False,False,restoration-scheduling/sequencing,railway/transit,,,kept,True,False,resilience-area/functionality,none/not-modeled,heuristic/metaheuristic/GA; learn+optimize-hybrid/warmstart-pretraining,a-priori/static-schedule,static-demand,stochastic/scenario-based,ok,20,6.7,False,Deep-learning surrogate accelerating post-disaster restoration-schedule optimization of a transportation lifeline.,False
48,A multi-step assessment framework for optimization of flood mitigation strategies in transportation networks,2021,INTERNATIONAL JOURNAL OF DISASTER RISK REDUCTION,WOS:000688624600001,10.1016/j.ijdrr.2021.102439,survivor,False,False,network-design/retrofit/protection,general-transportation-network,,,removed_filterA,False,False,,,other,not-applicable,static-demand,deterministic,,,,,Flood-hazard transportation-network recovery with post-flood traffic-delay/loss assessment.,
49,Transportation Resilience Modeling and Bridge Reconstruction Planning Based on Time-Evolving Travel Demand during Post-Earthquake Recovery Period,2023,SUSTAINABILITY,WOS:001144812200001,10.3390/su151712751,survivor,False,False,restoration-scheduling/sequencing,bridge/bridge-network,,,kept,True,False,resilience-area/functionality,network-flow/capacity,heuristic/metaheuristic/GA,a-priori/static-schedule,dynamic/time-varying-demand,deterministic,ok,9,2.2,False,"Priority-heuristic bridge reconstruction sequencing maximizing a time-integrated resilience index fed by time-evolving OD demand; shares dynamic demand, but static, capacitated-flow (no UE), no learning.",False
50,Coordinated restoration of interdependent critical infrastructures: A novel distributed decision-making mechanism integrating optimization and reinforcement learning,2024,SUSTAINABLE CITIES AND SOCIETY,WOS:001316816700001,10.1016/j.scs.2024.105761,survivor,False,False,restoration-scheduling/sequencing,interdependent-infrastructure-incl-transport,transport-and-lifeline-jointly,keep,kept,True,False,flow/demand-served,network-flow/capacity,reinforcement-learning/DRL; learn+optimize-hybrid/warmstart-pretraining; exact/MILP/math-programming,sequential/adaptive/rolling-policy,static-demand,stochastic/scenario-based,ok,7,2.3,False,Hybrid optimization+RL adaptive restoration scheduling of road (and coupled) networks under stochastic recovery durations.,True
51,Restoration of services in disrupted infrastructure systems: A network science approach,2018,PLOS ONE,WOS:000425183500057,10.1371/journal.pone.0192272,survivor,False,False,debris-clearance,road/highway-network,,,kept,True,False,resilience-area/functionality,topological/graph-metric,exact/MILP/math-programming; heuristic/metaheuristic/GA,a-priori/static-schedule,static-demand,deterministic,ok,45,5.0,False,Scheduling road restoration/clearance with a MILP-plus-heuristic prioritization over a resilience curve,False
52,Technological and Organizational Solutions of the Construction Process of Temporary Bridges in Emergency Situations,2025,INZYNIERIA MINERALNA-JOURNAL OF THE POLISH MINERAL ENGINEERING SOCIETY,WOS:001696974000023,10.29227/IM-2025-02-02-020,survivor,False,False,other,bridge/bridge-network,,,removed_filterA,False,False,,,other,not-applicable,not-applicable,deterministic,,,,,Restoring flood-damaged transportation routes (bridges) after a disaster,
54,Scenario-based earthquake damage assessment of highway bridge networks,2023,ADVANCES IN BRIDGE ENGINEERING,WOS:001259840800001,10.1186/s43251-023-00083-4,survivor,False,False,vulnerability/risk/fragility-assessment,bridge/bridge-network,,,removed_filterA,False,False,,,simulation-optimization; other,not-applicable,not-applicable,stochastic/scenario-based,,,,,Post-earthquake traffic-carrying capacity impact on a transportation network (assessment only),
55,Optimal decision making in post-hazard bridge recovery strategies for transportation networks after seismic events,2021,GEOMATICS NATURAL HAZARDS \& RISK,WOS:000693333300001,10.1080/19475705.2021.1961881,survivor,False,False,restoration-scheduling/sequencing,bridge/bridge-network,,,kept,True,False,travel-time/accessibility,user-equilibrium,heuristic/metaheuristic/GA; other-ML/supervised-learning,a-priori/static-schedule,static-demand,stochastic/scenario-based,ok,17,2.8,False,Restoration sequencing with a total-system-travel-time (traffic-assignment) objective plus an ML surrogate for network performance,False
56,Stochastic pre-disaster planning and post-disaster restoration to enhance distribution system resilience during typhoons,2023,ENERGY CONVERSION AND ECONOMICS,WOS:001474148700001,10.1049/enc2.12098,survivor,False,False,restoration-scheduling/sequencing,interdependent-infrastructure-incl-transport,power-electricity-system,drop,removed_filterB_refined,False,False,,,exact/MILP/math-programming; decomposition/Benders/Lagrangian,a-priori/static-schedule,not-applicable,stochastic/scenario-based,,,,,none,
57,Contribution of Network Redundancy to Reducing Criticality of Road Links,2024,TRANSPORTATION RESEARCH RECORD,WOS:001277831900001,10.1177/03611981241252767,survivor,False,False,link-criticality/importance-ranking,road/highway-network,,,removed_filterA,False,False,,,simulation-optimization; other,not-applicable,static-demand,stochastic/scenario-based,,,,,"Transportation-cost-increase metric for disrupted road links (accessibility measure, but ranking not scheduling)",
58,Planning road network restoration and relief distribution under heterogeneous road disruptions,2021,OR SPECTRUM,WOS:000673683600001,10.1007/s00291-021-00644-x,survivor,False,False,restoration-scheduling/sequencing,road/highway-network,,,kept,True,False,flow/demand-served,shortest-path/AON,heuristic/metaheuristic/GA; exact/MILP/math-programming,a-priori/static-schedule,static-demand,deterministic,ok,19,3.2,False,Scheduling road-network restoration after a flood via a MILP with a heuristic for large instances,False
59,Key components of successful post-hurricane reconstruction of transportation infrastructures,2022,BUILT ENVIRONMENT PROJECT AND ASSET MANAGEMENT,WOS:000783829700001,10.1108/BEPAM-05-2021-0071,survivor,False,False,empirical-recovery-analysis/prediction,general-transportation-network,,,removed_filterA,False,False,,,other-ML/supervised-learning; other,not-applicable,not-applicable,deterministic,,,,,"Post-hurricane transportation-infrastructure reconstruction schedule performance (empirical, not optimized)",
60,Graph-based deep reinforcement learning for adaptive and scalable post-earthquake bridge network restoration,2026,RELIABILITY ENGINEERING \& SYSTEM SAFETY,WOS:001749287800001,10.1016/j.ress.2026.112743,survivor,False,False,restoration-scheduling/sequencing,bridge/bridge-network,,,kept,True,False,resilience-area/functionality,topological/graph-metric,reinforcement-learning/DRL; graph-neural-network/GNN,sequential/adaptive/rolling-policy,static-demand,stochastic/scenario-based,ok,0,0.0,False,GNN-DRL adaptive sequential bridge-network repair scheduling compared to MILP and DRL-only baselines,False
61,Resilience-based post-disaster recovery strategies for road-bridge networks,2017,STRUCTURE AND INFRASTRUCTURE ENGINEERING,WOS:000407899000003,10.1080/15732479.2016.1271813,survivor,False,False,restoration-scheduling/sequencing,bridge/bridge-network,,,kept,True,False,resilience-area/functionality,topological/graph-metric,heuristic/metaheuristic/GA; simulation-optimization,a-priori/static-schedule,static-demand,stochastic/scenario-based,ok,221,22.1,True,Optimizing post-disaster recovery scheduling of a road-bridge transportation network using recovery-trajectory metrics,True
63,Efficient Optimization of Post-Disaster Reconstruction of Transportation Networks,2016,JOURNAL OF COMPUTING IN CIVIL ENGINEERING,WOS:000374868100007,10.1061/(ASCE)CP.1943-5487.0000503,survivor,False,False,restoration-scheduling/sequencing,general-transportation-network,,,kept,True,False,multi-criteria/composite,network-flow/capacity,exact/MILP/math-programming; decomposition/Benders/Lagrangian,a-priori/static-schedule,static-demand,deterministic,ok,37,3.1,False,"MILP restoration prioritization of a transport network with decomposed traffic analysis to assess recovery, twin objectives of speed and cost",True
64,Stochastic functional resilience assessment and heuristic recovery modeling of urban transportation networks subjected to earthquakes,2026,RELIABILITY ENGINEERING \& SYSTEM SAFETY,WOS:001727774200001,10.1016/j.ress.2026.112604,survivor,False,False,resilience-quantification/assessment,general-transportation-network,,,removed_filterA,False,False,,,heuristic/metaheuristic/GA; simulation-optimization,a-priori/static-schedule,not-applicable,stochastic/scenario-based,,,,,Heuristic restoration sequencing that maximizes system functionality over the recovery horizon under stochastic repair times,
65,Temporal compounding increases economic impacts of floods in the southern US cities,2026,CITIES,WOS:001731180900001,10.1016/j.cities.2026.106978,survivor,False,False,empirical-recovery-analysis/prediction,building/urban-area/community,,,removed_filterA+B,False,False,,,other-ML/supervised-learning; other,not-applicable,not-applicable,deterministic,,,,,none,
66,A decision support system for post-disaster interim housing,2014,DECISION SUPPORT SYSTEMS,WOS:000344204800015,10.1016/j.dss.2014.06.012,survivor,False,False,post-disaster-relief-logistics/distribution,building/urban-area/community,,,removed_filterA+B,False,False,,,exact/MILP/math-programming; heuristic/metaheuristic/GA,not-applicable,not-applicable,deterministic,,,,,none,
68,From flood-prone to flood-ready: The restoration-adaptation interplay in building resilient multimodal transport networks,2026,RELIABILITY ENGINEERING \& SYSTEM SAFETY,WOS:001584256900001,10.1016/j.ress.2025.111737,survivor,False,False,restoration-scheduling/sequencing,general-transportation-network,,,kept,True,False,resilience-area/functionality,user-equilibrium,heuristic/metaheuristic/GA; other,a-priori/static-schedule,dynamic/time-varying-demand,stochastic/scenario-based,ok,4,2.0,False,"Rule-based flood restoration priorities evaluated in an agent-based UE environment with demand-responsive traveler behavior; shares UE + dynamic demand + stochastic, but rule-based (not learned) and static.",True
69,Impact of earthquake-induced bridge damage and time evolving traffic demand on the road network resilience,2019,JOURNAL OF TRAFFIC AND TRANSPORTATION ENGINEERING-ENGLISH EDITION,WOS:000457613300003,10.1016/j.jtte.2018.07.002,survivor,False,False,resilience-quantification/assessment,road/highway-network,,,removed_filterA,False,False,,,simulation-optimization; other,not-applicable,dynamic/time-varying-demand,deterministic,,,,,Time-evolving post-disaster OD travel demand feeding into a traffic-cost network resilience evaluation over the recovery period,
70,Analyzing connectivity reliability and critical units for highway networks in high-intensity seismic region using Bayesian network,2022,JOURNAL OF INFRASTRUCTURE INTELLIGENCE AND RESILIENCE,WOS:001531565800001,10.1016/j.iintel.2022.100006,survivor,False,False,link-criticality/importance-ranking,road/highway-network,,,removed_filterA,False,False,,,other,not-applicable,not-applicable,stochastic/scenario-based,,,,,Identifying critical highway units for post-earthquake rehabilitation prioritization (connectivity reliability only),
72,Resident recovery priorities for activities and services after a hypothetical hurricane: Insights from metropolitan survey data,2025,INTERNATIONAL JOURNAL OF DISASTER RISK REDUCTION,WOS:001546873500001,10.1016/j.ijdrr.2025.105741,survivor,False,False,empirical-recovery-analysis/prediction,interdependent-infrastructure-incl-transport,uncertain,drop,removed_filterA,False,False,,,other-ML/supervised-learning; other,not-applicable,not-applicable,deterministic,,,,,none,
74,Optimal Configuration of Mobile-Stationary Hybrid Energy Storage Considering Seismic Hazards,2025,ENERGIES,WOS:001474861400001,10.3390/en18082052,survivor,False,False,network-design/retrofit/protection,interdependent-infrastructure-incl-transport,power-electricity-system,drop,removed_filterA,False,False,,,exact/MILP/math-programming; decomposition/Benders/Lagrangian,not-applicable,not-applicable,stochastic/scenario-based,,,,,none,
75,A visualization and optimization of the impact of a severe weather disruption to an air transportation network,2022,COMPUTERS \& INDUSTRIAL ENGINEERING,WOS:000781096000005,10.1016/j.cie.2022.107978,survivor,False,False,other,port/airport/maritime/waterway,,,removed_filterA+B,False,False,,,exact/MILP/math-programming,a-priori/static-schedule,dynamic/time-varying-demand,deterministic,,,,,Optimizing scheduling to minimize disruption on a transportation (air) network under a severe-weather event,
76,Lookahead strategies for planning of post-disaster emergency restoration of road networks,2025,INTERNATIONAL JOURNAL OF DISASTER RISK REDUCTION,WOS:001513739600001,10.1016/j.ijdrr.2025.105648,survivor,False,False,restoration-scheduling/sequencing,road/highway-network,,,kept,True,False,connectivity/reachability,topological/graph-metric,heuristic/metaheuristic/GA; simulation-optimization,sequential/adaptive/rolling-policy,not-applicable,stochastic/scenario-based,ok,1,0.5,False,Adaptive/sequential restoration sequencing driven by an accessibility-based objective for a road network,False
77,A stochastic programming approach to enhance the resilience of infrastructure under weather-related risk,2023,COMPUTER-AIDED CIVIL AND INFRASTRUCTURE ENGINEERING,WOS:000790669000001,10.1111/mice.12843,survivor,False,False,network-design/retrofit/protection,general-transportation-network,,,removed_filterA,False,False,,,exact/MILP/math-programming; heuristic/metaheuristic/GA,a-priori/static-schedule,not-applicable,stochastic/scenario-based,,,,,Two-stage stochastic scenario-based recovery of a transportation/bridge network under flood hazard,
78,Reinforcement learning-based model for road network maintenance and rehabilitation programming considering flood occurrences,2025,INTERNATIONAL JOURNAL OF PAVEMENT ENGINEERING,WOS:001424448100001,10.1080/10298436.2025.2466805,survivor,False,False,network-design/retrofit/protection,road/highway-network,,,removed_filterA,False,False,,,reinforcement-learning/DRL,sequential/adaptive/rolling-policy,static-demand,stochastic/scenario-based,,,,,Reinforcement-learning policy for road-network repair/M&R scheduling under flood,
79,"Preliminary evaluation of seismic hazards for emergency rescue route, US 60, Missouri",2002,ENVIRONMENTAL \& ENGINEERING GEOSCIENCE,WOS:000181432400002,10.2113/8.4.261,survivor,False,False,vulnerability/risk/fragility-assessment,road/highway-network,,,removed_filterA,False,False,,,other,not-applicable,not-applicable,deterministic,,,,,Emergency-access road route susceptibility to disaster-induced disruption,
80,Risk-based transportation infrastructure management: An integrated framework and case study in USVI against coastal flood and sea level rise,2023,OCEAN \& COASTAL MANAGEMENT,WOS:001039694100001,10.1016/j.ocecoaman.2023.106723,survivor,False,False,network-design/retrofit/protection,road/highway-network,,,removed_filterA,False,False,,,other,not-applicable,not-applicable,stochastic/scenario-based,,,,,Road transportation infrastructure under flood hazard,
81,Bridge Proxy Indicators for Risk-Based Asset Management and Resilience Assessment,2025,TRANSPORTATION RESEARCH RECORD,WOS:001278979300001,10.1177/03611981241257409,survivor,False,False,vulnerability/risk/fragility-assessment,bridge/bridge-network,,,removed_filterA,False,False,,,other,not-applicable,not-applicable,deterministic,,,,,Bridge criticality-to-network indicators under flood risk,
82,Strategies for Enhancing the Resilience of Distribution Networks Through Multi-Resource Coordination Under Extreme Weather Conditions,2025,IEEE ACCESS,WOS:001631894000008,10.1109/ACCESS.2025.3635592,survivor,False,False,network-design/retrofit/protection,lifeline-only-power-water-gas-telecom,,,removed_filterA+B,False,False,,,exact/MILP/math-programming; decomposition/Benders/Lagrangian,a-priori/static-schedule,not-applicable,robust/distributionally-robust,,,,,none,
83,Trends and gaps in the literature of road network repair and restoration in the context of disaster response operations,2022,SOCIO-ECONOMIC PLANNING SCIENCES,WOS:000899496900009,10.1016/j.seps.2022.101398,survivor,False,False,restoration-scheduling/sequencing,road/highway-network,,,kept,True,False,other,none/not-modeled,other,not-applicable,not-applicable,deterministic,ok,27,5.4,False,Optimization models for scheduling road repair/restoration activities after disasters,False
84,Postdisaster Decision Framework for Bridge Repair Prioritization to Improve Road Network Resilience,2020,TRANSPORTATION RESEARCH RECORD,WOS:000517899000001,10.1177/0361198120908870,survivor,False,False,restoration-scheduling/sequencing,bridge/bridge-network,,,kept,True,False,multi-criteria/composite,shortest-path/AON,other,a-priori/static-schedule,static-demand,deterministic,ok,51,7.3,True,Optimal bridge repair sequencing maximizing travel-time/distance network performance during recovery,False
85,Multiperiod optimal emergency material allocation considering road network damage and risk under uncertain conditions,2022,OPERATIONAL RESEARCH,WOS:000660791100001,10.1007/s12351-021-00655-0,survivor,False,False,post-disaster-relief-logistics/distribution,road/highway-network,,,removed_filterA,False,False,,,heuristic/metaheuristic/GA,sequential/adaptive/rolling-policy,dynamic/time-varying-demand,fuzzy/other,,,,,Multiperiod post-disaster decisions coupling road-network damage and repair,
86,Highway Network Retrofit under Seismic Hazard,2010,JOURNAL OF INFRASTRUCTURE SYSTEMS,WOS:000280951300002,10.1061/(ASCE)IS.1943-555X.0000024,excl_only_predisaster,True,False,network-design/retrofit/protection,road/highway-network,,,excl_only_predisaster,False,False,,,exact/MILP/math-programming,a-priori/static-schedule,not-applicable,stochastic/scenario-based,,,,,Two-stage stochastic optimization of a highway network under seismic hazard,
88,Towards equitable infrastructure asset management: Scour maintenance strategy for aging bridge systems in flood-prone zones using deep reinforcement learning,2024,SUSTAINABLE CITIES AND SOCIETY,WOS:001314020300001,10.1016/j.scs.2024.105792,survivor,False,False,network-design/retrofit/protection,bridge/bridge-network,,,removed_filterA,False,False,,,reinforcement-learning/DRL,sequential/adaptive/rolling-policy,not-applicable,stochastic/scenario-based,,,,,DRL producing a sequence of bridge repair actions under flood-related risk,
89,Heuristic Selection in Disaster Recovery Sequencing,2025,JOURNAL OF INFRASTRUCTURE SYSTEMS,WOS:001529166200014,10.1061/JITSE4.ISENG-2467,survivor,False,False,restoration-scheduling/sequencing,general-transportation-network,,,kept,True,False,travel-time/accessibility,user-equilibrium,heuristic/metaheuristic/GA; exact/dynamic-programming,a-priori/static-schedule,static-demand,deterministic,ok,0,0.0,False,Repair sequencing on equilibrium traffic-assignment networks with broken links,False
90,"Dynamics of Link Importance through Normal Conditions, Flood Response, and Recovery",2024,SUSTAINABILITY,WOS:001150837400001,10.3390/su16020819,survivor,False,False,link-criticality/importance-ranking,road/highway-network,,,removed_filterA,False,False,,,other,not-applicable,not-applicable,deterministic,,,,,Road criticality across flood response and recovery phases,
91,Resilience of road transportation network in metropolitan areas,2026,TRANSPORTATION LETTERS-THE INTERNATIONAL JOURNAL OF TRANSPORTATION RESEARCH,WOS:001653376100001,10.1080/19427867.2025.2610873,survivor,False,False,resilience-quantification/assessment,road/highway-network,,,removed_filterA,False,False,,,simulation-optimization; other,not-applicable,not-applicable,stochastic/scenario-based,,,,,Rainfall-scenario road-network resilience with recovery-strategy discussion,
92,"Assessing the Dynamic Resilience of Urban Road System: A Case Study of Xiamen City, China",2026,JOURNAL OF FLOOD RISK MANAGEMENT,WOS:001798761300001,10.1111/jfr3.70218,survivor,False,False,resilience-quantification/assessment,road/highway-network,,,removed_filterA,False,False,,,simulation-optimization,not-applicable,not-applicable,stochastic/scenario-based,,,,,Road network accessibility and recovery under progressive flood scenarios,
93,Use of corridors to select bridges to retrofit in road networks in seismic regions,2022,SUSTAINABLE AND RESILIENT INFRASTRUCTURE,WOS:000877451200001,10.1080/23789689.2022.2108594,survivor,False,False,network-design/retrofit/protection,bridge/bridge-network,,,removed_filterA,False,False,,,exact/MILP/math-programming; other,a-priori/static-schedule,static-demand,stochastic/scenario-based,,,,,Coupled retrofit and post-earthquake bridge repair to reduce traffic-flow disruption,
94,Long-term resilience and loss assessment of highway bridges under multiple natural hazards,2020,STRUCTURE AND INFRASTRUCTURE ENGINEERING,WOS:000506138000001,10.1080/15732479.2019.1699936,survivor,False,False,resilience-quantification/assessment,bridge/bridge-network,,,removed_filterA,False,False,,,other,not-applicable,not-applicable,stochastic/scenario-based,,,,,Bridge functionality recovery/resilience assessment under multiple hazards,
95,A rational framework for post-flood road network condition recovery,2022,INFRASTRUCTURE ASSET MANAGEMENT,WOS:000841184900001,10.1680/jinam.21.00027,survivor,False,False,restoration-scheduling/sequencing,road/highway-network,,,kept,True,False,economic-cost/loss,none/not-modeled,other,a-priori/static-schedule,static-demand,deterministic,ok,4,0.8,False,Timing of post-flood road recovery works under funding constraints,False
96,Restoration of Bridge Networks after an Earthquake: Multicriteria Intervention Optimization,2012,EARTHQUAKE SPECTRA,WOS:000315996900002,10.1193/1.4000019,survivor,False,False,restoration-scheduling/sequencing,bridge/bridge-network,,,kept,True,False,multi-criteria/composite,user-equilibrium,heuristic/metaheuristic/GA,a-priori/static-schedule,static-demand,deterministic,ok,229,15.3,True,Optimizing intervention start times and restoration pace of a damaged transportation/bridge network,False
97,Resilience-oriented recovery of flooded road networks during mega-sport events: a novel framework,2023,FRONTIERS IN BUILT ENVIRONMENT,WOS:001030267200001,10.3389/fbuil.2023.1216919,survivor,False,False,restoration-scheduling/sequencing,road/highway-network,,,kept,True,False,resilience-area/functionality,topological/graph-metric,heuristic/metaheuristic/GA,a-priori/static-schedule,static-demand,deterministic,ok,20,5.0,False,Sequential timestep evaluation of flooded road-network recovery strategies,False
98,An emergency recovery strategy for road network resilience based on dynamic structure-function adaptive trade-offs,2026,TRANSPORTATION,WOS:001767370800001,10.1007/s11116-026-10775-1,survivor,False,False,restoration-scheduling/sequencing,road/highway-network,,,kept,True,False,resilience-area/functionality,network-flow/capacity,reinforcement-learning/DRL,sequential/adaptive/rolling-policy,static-demand,deterministic,ok,0,0.0,False,RL/MDP adaptive recovery sequencing with dynamic weighting between structure and traffic-service objectives,False
99,A maximal multiple coverage and network restoration problem for disaster recovery,2020,OPERATIONS RESEARCH PERSPECTIVES,WOS:000605217400004,10.1016/j.orp.2019.100132,survivor,False,False,restoration-scheduling/sequencing,road/highway-network,,,kept,True,False,flow/demand-served,shortest-path/AON,exact/MILP/math-programming; decomposition/Benders/Lagrangian; heuristic/metaheuristic/GA,a-priori/static-schedule,static-demand,deterministic,ok,40,5.0,False,Scheduling damaged-arc repairs over a time horizon to serve disrupted demand,False
101,Economic evaluation model for post-earthquake bridge repair/rehabilitation: Taiwan case studies,2009,AUTOMATION IN CONSTRUCTION,WOS:000262956200012,10.1016/j.autcon.2008.08.004,survivor,False,False,restoration-scheduling/sequencing,bridge/bridge-network,,,kept,True,False,economic-cost/loss,shortest-path/AON,other,a-priori/static-schedule,static-demand,deterministic,ok,7,0.4,False,Travel-cost (detour) impact used to prioritize post-disaster bridge repair,False
102,Determination of Near-Optimal Restoration Programs for Transportation Networks Following Natural Hazard Events Using Simulated Annealing,2018,COMPUTER-AIDED CIVIL AND INFRASTRUCTURE ENGINEERING,WOS:000439835500001,10.1111/mice.12346,survivor,False,False,restoration-scheduling/sequencing,general-transportation-network,,,kept,True,False,economic-cost/loss,user-equilibrium,heuristic/metaheuristic/GA,a-priori/static-schedule,static-demand,deterministic,ok,83,9.2,True,Post-disaster road-network restoration program scheduling under budget/resource constraints,False
103,Optimising repair sequences for interdependent infrastructure resilience: a simulation model of power and transportation networks,2026,CIVIL ENGINEERING AND ENVIRONMENTAL SYSTEMS,WOS:001645587700001,10.1080/10286608.2025.2602872,survivor,False,False,restoration-scheduling/sequencing,interdependent-infrastructure-incl-transport,transport-and-lifeline-jointly,keep,kept,True,False,resilience-area/functionality,user-equilibrium,heuristic/metaheuristic/GA,a-priori/static-schedule,static-demand,deterministic,ok,1,0.5,False,Repair sequencing of the Sioux Falls road network after a disaster with a single crew,False
104,Urban road network resilience metrics and their relationship: Some experimental findings,2022,CASE STUDIES ON TRANSPORT POLICY,WOS:000930750800038,10.1016/j.cstp.2022.10.013,survivor,False,False,link-criticality/importance-ranking,road/highway-network,,,removed_filterA,False,False,,,other-ML/supervised-learning; simulation-optimization,not-applicable,static-demand,deterministic,,,,,Criticality metric that incorporates travel demand on an urban road network,
105,Post-earthquake functionality and resilience prediction of bridge networks based on data-driven machine learning method,2025,SOIL DYNAMICS AND EARTHQUAKE ENGINEERING,WOS:001414945700001,10.1016/j.soildyn.2024.109127,survivor,False,False,empirical-recovery-analysis/prediction,bridge/bridge-network,,,removed_filterA,False,False,,,other-ML/supervised-learning,not-applicable,dynamic/time-varying-demand,deterministic,,,,,ML surrogate for traffic-based network functionality/resilience during post-disaster recovery on Sioux Falls,
107,Integrating social media data and machine learning methods for flash flood susceptibility mapping in China,2026,JOURNAL OF HYDROLOGY,WOS:001600123800001,10.1016/j.jhydrol.2025.134397,survivor,False,False,hazard/damage-modeling,other,,,removed_filterA+B,False,False,,,other-ML/supervised-learning,not-applicable,not-applicable,stochastic/scenario-based,,,,,none,
108,"Application of a fuzzy, indicator-based methodology for investigating the functional vulnerability of critical infrastructures to flood hazards",2025,JOURNAL OF FLOOD RISK MANAGEMENT,WOS:001416694100001,10.1111/jfr3.13030,survivor,False,False,vulnerability/risk/fragility-assessment,interdependent-infrastructure-incl-transport,uncertain,drop,removed_filterA,False,False,,,other,not-applicable,not-applicable,fuzzy/other,,,,,Flood vulnerability ranking of road infrastructure for recovery prioritization,
109,Seismic resilience evaluation method of bridge considering restoration process,2026,KSCE JOURNAL OF CIVIL ENGINEERING,WOS:001737338300001,10.1016/j.kscej.2025.100492,survivor,False,False,resilience-quantification/assessment,bridge/bridge-network,,,removed_filterA,False,False,,,heuristic/metaheuristic/GA,a-priori/static-schedule,dynamic/time-varying-demand,stochastic/scenario-based,,,,,Restoration-process scheduling (RCPSP) with time-varying functionality for resilience,
110,Prediction of cost and schedule performance in post-hurricane reconstruction of transportation infrastructure,2023,PLOS ONE,WOS:000988231200001,10.1371/journal.pone.0282231,survivor,False,False,empirical-recovery-analysis/prediction,general-transportation-network,,,removed_filterA,False,False,,,other-ML/supervised-learning,not-applicable,not-applicable,deterministic,,,,,Post-hurricane transportation reconstruction schedule performance (empirical),
111,"Spatial model for predictive recovery monitoring based on hazard, built environment, and population features and their spillover effects",2024,ENVIRONMENT AND PLANNING B-URBAN ANALYTICS AND CITY SCIENCE,WOS:000954610700001,10.1177/23998083231167433,survivor,False,False,empirical-recovery-analysis/prediction,building/urban-area/community,,,removed_filterA+B,False,False,,,other-ML/supervised-learning,not-applicable,dynamic/time-varying-demand,deterministic,,,,,none,
112,An integrated metric for rapid and equitable emergency rescue during urban flash flooding events,2025,INTERNATIONAL JOURNAL OF DISASTER RISK REDUCTION,WOS:001407247300001,10.1016/j.ijdrr.2025.105209,survivor,False,False,post-disaster-relief-logistics/distribution,interdependent-infrastructure-incl-transport,uncertain,drop,removed_filterA,False,False,,,other,sequential/adaptive/rolling-policy,dynamic/time-varying-demand,deterministic,,,,,Sequencing operations over a flood-affected road network,
113,From Component Damage to System-Level Probabilistic Restoration Functions for a Damaged Bridge,2017,JOURNAL OF INFRASTRUCTURE SYSTEMS,WOS:000400524200005,10.1061/(ASCE)IS.1943-555X.0000342,survivor,False,False,restoration-scheduling/sequencing,bridge/bridge-network,,,kept,True,False,resilience-area/functionality,none/not-modeled,other,not-applicable,not-applicable,stochastic/scenario-based,ok,56,5.1,True,Optimization-derived restoration schedule with probabilistic functionality recovery,False
115,Electric Distribution Network Restoration Strategy with Pre-Deployment and Real-Time Scheduling of Mobile Emergency Generators in Coupled Transportation Network,2026,IEEJ TRANSACTIONS ON ELECTRICAL AND ELECTRONIC ENGINEERING,WOS:001667703400001,10.1002/tee.70253,survivor,False,False,crew/resource-routing-dispatch,interdependent-infrastructure-incl-transport,power-electricity-system,drop,removed_filterB_refined,False,False,,,exact/MILP/math-programming,sequential/adaptive/rolling-policy,static-demand,stochastic/scenario-based,,,,,none,
116,Resilience enhancement and value of information quantification for renewable-dominated power systems under seismic sequences via Bayesian perception,2026,ENERGY,WOS:001796603200001,10.1016/j.energy.2026.141588,excl_only_lifeline,False,True,resilience-quantification/assessment,lifeline-only-power-water-gas-telecom,,,excl_only_lifeline,False,False,,,other,sequential/adaptive/rolling-policy,not-applicable,stochastic/scenario-based,,,,,none,
117,Life-cycle costing of rain and flood events in Queensland - case studies and network-wide implications,2017,ROAD \& TRANSPORT RESEARCH,WOS:000418254800004,,survivor,False,False,network-design/retrofit/protection,road/highway-network,,,removed_filterA,False,False,,,other,a-priori/static-schedule,static-demand,deterministic,,,,,Flood-event road-network recovery strategy tied to traffic volumes and cost,
118,An optimization-based decision support framework for coupled pre- and post-earthquake infrastructure risk management,2019,STRUCTURAL SAFETY,WOS:000456760600001,10.1016/j.strusafe.2018.10.002,survivor,False,False,network-design/retrofit/protection,bridge/bridge-network,,,removed_filterA,False,False,,,exact/MILP/math-programming; decomposition/Benders/Lagrangian,a-priori/static-schedule,static-demand,stochastic/scenario-based,,,,,Scenario-based two-stage stochastic optimization with decomposition for transport-network bridge decisions,
119,Emerging multimodal truck-drone routing with customer priority for equitable post-disaster relief,2026,TRAVEL BEHAVIOUR AND SOCIETY,WOS:001785487900001,10.1016/j.tbs.2026.101320,survivor,False,False,crew/resource-routing-dispatch,general-transportation-network,,,kept,True,False,multi-criteria/composite,shortest-path/AON,heuristic/metaheuristic/GA; exact/MILP/math-programming,a-priori/static-schedule,static-demand,deterministic,ok,0,0.0,False,Post-disaster (urban flood) logistics scheduling over a damaged road network,False
120,Aircraft delivery vehicle with fuzzy time window for improving search algorithm,2023,ADVANCES IN AIRCRAFT AND SPACECRAFT SCIENCE,WOS:001150020700001,10.12989/aas.2023.10.5.393,survivor,False,False,crew/resource-routing-dispatch,general-transportation-network,,,kept,True,False,economic-cost/loss,shortest-path/AON,heuristic/metaheuristic/GA; exact/MILP/math-programming,a-priori/static-schedule,static-demand,fuzzy/other,paywalled,,,,none,False
121,Innovative Linear Formulation for Transportation Reconstruction Planning,2016,JOURNAL OF COMPUTING IN CIVIL ENGINEERING,WOS:000374868100008,10.1061/(ASCE)CP.1943-5487.0000504,survivor,False,False,restoration-scheduling/sequencing,general-transportation-network,,,kept,True,False,multi-criteria/composite,none/not-modeled,exact/MILP/math-programming,a-priori/static-schedule,static-demand,deterministic,ok,10,0.8,False,MILP restoration scheduling maximizing rate of transportation-network recovery,False
122,Enhancing bridge performance following earthquakes using Markov decision process,2021,STRUCTURE AND INFRASTRUCTURE ENGINEERING,WOS:000518518100001,10.1080/15732479.2020.1730410,survivor,False,False,network-design/retrofit/protection,bridge/bridge-network,,,removed_filterA,False,False,,,other,sequential/adaptive/rolling-policy,static-demand,stochastic/scenario-based,,,,,Sequential MDP policy for network-level post-earthquake bridge recovery decisions,
123,A multi-stage coordinated resilience enhancement strategy for distribution networks considering voltage quality,2025,INTERNATIONAL JOURNAL OF ELECTRICAL POWER \& ENERGY SYSTEMS,WOS:001607569500001,10.1016/j.ijepes.2025.111312,survivor,False,False,resilience-quantification/assessment,lifeline-only-power-water-gas-telecom,,,removed_filterA+B,False,False,,,exact/MILP/math-programming,sequential/adaptive/rolling-policy,dynamic/time-varying-demand,stochastic/scenario-based,,,,,none,
124,Road transportation network hazard sustainability and resilience: correlations and comparisons,2023,STRUCTURE AND INFRASTRUCTURE ENGINEERING,WOS:000669799500001,10.1080/15732479.2021.1945114,survivor,False,False,resilience-quantification/assessment,road/highway-network,,,removed_filterA,False,False,,,simulation-optimization,not-applicable,dynamic/time-varying-demand,stochastic/scenario-based,,,,,Time-evolving travel-time/distance (traffic-based) resilience metrics over road-network recovery,
125,A resilience-oriented multi-stage operation strategy for distribution networks considering multi-type resources,2023,FRONTIERS IN ENERGY RESEARCH,WOS:001096549100001,10.3389/fenrg.2023.1290168,survivor,False,False,resilience-quantification/assessment,interdependent-infrastructure-incl-transport,power-electricity-system,drop,removed_filterA,False,False,,,exact/MILP/math-programming,sequential/adaptive/rolling-policy,dynamic/time-varying-demand,deterministic,,,,,none,
126,"Understanding Urban Mobility Responses to Extreme Precipitation Events: A Case Study of Zhengzhou, China",2025,IET INTELLIGENT TRANSPORT SYSTEMS,WOS:001563285200001,10.1049/itr2.70045,survivor,False,False,empirical-recovery-analysis/prediction,road/highway-network,,,removed_filterA,False,False,,,other-ML/supervised-learning,not-applicable,dynamic/time-varying-demand,deterministic,,,,,Empirical characterization of dynamic/time-varying travel demand collapse and recovery after urban flooding,
127,Post-disaster multi-period road network repair: work scheduling and relief logistics optimization,2019,ANNALS OF OPERATIONS RESEARCH,WOS:000505588800053,10.1007/s10479-018-3037-2,survivor,False,False,restoration-scheduling/sequencing,road/highway-network,,,kept,True,False,multi-criteria/composite,shortest-path/AON,heuristic/metaheuristic/GA,a-priori/static-schedule,dynamic/time-varying-demand,deterministic,ok,61,6.8,True,"GA multi-period road repair plus relief logistics with per-period varying demand; shares dynamic demand + scheduling, but shortest-path and deterministic/static.",False
128,Project-Level Optimization of Repair Activities for the Recovery of Transportation Assets after Inland Flood Events,2025,JOURNAL OF INFRASTRUCTURE SYSTEMS,WOS:001480530700004,10.1061/JITSE4.ISENG-2521,survivor,False,False,restoration-scheduling/sequencing,road/highway-network,,,kept,True,False,economic-cost/loss,none/not-modeled,other,a-priori/static-schedule,static-demand,stochastic/scenario-based,ok,0,0.0,False,Restoration schedule optimization under stochastic/probabilistic repair durations after flood damage,True
129,CNN-Accelerated Seismic Resilience Assessment of Hospital Systems Considering Highway Interdependencies,2025,ADVANCES IN CIVIL ENGINEERING,WOS:001649859000001,10.1155/adce/3111851,survivor,False,False,resilience-quantification/assessment,interdependent-infrastructure-incl-transport,road/highway-network,keep,removed_filterA,False,False,,,other-ML/supervised-learning,not-applicable,static-demand,stochastic/scenario-based,,,,,ML surrogate for road-network travel-efficiency/accessibility after a disaster,
130,Decision attributes for disaster recovery planning of transportation networks; A case study,2021,TRANSPORTATION RESEARCH PART D-TRANSPORT AND ENVIRONMENT,WOS:000638249600011,10.1016/j.trd.2021.102771,survivor,False,False,restoration-scheduling/sequencing,general-transportation-network,,,kept,True,False,multi-criteria/composite,none/not-modeled,other,not-applicable,not-applicable,deterministic,ok,28,4.7,False,Emphasis on travel-time improvement per recovery duration as a recovery-planning criterion,False
131,Resilience-informed investment planning for earthquake-prone urban transportation systems: balancing pre-disaster reinforcement and post-disaster recovery,2026,STRUCTURE AND INFRASTRUCTURE ENGINEERING,WOS:001760437300001,10.1080/15732479.2026.2653822,survivor,False,False,network-design/retrofit/protection,general-transportation-network,,,removed_filterA,False,False,,,exact/MILP/math-programming; other-ML/supervised-learning,a-priori/static-schedule,static-demand,stochastic/scenario-based,,,,,ANN surrogate approximating traffic-flow functionality within a stochastic recovery optimization,
132,A Three-Stage Stochastic Model to Improve Resilience with Lateral Transshipment in Multi-Period Emergency Logistics,2024,SYSTEMS,WOS:001193019400001,10.3390/systems12030073,survivor,False,False,post-disaster-relief-logistics/distribution,supply-chain/facility,,,removed_filterA+B,False,False,,,exact/MILP/math-programming,not-applicable,static-demand,stochastic/scenario-based,,,,,Multi-period stochastic programming for disaster response,
133,Optimizing post-disaster road restoration with reinforcement learning: A traveler-behavior-aware approach,2026,RELIABILITY ENGINEERING \& SYSTEM SAFETY,WOS:001691704600001,10.1016/j.ress.2026.112371,survivor,False,False,restoration-scheduling/sequencing,road/highway-network,,,kept,True,False,travel-time/accessibility,user-equilibrium,reinforcement-learning/DRL; exact/MILP/math-programming,sequential/adaptive/rolling-policy,dynamic/time-varying-demand,stochastic/scenario-based,ok,0,0.0,False,"RL (double-DQN) adaptive restoration policy with MILP-linearized subproblems, day-to-day equilibrium traffic, time-varying demand and stochastic repair times, on the same Sioux Falls testbed; the closest full match (learning + UE + dynamic demand + adaptive + stochastic).",True
134,A seismic resilience assessment framework for urban interchanges considering system functionality loss and recovery,2025,INTERNATIONAL JOURNAL OF DISASTER RISK REDUCTION,WOS:001583886400002,10.1016/j.ijdrr.2025.105806,survivor,False,False,resilience-quantification/assessment,bridge/bridge-network,,,removed_filterA,False,False,,,simulation-optimization,not-applicable,static-demand,stochastic/scenario-based,,,,,Modeling staged recovery/functionality of transport infrastructure with repair-time uncertainty,
136,Enhancing urban system resilience to earthquake disasters: Impact of interdependence and resource allocation,2024,INTERNATIONAL JOURNAL OF CRITICAL INFRASTRUCTURE PROTECTION,WOS:001208188600001,10.1016/j.ijcip.2024.100673,survivor,False,False,restoration-scheduling/sequencing,interdependent-infrastructure-incl-transport,transport-and-lifeline-jointly,keep,kept,True,False,resilience-area/functionality,topological/graph-metric,heuristic/metaheuristic/GA; simulation-optimization,a-priori/static-schedule,not-applicable,stochastic/scenario-based,ok,21,7.0,False,Optimizing resource allocation over recovery to maximize a resilience metric including a transportation subsystem,False
137,Investigating the importance of critical infrastructures' interdependencies during recovery; lessons from Hurricane Irma in Saint-Martin's island,2022,INTERNATIONAL JOURNAL OF DISASTER RISK REDUCTION,WOS:000720221800001,10.1016/j.ijdrr.2021.102675,survivor,False,False,empirical-recovery-analysis/prediction,interdependent-infrastructure-incl-transport,transport-and-lifeline-jointly,keep,removed_filterA,False,False,,,other,not-applicable,static-demand,deterministic,,,,,Criticality-informed restoration ordering after a hurricane (but non-transport-flow focus),
138,A cost-benefit approach to recover the performance of roads affected by natural disasters,2021,INTERNATIONAL JOURNAL OF DISASTER RISK REDUCTION,WOS:000614868300007,10.1016/j.ijdrr.2020.102014,survivor,False,False,restoration-scheduling/sequencing,road/highway-network,,,kept,True,False,multi-criteria/composite,shortest-path/AON,other,a-priori/static-schedule,static-demand,stochastic/scenario-based,ok,16,2.3,False,Prioritizing road recovery strategies using travel-time/user-cost and recovery-time trade-offs,False
139,Road network emergency accessibility planning after a major earthquake,2016,EURO JOURNAL ON COMPUTATIONAL OPTIMIZATION,WOS:000409462500008,10.1007/s13675-016-0070-2,survivor,False,False,restoration-scheduling/sequencing,road/highway-network,,,kept,True,False,travel-time/accessibility,shortest-path/AON,exact/MILP/math-programming; heuristic/metaheuristic/GA,a-priori/static-schedule,static-demand,deterministic,ok,33,3.0,False,Work-troop repair scheduling to restore road-network accessibility after a disaster,False
140,A comprehensive approach in post-earthquake blockage prediction of urban road network and emergency resilience optimization,2024,RELIABILITY ENGINEERING \& SYSTEM SAFETY,WOS:001154823500001,10.1016/j.ress.2023.109887,survivor,False,False,restoration-scheduling/sequencing,road/highway-network,,,kept,True,False,resilience-area/functionality,shortest-path/AON,heuristic/metaheuristic/GA; simulation-optimization,a-priori/static-schedule,static-demand,stochastic/scenario-based,ok,42,10.5,False,Road-network restoration planning under stochastic (probabilistic) blockage/opening-time durations,False
141,Mobile power sources pre-allocation and dispatch strategy in power-transportation coupled network under extreme weather,2024,IET RENEWABLE POWER GENERATION,WOS:001090616900001,10.1049/rpg2.12872,survivor,False,False,crew/resource-routing-dispatch,interdependent-infrastructure-incl-transport,power-electricity-system,drop,removed_filterB_refined,False,False,,,exact/MILP/math-programming,sequential/adaptive/rolling-policy,static-demand,stochastic/scenario-based,,,,,Coupling of transportation network with disaster restoration decisions (but power-side objective),
142,Seismic risk and resilience assessment for the G7 highway bridge in Greece,2025,INTERNATIONAL JOURNAL OF DISASTER RISK REDUCTION,WOS:001630338900001,10.1016/j.ijdrr.2025.105882,survivor,False,False,resilience-quantification/assessment,bridge/bridge-network,,,removed_filterA,False,False,,,other,not-applicable,static-demand,stochastic/scenario-based,,,,,Repair downtime/recovery-to-functionality of a road-network bridge asset,
144,Comprehensive Evaluation of Urban Road Network Resilience Facing Earthquakes,2021,MATHEMATICAL PROBLEMS IN ENGINEERING,WOS:000665082000014,10.1155/2021/6659114,survivor,False,False,resilience-quantification/assessment,road/highway-network,,,removed_filterA,False,False,,,other,not-applicable,static-demand,deterministic,,,,,Resilience evaluation of an earthquake-damaged road network,
145,Camo-maps: An efficient method to assess and project riparian vegetation colonization after a major river flood,2019,ECOLOGICAL ENGINEERING,WOS:000497646300005,10.1016/j.ecoleng.2019.105610,survivor,False,False,hazard/damage-modeling,other,,,removed_filterA+B,False,False,,,other,not-applicable,not-applicable,deterministic,,,,,none,
146,Redesign of stormwater collection canal based on flood exceedance probability using the ant colony optimization: study area of eastern Tehran metropolis,2021,WATER SCIENCE AND TECHNOLOGY,WOS:000672787900001,10.2166/wst.2021.273,excl_only_predisaster,True,True,network-design/retrofit/protection,lifeline-only-power-water-gas-telecom,,,excl_only_predisaster,False,False,,,heuristic/metaheuristic/GA,not-applicable,not-applicable,stochastic/scenario-based,,,,,none,
147,Response and recovery after severe wind storms using hierarchical open vehicle routing,2015,INTERNATIONAL JOURNAL OF EMERGENCY MANAGEMENT,WOS:000436297800002,10.1504/IJEM.2015.069515,survivor,False,False,debris-clearance,road/highway-network,,,kept,True,False,recovery-time/makespan,shortest-path/AON,heuristic/metaheuristic/GA,a-priori/static-schedule,static-demand,deterministic,failed,1,0.1,False,Post-disaster road-network clearance minimizing time to restore roads,False
148,A resilience-oriented two-stage recovery method for power distribution system considering transportation network,2022,INTERNATIONAL JOURNAL OF ELECTRICAL POWER \& ENERGY SYSTEMS,WOS:000705982400007,10.1016/j.ijepes.2021.107497,survivor,False,False,crew/resource-routing-dispatch,interdependent-infrastructure-incl-transport,power-electricity-system,drop,removed_filterB_refined,False,False,,,exact/MILP/math-programming; simulation-optimization,a-priori/static-schedule,static-demand,stochastic/scenario-based,,,,,Repair-crew dispatch over a transportation network for post-disaster restoration (power-side),
149,Resilient Disaster Recovery Logistics of Distribution Systems: Co-Optimize Service Restoration With Repair Crew and Mobile Power Source Dispatch,2019,IEEE TRANSACTIONS ON SMART GRID,WOS:000507947800029,10.1109/TSG.2019.2899353,survivor,False,False,crew/resource-routing-dispatch,interdependent-infrastructure-incl-transport,power-electricity-system,drop,removed_filterB_refined,False,False,,,exact/MILP/math-programming,a-priori/static-schedule,static-demand,deterministic,,,,,Routing/scheduling repair crews on a transportation network for disaster recovery (power-side),
150,Probabilistic seismic loss estimation of aging highway bridges subjected to multiple earthquake events,2021,STRUCTURE AND INFRASTRUCTURE ENGINEERING,WOS:000560217900001,10.1080/15732479.2020.1801765,survivor,False,False,vulnerability/risk/fragility-assessment,bridge/bridge-network,,,removed_filterA,False,False,,,simulation-optimization,not-applicable,static-demand,stochastic/scenario-based,,,,,Stochastic repair-process and downtime modeling of a highway bridge asset,
152,Development of a Risk Assessment Module for Bridge Management Systems in New Jersey,2020,TRANSPORTATION RESEARCH RECORD,WOS:000547570000001,10.1177/0361198120929016,excl_only_predisaster,True,False,vulnerability/risk/fragility-assessment,bridge/bridge-network,,,excl_only_predisaster,False,False,,,other-ML/supervised-learning,not-applicable,not-applicable,stochastic/scenario-based,,,,,none,
153,Optimal Resilience- and Cost-Based Postdisaster Intervention Prioritization for Bridges along a Highway Segment,2012,JOURNAL OF BRIDGE ENGINEERING,WOS:000300437300013,10.1061/(ASCE)BE.1943-5592.0000201,survivor,False,False,restoration-scheduling/sequencing,bridge/bridge-network,,,kept,True,False,multi-criteria/composite,user-equilibrium,heuristic/metaheuristic/GA,a-priori/static-schedule,static-demand,deterministic,ok,216,12.7,True,optimizing restoration start time/schedule of damaged bridges after a disaster,False
155,"Development of a post-flood road maintenance strategy: case study Queensland, Australia",2017,INTERNATIONAL JOURNAL OF PAVEMENT ENGINEERING,WOS:000406095900005,10.1080/10298436.2015.1121781,survivor,False,False,restoration-scheduling/sequencing,road/highway-network,,,kept,True,False,economic-cost/loss,none/not-modeled,exact/MILP/math-programming,a-priori/static-schedule,not-applicable,deterministic,ok,18,1.5,False,post-flood road-network rehabilitation planning,False
157,Optimization-based decision-making models for disaster recovery and reconstruction planning of transportation networks,2020,NATURAL HAZARDS,WOS:000552606400001,10.1007/s11069-020-04192-5,survivor,False,False,restoration-scheduling/sequencing,general-transportation-network,,,kept,True,False,other,none/not-modeled,other,not-applicable,not-applicable,deterministic,ok,21,3.0,False,survey of optimization-based disaster recovery planning for transportation networks,False
159,COMPARATIVE ANALYSIS OF SOME BRIDGE MANAGEMENT SYSTEMS,2020,GRADEVNSKI MATERIJIALI I KONSTRUKCIJE-BUILDING MATERIALS AND STRUCTURES,WOS:000580484900003,10.5937/GRMK2003021F,survivor,False,False,other,bridge/bridge-network,,,removed_filterA,False,False,,,other,not-applicable,not-applicable,deterministic,,,,,none,
160,Integrated decision-support framework for enhancing coastal community resilience against hurricane-induced hazards,2026,INTERNATIONAL JOURNAL OF DISASTER RISK REDUCTION,WOS:001759832000001,10.1016/j.ijdrr.2026.106136,survivor,False,False,pre-disaster-mitigation/preparedness/planning,interdependent-infrastructure-incl-transport,uncertain,keep,removed_filterA,False,False,,,heuristic/metaheuristic/GA; simulation-optimization,a-priori/static-schedule,not-applicable,stochastic/scenario-based,,,,,hurricane multi-hazard optimization over a transportation-inclusive interdependent system,
161,Multi-objective optimization design of seismic resilience of high-speed railway bridge system based on machine learning,2025,STRUCTURES,WOS:001513824600004,10.1016/j.istruc.2025.109381,survivor,False,False,network-design/retrofit/protection,railway/transit,,,removed_filterA,False,False,,,other-ML/supervised-learning; heuristic/metaheuristic/GA,not-applicable,not-applicable,stochastic/scenario-based,,,,,none,
162,Optimal Risk-Based Management of Coastal Bridges Vulnerable to Hurricanes,2017,JOURNAL OF INFRASTRUCTURE SYSTEMS,WOS:000400524200007,10.1061/(ASCE)IS.1943-555X.0000346,survivor,False,False,network-design/retrofit/protection,bridge/bridge-network,,,removed_filterA,False,False,,,exact/MILP/math-programming,not-applicable,not-applicable,stochastic/scenario-based,,,,,none,
163,Energy network dispatch optimization under emergency of local energy shortage,2012,ENERGY,WOS:000304975500015,10.1016/j.energy.2012.04.001,excl_only_lifeline,False,True,post-disaster-relief-logistics/distribution,lifeline-only-power-water-gas-telecom,,,excl_only_lifeline,False,False,,,exact/MILP/math-programming,not-applicable,not-applicable,stochastic/scenario-based,,,,,none,
164,Rapid Emergency Response Resilience Assessment of Highway Bridge Networks under Moderate Earthquakes,2024,SUSTAINABILITY,WOS:001266618500001,10.3390/su16135491,survivor,False,False,resilience-quantification/assessment,bridge/bridge-network,,,removed_filterA,False,False,,,other-ML/supervised-learning,not-applicable,not-applicable,stochastic/scenario-based,,,,,recovery scheduling and resilience of a highway bridge network on the Sioux Falls test network,
165,Probability Assessment of the Seismic Risk of Highway Bridges with Various Structural Systems (Case Study: Tehran City),2023,SUSTAINABILITY,WOS:001015623600001,10.3390/su15129783,excl_only_predisaster,True,False,vulnerability/risk/fragility-assessment,bridge/bridge-network,,,excl_only_predisaster,False,False,,,other-ML/supervised-learning,not-applicable,not-applicable,stochastic/scenario-based,,,,,none,
166,Allocation of bridge maintenance costs based on prioritization indexes,2019,REVISTA DE LA CONSTRUCCION,WOS:000510407700014,10.7764/RDLC.18.3.568,excl_only_predisaster,True,False,vulnerability/risk/fragility-assessment,bridge/bridge-network,,,excl_only_predisaster,False,False,,,other,not-applicable,not-applicable,deterministic,,,,,none,
167,Cooperative Application Layer Joint Video Coding in the Internet of Remote Things,2016,IEEE INTERNET OF THINGS JOURNAL,WOS:000393048500049,10.1109/JIOT.2016.2610103,excl_only_lifeline,False,True,other,lifeline-only-power-water-gas-telecom,,,excl_only_lifeline,False,False,,,other,not-applicable,not-applicable,deterministic,,,,,none,
168,A quick estimation system of life-cycle costs including seismic and flood risks for steel bridges in Taipei City of Taiwan,2025,NATURAL HAZARDS,WOS:001280282700004,10.1007/s11069-024-06812-w,excl_only_predisaster,True,False,vulnerability/risk/fragility-assessment,bridge/bridge-network,,,excl_only_predisaster,False,False,,,other,not-applicable,not-applicable,stochastic/scenario-based,,,,,none,
169,Bridge Adaptation and Management under Climate Change Uncertainties: A Review,2018,NATURAL HAZARDS REVIEW,WOS:000418242200007,10.1061/(ASCE)NH.1527-6996.0000270,survivor,False,False,network-design/retrofit/protection,bridge/bridge-network,,,removed_filterA,False,True,,,other,not-applicable,not-applicable,robust/distributionally-robust,,,,,none,
170,Resilience-oriented decision making on the pre-shock intervention to road networks,2026,ADVANCED ENGINEERING INFORMATICS,WOS:001632731800009,10.1016/j.aei.2025.104143,survivor,False,False,network-design/retrofit/protection,road/highway-network,,,removed_filterA,False,False,,,heuristic/metaheuristic/GA; simulation-optimization,a-priori/static-schedule,not-applicable,stochastic/scenario-based,,,,,scheduling on a road network coupling seismic fragility with post-earthquake emergency restoration trajectories,
171,An advanced assessment framework for seismic resilience of railway continuous girder bridge with multiple spans considering 72h golden rescue requirements,2024,SOIL DYNAMICS AND EARTHQUAKE ENGINEERING,WOS:001131643800001,10.1016/j.soildyn.2023.108370,survivor,False,False,resilience-quantification/assessment,bridge/bridge-network,,,removed_filterA,False,False,,,other,not-applicable,not-applicable,stochastic/scenario-based,,,,,none,
173,Potential field-guided dynamic hierarchical Stackelberg game for MESS-DV synergistic power restoration under storm tide,2026,APPLIED ENERGY,WOS:001742562800001,10.1016/j.apenergy.2026.127855,survivor,False,False,crew/resource-routing-dispatch,interdependent-infrastructure-incl-transport,power-electricity-system,drop,removed_filterB_refined,False,False,,,game-theory/equilibrium; reinforcement-learning/DRL,sequential/adaptive/rolling-policy,dynamic/time-varying-demand,stochastic/scenario-based,,,,,scheduling that endogenizes flood-driven transportation-network topology change into a sequential recovery decision,
174,Estimating Cost of Bridge Closure for Bridge Network Rehabilitation Priorities,2024,JOURNAL OF CONSTRUCTION ENGINEERING AND MANAGEMENT,WOS:001223147300013,10.1061/JCEMD4.COENG-14619,survivor,False,False,link-criticality/importance-ranking,bridge/bridge-network,,,removed_filterA,False,False,,,other,not-applicable,static-demand,stochastic/scenario-based,,,,,quantifying travel-time/detour cost impact of closed transport links to prioritize repair,
176,Resilience-based risk mitigation for road networks,2016,STRUCTURAL SAFETY,WOS:000382339300006,10.1016/j.strusafe.2016.06.003,excl_only_predisaster,True,False,network-design/retrofit/protection,road/highway-network,,,excl_only_predisaster,False,False,,,other,a-priori/static-schedule,static-demand,stochastic/scenario-based,,,,,Resilience-based performance metric that integrates traffic patterns and post-disaster recovery of a road network,
177,Modeling the Influence of Social Vulnerability and Financial Resources on Housing Functionality Restoration,2025,ASCE-ASME JOURNAL OF RISK AND UNCERTAINTY IN ENGINEERING SYSTEMS PART A-CIVIL ENGINEERING,WOS:001595180400016,10.1061/AJRUA6.RUENG-1526,survivor,False,False,empirical-recovery-analysis/prediction,building/urban-area/community,,,removed_filterA+B,False,False,,,simulation-optimization,not-applicable,not-applicable,stochastic/scenario-based,,,,,none,
179,Determining effective earthquake countermeasures for bridges considering seismic and tsunami hazards based on expected post-disaster recovery time,2025,STRUCTURE AND INFRASTRUCTURE ENGINEERING,WOS:001446201600001,10.1080/15732479.2025.2474696,survivor,False,False,network-design/retrofit/protection,bridge/bridge-network,,,removed_filterA,False,False,,,other,a-priori/static-schedule,not-applicable,stochastic/scenario-based,,,,,Expected post-disaster recovery time of bridges as the resilience measure,
180,Resilience assessment of the urban and major roads endangered by earthquake-induced landslide,2026,BULLETIN OF EARTHQUAKE ENGINEERING,WOS:001794634300001,10.1007/s10518-026-02539-0,survivor,False,False,resilience-quantification/assessment,road/highway-network,,,removed_filterA,False,False,,,simulation-optimization,not-applicable,not-applicable,stochastic/scenario-based,,,,,Road functionality-recovery (resilience) curves after a disaster,
181,Prioritizing transportation network recovery using a resilience measure,2022,SUSTAINABLE AND RESILIENT INFRASTRUCTURE,WOS:000823081300005,10.1080/23789689.2019.1708180,survivor,False,False,restoration-scheduling/sequencing,general-transportation-network,,,kept,True,False,economic-cost/loss,user-equilibrium,heuristic/metaheuristic/GA,a-priori/static-schedule,static-demand,deterministic,ok,60,8.6,True,Repair sequencing of a damaged road network minimizing travel cost during recovery,False
182,Road network vulnerability analysis of area-covering disruptions: A grid-based approach with case study,2012,TRANSPORTATION RESEARCH PART A-POLICY AND PRACTICE,WOS:000303360000002,10.1016/j.tra.2012.02.003,survivor,False,False,vulnerability/risk/fragility-assessment,road/highway-network,,,removed_filterA,False,False,,,other,not-applicable,static-demand,stochastic/scenario-based,,,,,Travel-demand-weighted impact assessment of road-network disruptions,
183,Urban Resilience Index for Critical Infrastructure: A Scenario-Based Approach to Disaster Risk Reduction in Road Networks,2024,SUSTAINABILITY,WOS:001231528200001,10.3390/su16104143,survivor,False,False,resilience-quantification/assessment,road/highway-network,,,removed_filterA,False,False,,,other-ML/supervised-learning,not-applicable,not-applicable,stochastic/scenario-based,,,,,Flood scenarios affecting an urban road network's resilience/recovery,
184,Optimization of municipal bridge retrofitting based on nationwide spatial clustering integrating seismic risk and fiscal capacity in Japan,2026,INTERNATIONAL JOURNAL OF DISASTER RISK REDUCTION,WOS:001732083900001,10.1016/j.ijdrr.2026.106111,survivor,False,False,network-design/retrofit/protection,bridge/bridge-network,,,removed_filterA,False,False,,,heuristic/metaheuristic/GA,a-priori/static-schedule,not-applicable,stochastic/scenario-based,,,,,Budget-constrained optimization for post-earthquake-recovery-relevant bridge decisions,
186,Multi-vehicle prize collecting arc routing for connectivity problem,2017,COMPUTERS \& OPERATIONS RESEARCH,WOS:000395602400005,10.1016/j.cor.2017.01.007,survivor,False,False,debris-clearance,road/highway-network,,,kept,True,False,connectivity/reachability,topological/graph-metric,exact/MILP/math-programming; decomposition/Benders/Lagrangian; heuristic/metaheuristic/GA,a-priori/static-schedule,static-demand,deterministic,ok,54,5.4,True,Clearing/repairing blocked roads to restore network connectivity via MIP + Lagrangian,False
187,Time-dependent seismic risk assessment of highway bridges in western Canada under mainshock-aftershock subduction earthquakes,2025,EARTHQUAKE SPECTRA,WOS:001545453000018,10.1177/87552930251335209,survivor,False,False,vulnerability/risk/fragility-assessment,bridge/bridge-network,,,removed_filterA,False,False,,,simulation-optimization,not-applicable,not-applicable,stochastic/scenario-based,,,,,none,
188,A screening method for bridge scour estimation and flood adaptation planning utilizing HAZUS-MH 2.1 and HEC-18,2016,NATURAL HAZARDS,WOS:000380794800019,10.1007/s11069-016-2390-1,excl_only_predisaster,True,False,vulnerability/risk/fragility-assessment,bridge/bridge-network,,,excl_only_predisaster,False,False,,,other,not-applicable,not-applicable,deterministic,,,,,none,
189,Enhancing Seismic Damage Detection and Assessment in Highway Bridge Systems: A Pattern Recognition Approach with Bayesian Optimization,2024,SENSORS,WOS:001150935100001,10.3390/s24020611,survivor,False,False,empirical-recovery-analysis/prediction,bridge/bridge-network,,,removed_filterA,False,False,,,other-ML/supervised-learning,not-applicable,not-applicable,deterministic,,,,,none,
190,Residual seismic performance of steel bridges under earthquake sequence,2016,EARTHQUAKES AND STRUCTURES,WOS:000388335900006,10.12989/eas.2016.11.4.649,survivor,False,False,vulnerability/risk/fragility-assessment,bridge/bridge-network,,,removed_filterA,False,False,,,simulation-optimization,not-applicable,not-applicable,deterministic,,,,,none,
191,Resilience modeling of transportation infrastructure and network based on the semi-Markov process considering resource dependency,2025,RELIABILITY ENGINEERING \& SYSTEM SAFETY,WOS:001479535700001,10.1016/j.ress.2025.111159,survivor,False,False,resilience-quantification/assessment,general-transportation-network,,,removed_filterA,False,False,,,simulation-optimization,not-applicable,static-demand,stochastic/scenario-based,,,,,Recovery strategy selection coupled with network traffic-flow dynamics and stochastic recovery times,
192,Resilience Modeling of Interdependent Traffic-Electric Power System Subject to Hurricanes,2020,JOURNAL OF INFRASTRUCTURE SYSTEMS,WOS:000507633100012,10.1061/(ASCE)IS.1943-555X.0000524,survivor,False,False,resilience-quantification/assessment,interdependent-infrastructure-incl-transport,transport-and-lifeline-jointly,keep,removed_filterA,False,False,,,simulation-optimization,a-priori/static-schedule,static-demand,stochastic/scenario-based,,,,,Repair scheduling of a flow-based traffic network to improve post-hurricane resilience,
194,Workington: a case study in coordination and communication,2016,PROCEEDINGS OF THE INSTITUTION OF CIVIL ENGINEERS-MUNICIPAL ENGINEER,WOS:000376108300006,10.1680/jmuen.15.00004,survivor,False,False,empirical-recovery-analysis/prediction,bridge/bridge-network,,,removed_filterA,False,False,,,other,not-applicable,not-applicable,deterministic,,,,,Post-flood bridge reconstruction/recovery process in a real community,
195,Restoration models of flood resilient bridges: Survey data,2021,DATA IN BRIEF,WOS:000670308500020,10.1016/j.dib.2021.107088,survivor,False,False,resilience-quantification/assessment,bridge/bridge-network,,,removed_filterA,False,False,,,other,not-applicable,not-applicable,deterministic,,,,,Duration and sequence of bridge restoration tasks with traffic/functionality loss,
196,Damage to Roadway Infrastructure from 2016 Central Italy Earthquake Sequence,2018,EARTHQUAKE SPECTRA,WOS:000454334200008,10.1193/101317EQS205M,survivor,False,False,empirical-recovery-analysis/prediction,bridge/bridge-network,,,removed_filterA,False,False,,,other,not-applicable,not-applicable,deterministic,,,,,Post-earthquake road/bridge damage and temporary-bridge recovery observations,
197,A Dynamic Patients Dispatch and Treatment Model for Resilience Evaluation of Interdependent Transportation-Healthcare System,2023,JOURNAL OF EARTHQUAKE ENGINEERING,WOS:000943500000001,10.1080/13632469.2023.2185863,survivor,False,False,post-disaster-relief-logistics/distribution,interdependent-infrastructure-incl-transport,uncertain,keep,removed_filterA,False,False,,,exact/MILP/math-programming,sequential/adaptive/rolling-policy,dynamic/time-varying-demand,stochastic/scenario-based,,,,,Real-time/dynamic scheduling over a disrupted road network with time-varying demand,
199,Assessing resilience in urban road networks using macroscopic fundamental diagrams,2026,TRANSPORTMETRICA B-TRANSPORT DYNAMICS,WOS:001772135700001,10.1080/21680566.2026.2673402,survivor,False,False,resilience-quantification/assessment,road/highway-network,,,removed_filterA,False,False,,,other-ML/supervised-learning,not-applicable,static-demand,deterministic,,,,,Traffic-performance-loss (resilience) metric of an urban road network under closures,
200,Stochastic Resilient Post-Hurricane Power System Recovery Based on Mobile Emergency Resources and Reconfigurable Networked Microgrids,2018,IEEE ACCESS,WOS:000453706500001,10.1109/ACCESS.2018.2881949,excl_only_lifeline,False,True,restoration-scheduling/sequencing,lifeline-only-power-water-gas-telecom,,,excl_only_lifeline,False,False,,,exact/MILP/math-programming; simulation-optimization,a-priori/static-schedule,not-applicable,stochastic/scenario-based,,,,,none,
201,Estimating added roadway GHG emissions from climate change effects and related adaptations,2024,TRANSPORTATION RESEARCH PART D-TRANSPORT AND ENVIRONMENT,WOS:001176471300001,10.1016/j.trd.2023.104039,survivor,False,False,link-criticality/importance-ranking,road/highway-network,,,removed_filterA,False,False,,,simulation-optimization,not-applicable,not-applicable,deterministic,,,,,link criticality index for flood-damaged roadway network,
202,Mitigating the vulnerability of an air-high-speed railway transportation network: From the perspective of predisruption response,2021,PROCEEDINGS OF THE INSTITUTION OF MECHANICAL ENGINEERS PART O-JOURNAL OF RISK AND RELIABILITY,WOS:000637921900001,10.1177/1748006X20966090,excl_only_predisaster,True,False,network-design/retrofit/protection,general-transportation-network,,,excl_only_predisaster,False,False,,,exact/MILP/math-programming; game-theory/equilibrium,a-priori/static-schedule,static-demand,robust/distributionally-robust,,,,,minimizing unsatisfied travel demand on a transport network,
203,Towards improving resilience of cities: an optimisation approach to minimising vulnerability to disruption due to natural disasters under budgetary constraints,2020,TRANSPORTATION,WOS:000554714000010,10.1007/s11116-019-09984-8,survivor,False,False,network-design/retrofit/protection,road/highway-network,,,removed_filterA,False,False,,,heuristic/metaheuristic/GA,a-priori/static-schedule,static-demand,deterministic,,,,,prioritizing road links to recover after flood disruption,
204,Assessing Vulnerability of Transportation Networks for Disaster Response Operations,2019,NETWORKS \& SPATIAL ECONOMICS,WOS:000473452800011,10.1007/s11067-017-9382-x,survivor,False,False,link-criticality/importance-ranking,general-transportation-network,,,removed_filterA,False,False,,,exact/MILP/math-programming,not-applicable,static-demand,deterministic,,,,,prioritizing rehabilitation of disrupted links in recovery,
205,Emergency Repair Scheduling Model for Road Network Integrating Rescheduling Feature,2021,APPLIED SCIENCES-BASEL,WOS:000632083000001,10.3390/app11041447,survivor,False,False,restoration-scheduling/sequencing,road/highway-network,,,kept,True,False,recovery-time/makespan,none/not-modeled,exact/MILP/math-programming,sequential/adaptive/rolling-policy,not-applicable,adaptive/multistage-revelation,ok,6,1.0,False,post-disaster road-network repair scheduling with adaptive rescheduling,False
206,"Bonding, bridging, linking social capital as mutually reinforcing elements in adaptive capacity development to flood hazard: Insights from rural Bangladesh",2023,CLIMATE RISK MANAGEMENT,WOS:000956432100001,10.1016/j.crm.2023.100498,survivor,False,False,other,other,,,removed_filterA+B,False,False,,,other,not-applicable,not-applicable,deterministic,,,,,none,
207,Time-Varying Seismic Fragility Analysis of Offshore Bridges with Continuous Rigid-Frame Girder under Main Aftershock Sequences,2020,JOURNAL OF BRIDGE ENGINEERING,WOS:000549990900008,10.1061/(ASCE)BE.1943-5592.0001578,survivor,False,False,vulnerability/risk/fragility-assessment,bridge/bridge-network,,,removed_filterA,False,False,,,simulation-optimization,not-applicable,not-applicable,stochastic/scenario-based,,,,,none,
208,Cataloging and Testing Flood Risk Management Measures to Increase the Resilience of Critical Infrastructure Networks,2024,SMART CITIES,WOS:001340876800001,10.3390/smartcities7050117,survivor,False,False,pre-disaster-mitigation/preparedness/planning,interdependent-infrastructure-incl-transport,water-gas-telecom-lifeline,drop,removed_filterA,False,False,,,other,not-applicable,not-applicable,deterministic,,,,,none,
209,"The three A's of social capital in crises: Challenges with the availability, accessibility and activatability of social support",2023,INTERNATIONAL JOURNAL OF DISASTER RISK REDUCTION,WOS:001006532500001,10.1016/j.ijdrr.2023.103704,survivor,False,False,other,other,,,removed_filterA+B,False,False,,,other,not-applicable,not-applicable,deterministic,,,,,none,
210,Multi-strategy budget allocation decision support system for seismic rehabilitation of road infrastructure,2014,STRUCTURE AND INFRASTRUCTURE ENGINEERING,WOS:000329689100007,10.1080/15732479.2012.737810,excl_only_predisaster,True,False,network-design/retrofit/protection,road/highway-network,,,excl_only_predisaster,False,False,,,heuristic/metaheuristic/GA,a-priori/static-schedule,not-applicable,deterministic,,,,,budget-constrained prioritization of road infrastructure projects,
212,Depot location in degradable transport networks,2014,TRANSPORTATION RESEARCH PART B-METHODOLOGICAL,WOS:000339144700010,10.1016/j.trb.2013.11.003,survivor,False,False,post-disaster-relief-logistics/distribution,general-transportation-network,,,removed_filterA,False,False,,,game-theory/equilibrium; heuristic/metaheuristic/GA,a-priori/static-schedule,not-applicable,robust/distributionally-robust,,,,,decision-making on a degraded post-disaster transport network,
213,Seismic reliability of reinforced concrete bridges subject to environmental deterioration and strengthened with FRCM composites,2020,SOIL DYNAMICS AND EARTHQUAKE ENGINEERING,WOS:000551483900028,10.1016/j.soildyn.2020.106224,excl_only_predisaster,True,False,vulnerability/risk/fragility-assessment,bridge/bridge-network,,,excl_only_predisaster,False,False,,,simulation-optimization,not-applicable,not-applicable,stochastic/scenario-based,,,,,none,
214,Collapse Vulnerability and Fragility Analysis of Substandard RC Bridges Rehabilitated with Different Repair Jackets Under Post-mainshock Cascading Events,2015,INTERNATIONAL JOURNAL OF CONCRETE STRUCTURES AND MATERIALS,WOS:000361831800007,10.1007/s40069-015-0107-6,survivor,False,False,vulnerability/risk/fragility-assessment,bridge/bridge-network,,,removed_filterA,False,False,,,simulation-optimization,not-applicable,not-applicable,stochastic/scenario-based,,,,,none,
215,Probabilistic Seismic Resilience Assessment of Scoured Pile-Group-Supported Highway Bridges Considering Recovery Process and Damage Correlation of Multiple Vulnerable Components,2026,EARTHQUAKE ENGINEERING \& STRUCTURAL DYNAMICS,WOS:001764213600001,10.1002/eqe.70207,survivor,False,False,resilience-quantification/assessment,bridge/bridge-network,,,removed_filterA,False,False,,,simulation-optimization,not-applicable,not-applicable,stochastic/scenario-based,,,,,recovery-process consideration in bridge functionality/downtime,
216,Rehabilitation of Urban Drainage Systems Using a Resilience-Based Approach,2018,WATER RESOURCES MANAGEMENT,WOS:000419916300020,10.1007/s11269-017-1835-y,excl_only_predisaster,True,True,network-design/retrofit/protection,lifeline-only-power-water-gas-telecom,,,excl_only_predisaster,False,False,,,heuristic/metaheuristic/GA; simulation-optimization,a-priori/static-schedule,not-applicable,deterministic,,,,,none,
217,Risk-based dynamic inoperability input-output and non-linear optimisation models to analyse resilience in the construction industry,2024,ECONOMIC SYSTEMS RESEARCH,WOS:001233754800001,10.1080/09535314.2024.2355919,survivor,False,False,resilience-quantification/assessment,supply-chain/facility,,,removed_filterA+B,False,False,,,other,not-applicable,not-applicable,fuzzy/other,,,,,none,
219,From Diagnosis to Protection: A Data-Driven Framework for Assessing Flash Flood Vulnerability of Huizhou Covered Bridge Heritage,2026,INTERNATIONAL JOURNAL OF ARCHITECTURAL HERITAGE,WOS:001695902700001,10.1080/15583058.2026.2630270,excl_only_predisaster,True,False,vulnerability/risk/fragility-assessment,bridge/bridge-network,,,excl_only_predisaster,False,False,,,other-ML/supervised-learning,not-applicable,not-applicable,stochastic/scenario-based,,,,,none,
220,Cost-based optimum design of the earthquake-resistant system for continuous skew overpasses,2022,STRUCTURES,WOS:000970058900004,10.1016/j.istruc.2022.10.038,excl_only_predisaster,True,False,network-design/retrofit/protection,bridge/bridge-network,,,excl_only_predisaster,False,False,,,heuristic/metaheuristic/GA; simulation-optimization,not-applicable,not-applicable,stochastic/scenario-based,,,,,none,
221,Simplified Method for Evaluating the Impact of a Transportation Network on Posthurricane Access to Healthcare Facilities,2016,JOURNAL OF PERFORMANCE OF CONSTRUCTED FACILITIES,WOS:000370078300005,10.1061/(ASCE)CF.1943-5509.0000657,survivor,False,False,restoration-scheduling/sequencing,road/highway-network,,,kept,True,False,travel-time/accessibility,shortest-path/AON,simulation-optimization,a-priori/static-schedule,static-demand,deterministic,ok,11,0.8,False,repair-priority identification to minimize post-hurricane accessibility degradation over recovery,False
223,Integrating interdependency effects into coastal bridge resilience against hurricane-induced waves within a life-cycle context,2025,STRUCTURE AND INFRASTRUCTURE ENGINEERING,WOS:001574695700001,10.1080/15732479.2025.2557567,survivor,False,False,resilience-quantification/assessment,bridge/bridge-network,,,removed_filterA,False,False,,,simulation-optimization,not-applicable,not-applicable,stochastic/scenario-based,,,,,recovery-time and resource resilience indices for a bridge,
224,Seismic vulnerability-resilience assessment of rocking self-centering bridge system: An analysis framework based on multivariate Copula Function,2026,STRUCTURES,WOS:001651679800001,10.1016/j.istruc.2025.110992,survivor,False,False,resilience-quantification/assessment,bridge/bridge-network,,,removed_filterA,False,False,,,simulation-optimization,not-applicable,not-applicable,stochastic/scenario-based,,,,,recovery-function and repair-delay effects on resilience,
225,Nonlinear FE model updating and reconstruction of the response of an instrumented seismic isolated bridge to the 2010 Maule Chile earthquake,2017,EARTHQUAKE ENGINEERING \& STRUCTURAL DYNAMICS,WOS:000414361600004,10.1002/eqe.2925,survivor,False,False,other,bridge/bridge-network,,,removed_filterA,False,False,,,simulation-optimization,not-applicable,not-applicable,deterministic,,,,,none,
226,A systemic approach for assessing infrastructure component importance in hazard-prone communities,2024,INTERNATIONAL JOURNAL OF DISASTER RISK REDUCTION,WOS:001340098800001,10.1016/j.ijdrr.2024.104880,excl_only_predisaster,True,False,link-criticality/importance-ranking,bridge/bridge-network,,,excl_only_predisaster,False,False,,,simulation-optimization; other-ML/supervised-learning,a-priori/static-schedule,not-applicable,stochastic/scenario-based,,,,,transportation-network component criticality under a hazard scenario,
228,RESILIENCE-BASED MULTI-OBJECTIVE OPTIMIZATION FOR DETERMINING THE OPTIMAL SEQUENCE OF BRIDGE RETROFIT PROJECTS,2022,ROADS AND BRIDGES-DROGI I MOSTY,WOS:000909446600001,10.7409/rabdim.022.017,excl_only_predisaster,True,False,network-design/retrofit/protection,bridge/bridge-network,,,excl_only_predisaster,False,False,,,exact/MILP/math-programming; heuristic/metaheuristic/GA,a-priori/static-schedule,not-applicable,deterministic,,,,,optimal sequencing of bridge interventions with implementation-time objective,
229,Experimental and numerical studies on seismic performance of damaged RC bridge columns repaired using different jacketing materials,2026,SOIL DYNAMICS AND EARTHQUAKE ENGINEERING,WOS:001734414500001,10.1016/j.soildyn.2026.110279,survivor,False,False,network-design/retrofit/protection,bridge/bridge-network,,,removed_filterA,False,False,,,other,not-applicable,not-applicable,deterministic,,,,,none,
230,Resiliency-Driven Multi-Step Critical Load Restoration Strategy Integrating On-Call Electric Vehicle Fleet Management Services,2022,IEEE TRANSACTIONS ON SMART GRID,WOS:000814692300055,10.1109/TSG.2022.3155438,excl_only_lifeline,False,True,restoration-scheduling/sequencing,lifeline-only-power-water-gas-telecom,,,excl_only_lifeline,False,False,,,exact/MILP/math-programming; other-ML/supervised-learning,a-priori/static-schedule,not-applicable,stochastic/scenario-based,,,,,none,
231,Risk and resilience assessment of bridges under mainshock and aftershocks incorporating uncertainties,2015,ENGINEERING STRUCTURES,WOS:000347363000017,10.1016/j.engstruct.2014.10.050,survivor,False,False,resilience-quantification/assessment,bridge/bridge-network,,,removed_filterA,False,False,,,simulation-optimization,not-applicable,not-applicable,stochastic/scenario-based,,,,,recovery functions integrated into bridge functionality/resilience,
232,Multi-objective optimisation of bridge retrofit and post-event repair selection to enhance sustainability,2016,STRUCTURE AND INFRASTRUCTURE ENGINEERING,WOS:000363753400006,10.1080/15732479.2014.995676,survivor,False,False,network-design/retrofit/protection,bridge/bridge-network,,,removed_filterA,False,False,,,heuristic/metaheuristic/GA,a-priori/static-schedule,not-applicable,deterministic,,,,,multi-objective optimization of repair selection under natural hazards,
233,Cloud-based risk and economic assessment system for landslide damage of mountain roads,2026,LANDSLIDES,WOS:001761243800001,10.1007/s10346-026-02759-0,survivor,False,False,vulnerability/risk/fragility-assessment,road/highway-network,,,removed_filterA,False,False,,,other,a-priori/static-schedule,not-applicable,deterministic,,,,,prioritizing road repair based on closure economic impact,
234,A comprehensive review of resilience of urban metro systems: A perspective from earthquake engineering,2024,TUNNELLING AND UNDERGROUND SPACE TECHNOLOGY,WOS:001261301700001,10.1016/j.tust.2024.105920,survivor,False,False,resilience-quantification/assessment,railway/transit,,,removed_filterA,False,True,,,other,not-applicable,not-applicable,deterministic,,,,,post-earthquake recovery scheduling decisions for a transport system (discussed conceptually),
236,An ant colony system-based hybrid algorithm for an emergency roadway repair time-space network flow problem,2012,TRANSPORTMETRICA,WOS:000308113900003,10.1080/18128602.2010.515550,survivor,False,False,restoration-scheduling/sequencing,road/highway-network,,,kept,True,False,recovery-time/makespan,none/not-modeled,heuristic/metaheuristic/GA; exact/MILP/math-programming,a-priori/static-schedule,not-applicable,deterministic,ok,44,2.8,False,post-disaster roadway repair scheduling on a road network via time-space flow,False
237,Life-cycle cost assessment of conventional and hybrid sliding-rocking bridges in seismic areas,2021,STRUCTURE AND INFRASTRUCTURE ENGINEERING,WOS:000545521500001,10.1080/15732479.2020.1766514,survivor,False,False,network-design/retrofit/protection,bridge/bridge-network,,,removed_filterA,False,False,,,other,not-applicable,not-applicable,deterministic,,,,,none,
238,Tubal-Sampling: Bridging Tensor and Matrix Completion in 3-D Seismic Data Reconstruction,2021,IEEE TRANSACTIONS ON GEOSCIENCE AND REMOTE SENSING,WOS:000603079000062,10.1109/TGRS.2020.2995573,survivor,False,False,other,other,,,removed_filterA+B,False,False,,,other,not-applicable,not-applicable,deterministic,,,,,none,
239,Effect of seismic degradation on the fragility of reinforced concrete bridges,2014,ENGINEERING STRUCTURES,WOS:000345111100023,10.1016/j.engstruct.2014.08.019,survivor,False,False,vulnerability/risk/fragility-assessment,bridge/bridge-network,,,removed_filterA,False,False,,,simulation-optimization,not-applicable,not-applicable,stochastic/scenario-based,,,,,none,
240,Post-repair effect of column jackets on aftershock fragilities of damaged RC bridges subjected to successive earthquakes,2016,EARTHQUAKE ENGINEERING \& STRUCTURAL DYNAMICS,WOS:000375913500006,10.1002/eqe.2700,survivor,False,False,vulnerability/risk/fragility-assessment,bridge/bridge-network,,,removed_filterA,False,False,,,simulation-optimization,not-applicable,not-applicable,stochastic/scenario-based,,,,,none,
241,Case studies of multihazard damage: Investigation of the interaction of Hurricane Maria and the January 2020 earthquake sequence in Puerto Rico,2023,FRONTIERS IN BUILT ENVIRONMENT,WOS:000940484700001,10.3389/fbuil.2023.1128573,survivor,False,False,empirical-recovery-analysis/prediction,interdependent-infrastructure-incl-transport,uncertain,drop,removed_filterA,False,False,,,other,not-applicable,not-applicable,deterministic,,,,,none,
242,Improved Component-Level Deterioration Modeling and Capacity Estimation for Seismic Fragility Assessment of Highway Bridges,2021,ASCE-ASME JOURNAL OF RISK AND UNCERTAINTY IN ENGINEERING SYSTEMS PART A-CIVIL ENGINEERING,WOS:000708124200023,10.1061/AJRUA6.0001154,survivor,False,False,vulnerability/risk/fragility-assessment,bridge/bridge-network,,,removed_filterA,False,False,,,other-ML/supervised-learning; simulation-optimization,not-applicable,not-applicable,stochastic/scenario-based,,,,,none,
243,"Winter monitoring of damaged bridges: learning from the December 2015 floods in Cumbria, UK",2019,PROCEEDINGS OF THE INSTITUTION OF CIVIL ENGINEERS-ENGINEERING SUSTAINABILITY,WOS:000475705700005,10.1680/jensu.17.00021,survivor,False,False,empirical-recovery-analysis/prediction,bridge/bridge-network,,,removed_filterA,False,False,,,other,not-applicable,not-applicable,deterministic,,,,,post-flood prioritization of bridge inspection and urgent repair,
244,Proposal of an Integrated Index for Prioritization of Bridge Maintenance,2010,JOURNAL OF BRIDGE ENGINEERING,WOS:000276693300012,10.1061/(ASCE)BE.1943-5592.0000068,excl_only_predisaster,True,False,link-criticality/importance-ranking,bridge/bridge-network,,,excl_only_predisaster,False,False,,,other,a-priori/static-schedule,not-applicable,deterministic,,,,,strategic-importance-based prioritization of bridge repair,
245,Optimized Preventive Maintenance Strategies for Corroded Bridge Columns in Earthquake-Prone Regions,2022,PRACTICE PERIODICAL ON STRUCTURAL DESIGN AND CONSTRUCTION,WOS:000811216300016,10.1061/(ASCE)SC.1943-5576.0000709,excl_only_predisaster,True,False,pre-disaster-mitigation/preparedness/planning,bridge/bridge-network,,,excl_only_predisaster,False,False,,,heuristic/metaheuristic/GA,a-priori/static-schedule,not-applicable,deterministic,,,,,multi-objective optimization of maintenance action sequence and timing,
246,Surrogate-based fragility analysis and probabilistic optimisation of cable-stayed bridges subject to seismic loads,2022,ENGINEERING STRUCTURES,WOS:000776087400001,10.1016/j.engstruct.2022.113949,survivor,False,False,network-design/retrofit/protection,bridge/bridge-network,,,removed_filterA,False,False,,,other-ML/supervised-learning; exact/MILP/math-programming,not-applicable,not-applicable,stochastic/scenario-based,,,,,none,
247,"Optimum Seismic Retrofit of Deteriorating RC Bridge Columns Based on Risk, Cost-Benefit, and Real Option Analyses",2024,ASCE-ASME JOURNAL OF RISK AND UNCERTAINTY IN ENGINEERING SYSTEMS PART A-CIVIL ENGINEERING,WOS:001272319500015,10.1061/AJRUA6.RUENG-1290,excl_only_predisaster,True,False,network-design/retrofit/protection,bridge/bridge-network,,,excl_only_predisaster,False,False,,,other-ML/supervised-learning,a-priori/static-schedule,not-applicable,stochastic/scenario-based,,,,,optimizing timing of a bridge intervention under stochastic hazard,
248,Seismic response characteristics and buckling-restrained brace-based optimization design for irregular slab-column bridge structures,2026,BULLETIN OF EARTHQUAKE ENGINEERING,WOS:001630559600001,10.1007/s10518-025-02322-7,survivor,False,False,network-design/retrofit/protection,bridge/bridge-network,,,removed_filterA,False,False,,,other,not-applicable,not-applicable,deterministic,,,,,none,
249,Potential of Mobile Energy Hubs for Enhancing Resilience of Electricity Distribution Systems,2022,ELECTRIC POWER SYSTEMS RESEARCH,WOS:000863067700005,10.1016/j.epsr.2022.108749,survivor,False,False,restoration-scheduling/sequencing,interdependent-infrastructure-incl-transport,power-electricity-system,drop,removed_filterB_refined,False,False,,,exact/MILP/math-programming,a-priori/static-schedule,not-applicable,deterministic,,,,,shortest-path over flood-damaged transportation as a constraint (power restoration),
250,Design and Optimization of Seismic Isolation and Damping Devices for Highway Bridges Based on Probabilistic Repair Cost Ratio,2018,JOURNAL OF STRUCTURAL ENGINEERING,WOS:000450963000009,10.1061/(ASCE)ST.1943-541X.0002139,survivor,False,False,network-design/retrofit/protection,bridge/bridge-network,,,removed_filterA,False,False,,,simulation-optimization,not-applicable,not-applicable,stochastic/scenario-based,,,,,none,
251,Toward Effective Response to Natural Disasters: A Data Science Approach,2021,IEEE ACCESS,WOS:000735498200001,10.1109/ACCESS.2021.3135054,survivor,False,False,post-disaster-relief-logistics/distribution,building/urban-area/community,,,removed_filterA+B,False,False,,,reinforcement-learning/DRL; other,sequential/adaptive/rolling-policy,not-applicable,deterministic,,,,,Deep RL (DDQN) driving post-disaster reconstruction sequencing,
252,Investigation of different resilience-based optimisation strategies for retrofitting curved bridges,2024,STRUCTURE AND INFRASTRUCTURE ENGINEERING,WOS:000926328600001,10.1080/15732479.2023.2165690,survivor,False,False,network-design/retrofit/protection,bridge/bridge-network,,,removed_filterA,False,False,,,heuristic/metaheuristic/GA,not-applicable,not-applicable,deterministic,,,,,Bridge/transport-network resilience with recovery-time objective,
254,Rapid evaluation of seismic damage of regional railway lines based on GNN and genetic algorithm,2025,STRUCTURES,WOS:001530676500001,10.1016/j.istruc.2025.109548,survivor,False,False,vulnerability/risk/fragility-assessment,railway/transit,,,removed_filterA,False,False,,,graph-neural-network/GNN; heuristic/metaheuristic/GA,not-applicable,not-applicable,stochastic/scenario-based,,,,,GNN applied to seismic damage of a rail transport network,
255,Barrier-based Longitudinal Connectivity Index for Managing Urban Rivers,2018,WATER,WOS:000451736300208,10.3390/w10111701,survivor,False,False,other,other,,,removed_filterA+B,False,False,,,other,not-applicable,not-applicable,deterministic,,,,,none,
257,Microemulsion flooding based on surfactant system: Recent advances and current challenges in enhanced oil recovery,2026,ADVANCES IN COLLOID AND INTERFACE SCIENCE,WOS:001791848400001,10.1016/j.cis.2026.103950,survivor,False,False,other,other,,,removed_filterA+B,False,False,,,other,not-applicable,not-applicable,deterministic,,,,,none,
258,Functionality-fragility surfaces,2017,EARTHQUAKE ENGINEERING \& STRUCTURAL DYNAMICS,WOS:000405603800007,10.1002/eqe.2878,survivor,False,False,resilience-quantification/assessment,bridge/bridge-network,,,removed_filterA,False,False,,,simulation-optimization; other,not-applicable,not-applicable,stochastic/scenario-based,,,,,Models restoration-scheduling uncertainty in bridge functionality recovery,
259,Assessment of extreme weather events on transport networks: case study of the 2007 wildfires in Peloponnesus,2014,NATURAL HAZARDS,WOS:000334172500006,10.1007/s11069-013-0896-3,survivor,False,False,resilience-quantification/assessment,general-transportation-network,,,removed_filterA,False,False,,,other,not-applicable,not-applicable,deterministic,,,,,Transport-network performance/criticality after a disaster,
260,Record flood-producing rainstorms of 17-18 July 1996 in the Chicago metropolitan area. Part III: Impacts and responses to the flash flooding,1999,JOURNAL OF APPLIED METEOROLOGY,WOS:000079319100003,10.1175/1520-0450(1999)038<0273:RFPROJ>2.0.CO;2,survivor,False,False,empirical-recovery-analysis/prediction,building/urban-area/community,,,removed_filterA+B,False,False,,,other,not-applicable,not-applicable,deterministic,,,,,none,
261,Strength optimization of transverse retrofitting device for seismic isolated bridge based on seismic repair cost ratio,2024,ENGINEERING STRUCTURES,WOS:001283427800001,10.1016/j.engstruct.2024.118645,survivor,False,False,network-design/retrofit/protection,bridge/bridge-network,,,removed_filterA,False,False,,,other,not-applicable,not-applicable,stochastic/scenario-based,,,,,none,
262,Seismic Retrofitting of Dual Structural Systems-A Case Study of an Educational Building in Croatia,2023,BUILDINGS,WOS:000938447500001,10.3390/buildings13020292,survivor,False,False,network-design/retrofit/protection,building/urban-area/community,,,removed_filterA+B,False,False,,,other,not-applicable,not-applicable,deterministic,,,,,none,
263,Condition index of reinforced concrete bridges in Karachi by using rapid visual screening and fragility functions,2026,PROCEEDINGS OF THE INSTITUTION OF CIVIL ENGINEERS-BRIDGE ENGINEERING,WOS:001657455200001,10.1680/jbren.24.01000,survivor,False,False,vulnerability/risk/fragility-assessment,bridge/bridge-network,,,removed_filterA,False,False,,,other,not-applicable,not-applicable,deterministic,,,,,Prioritizing bridge repair on transportation thoroughfares,
264,GNN-based spatiotemporal resilience prediction for Maritime Silk Road transportation network,2026,TRANSPORTATION RESEARCH PART D-TRANSPORT AND ENVIRONMENT,WOS:001737884100001,10.1016/j.trd.2026.105347,survivor,False,False,resilience-quantification/assessment,port/airport/maritime/waterway,,,removed_filterA+B,False,False,,,graph-neural-network/GNN,not-applicable,dynamic/time-varying-demand,stochastic/scenario-based,,,,,GNN predicting recovery/resilience dynamics of a transport network,
265,Life-cycle seismic damage identification and components damage sequences prediction for cable-stayed bridge based on fragility analyses,2021,BULLETIN OF EARTHQUAKE ENGINEERING,WOS:000663266300001,10.1007/s10518-021-01126-9,survivor,False,False,vulnerability/risk/fragility-assessment,bridge/bridge-network,,,removed_filterA,False,False,,,other,not-applicable,not-applicable,stochastic/scenario-based,,,,,Bridge component repair-order/damage-sequence prediction,
266,Multi-objective seismic design optimization of self-centering bridges with novel mechanical hinges,2025,ENGINEERING STRUCTURES,WOS:001583392800002,10.1016/j.engstruct.2025.121061,survivor,False,False,network-design/retrofit/protection,bridge/bridge-network,,,removed_filterA,False,False,,,other-ML/supervised-learning; heuristic/metaheuristic/GA,not-applicable,not-applicable,deterministic,,,,,none,
267,Information-dependent seismic reliability assessment of bridge networks based on a correlation model,2018,ENGINEERING STRUCTURES,WOS:000451497900026,10.1016/j.engstruct.2018.08.094,excl_only_predisaster,True,False,vulnerability/risk/fragility-assessment,bridge/bridge-network,,,excl_only_predisaster,False,False,,,other,not-applicable,not-applicable,stochastic/scenario-based,,,,,Component importance ranking in a highway bridge network,
268,Predicting Concrete Bridge Deck Deterioration: A Hyperparameter Optimization Approach,2024,JOURNAL OF PERFORMANCE OF CONSTRUCTED FACILITIES,WOS:001202622500001,10.1061/JPCFEV.CFENG-4714,excl_only_predisaster,True,False,empirical-recovery-analysis/prediction,bridge/bridge-network,,,excl_only_predisaster,False,False,,,other-ML/supervised-learning,not-applicable,not-applicable,deterministic,,,,,none,
269,Evaluating the impact of coordinated multiple mobile emergency resources on distribution system resilience improvement,2024,SUSTAINABLE ENERGY GRIDS \& NETWORKS,WOS:001147306500001,10.1016/j.segan.2023.101252,survivor,False,False,restoration-scheduling/sequencing,interdependent-infrastructure-incl-transport,power-electricity-system,drop,removed_filterB_refined,False,False,,,exact/MILP/math-programming,a-priori/static-schedule,not-applicable,deterministic,,,,,Transportation network used only as a routing substrate for power restoration,
270,Leveraging Electric Vehicles to Enhance Resilience of Interconnected Power-Transportation System Under Natural Hazards,2025,IEEE TRANSACTIONS ON TRANSPORTATION ELECTRIFICATION,WOS:001416200800034,10.1109/TTE.2024.3400289,survivor,False,False,restoration-scheduling/sequencing,interdependent-infrastructure-incl-transport,power-electricity-system,drop,removed_filterB_refined,False,False,,,exact/MILP/math-programming; simulation-optimization,sequential/adaptive/rolling-policy,not-applicable,stochastic/scenario-based,,,,,Scenario-based two-stage restoration on the Sioux Falls network (power side),
271,Snow removal resource location and allocation optimization for urban road network recovery: a resilience perspective,2019,JOURNAL OF AMBIENT INTELLIGENCE AND HUMANIZED COMPUTING,WOS:000456951400031,10.1007/s12652-018-0717-3,survivor,False,False,crew/resource-routing-dispatch,road/highway-network,,,kept,True,False,resilience-area/functionality,network-flow/capacity,heuristic/metaheuristic/GA; exact/MILP/math-programming,a-priori/static-schedule,static-demand,stochastic/scenario-based,ok,24,2.7,False,Urban road-network recovery from a natural weather event,False
273,Seismic resilience assessment method for railway simply supported bridges based on girder-track model,2025,ENGINEERING STRUCTURES,WOS:001548935000001,10.1016/j.engstruct.2025.120970,survivor,False,False,resilience-quantification/assessment,railway/transit,,,removed_filterA,False,False,,,other,not-applicable,not-applicable,deterministic,,,,,Recovery curves that depend on component repair order and traffic functionality,
274,"Social capital and community disaster resilience: post-earthquake tourism recovery on Gili Trawangan, Indonesia",2021,SUSTAINABILITY SCIENCE,WOS:000565815000001,10.1007/s11625-020-00854-2,survivor,False,False,empirical-recovery-analysis/prediction,building/urban-area/community,,,removed_filterA+B,False,False,,,other,not-applicable,not-applicable,deterministic,,,,,none,
275,Bridge Maintenance Scheduling in Consideration of Resilience Against Natural Disasters,2020,FRONTIERS IN BUILT ENVIRONMENT,WOS:000592438300001,10.3389/fbuil.2020.574467,survivor,False,False,network-design/retrofit/protection,bridge/bridge-network,,,removed_filterA,False,False,,,heuristic/metaheuristic/GA; simulation-optimization,a-priori/static-schedule,not-applicable,stochastic/scenario-based,,,,,Scheduling bridge repair work under uncertainty with a road-network user-cost term,
276,Probabilistic framework for seismic resilience assessment of transmission tower-line systems subjected to mainshock-aftershock sequences,2024,RELIABILITY ENGINEERING \& SYSTEM SAFETY,WOS:001102653300001,10.1016/j.ress.2023.109755,excl_only_lifeline,False,True,resilience-quantification/assessment,lifeline-only-power-water-gas-telecom,,,excl_only_lifeline,False,False,,,other,not-applicable,not-applicable,stochastic/scenario-based,,,,,none,
277,A probabilistic strategy for seismic assessment and FRP retrofitting of existing bridges,2015,BULLETIN OF EARTHQUAKE ENGINEERING,WOS:000357653600010,10.1007/s10518-015-9725-2,survivor,False,False,vulnerability/risk/fragility-assessment,bridge/bridge-network,,,removed_filterA,False,False,,,other,not-applicable,not-applicable,stochastic/scenario-based,,,,,post-earthquake bridge intervention prioritization on road networks,
279,Research on a Preliminary Assessment Model of Seismic Disaster Risks for Bridges,2026,NATURAL HAZARDS REVIEW,WOS:001715142800001,10.1061/NHREFO.NHENG-2567,survivor,False,False,vulnerability/risk/fragility-assessment,bridge/bridge-network,,,removed_filterA,False,False,,,other-ML/supervised-learning,not-applicable,not-applicable,fuzzy/other,,,,,bridge seismic risk ranking for post-earthquake emergency response,
280,"Performance-based probabilistic framework for seismic risk, resilience, and sustainability assessment of reinforced concrete structures",2020,ADVANCES IN STRUCTURAL ENGINEERING,WOS:000507204400001,10.1177/1369433219895363,survivor,False,False,resilience-quantification/assessment,building/urban-area/community,,,removed_filterA+B,False,False,,,simulation-optimization,not-applicable,not-applicable,stochastic/scenario-based,,,,,none,
281,Effect of cumulative seismic damage and corrosion on the life-cycle cost of reinforced concrete bridges,2009,EARTHQUAKE ENGINEERING \& STRUCTURAL DYNAMICS,WOS:000265997400003,10.1002/eqe.873,excl_only_predisaster,True,False,vulnerability/risk/fragility-assessment,bridge/bridge-network,,,excl_only_predisaster,False,False,,,simulation-optimization,not-applicable,not-applicable,stochastic/scenario-based,,,,,none,
282,St. Mary Magdelene's Flood (1342) at the Intersection of Environmental History and the History of Infrastructures A Compound Event as a Catalyst of Medieval Infrastructure Development and Public Welfare,2019,NTM,WOS:000483784400003,10.1007/s00048-019-00221-y,survivor,False,False,other,other,,,removed_filterA+B,False,False,,,other,not-applicable,not-applicable,deterministic,,,,,none,
283,Probability-based damage assessment for reinforced concrete bridge columns considering the corrosive and seismic hazards in Taiwan,2014,NATURAL HAZARDS,WOS:000332025200047,10.1007/s11069-013-1002-6,excl_only_predisaster,True,False,vulnerability/risk/fragility-assessment,bridge/bridge-network,,,excl_only_predisaster,False,False,,,simulation-optimization,not-applicable,not-applicable,stochastic/scenario-based,,,,,none,
285,Optimal design of cable-stayed bridge and its approach spans under spatially varying ground motions,2023,ENGINEERING STRUCTURES,WOS:000985238100001,10.1016/j.engstruct.2023.116092,excl_only_predisaster,True,False,network-design/retrofit/protection,bridge/bridge-network,,,excl_only_predisaster,False,False,,,simulation-optimization,not-applicable,not-applicable,stochastic/scenario-based,,,,,none,
286,Research on resilience synergy enhancement strategies for port microgrids and ship energy systems in the context of extreme weather,2026,RENEWABLE ENERGY,WOS:001644980000001,10.1016/j.renene.2025.125035,survivor,False,False,resilience-quantification/assessment,port/airport/maritime/waterway,,,removed_filterA+B,False,False,,,game-theory/equilibrium; other,sequential/adaptive/rolling-policy,not-applicable,stochastic/scenario-based,,,,,none,
287,"FiCat-EQ: An integrated system-based tool for assessing financial vulnerability and economic impact of seismic risk, case study: Housing sector of Iran",2025,INTERNATIONAL JOURNAL OF DISASTER RISK REDUCTION,WOS:001474893400001,10.1016/j.ijdrr.2025.105474,survivor,False,False,vulnerability/risk/fragility-assessment,building/urban-area/community,,,removed_filterA+B,False,False,,,simulation-optimization,not-applicable,not-applicable,stochastic/scenario-based,,,,,none,
288,Life-cycle sustainability and resilience assessment of SMA washer-based rocking bridge considering stochastic system vulnerability aggregation and nonstationary recurrent earthquakes,2026,STRUCTURES,WOS:001794009200001,10.1016/j.istruc.2026.112287,survivor,False,False,resilience-quantification/assessment,bridge/bridge-network,,,removed_filterA,False,False,,,simulation-optimization,not-applicable,not-applicable,stochastic/scenario-based,,,,,none,
289,Optimization of Mechanical Performance of Seismic Isolation Bearings for Continuous Beam Bridges,2024,JOURNAL OF VIBRATION ENGINEERING \& TECHNOLOGIES,WOS:001040825000003,10.1007/s42417-023-01076-3,excl_only_predisaster,True,False,network-design/retrofit/protection,bridge/bridge-network,,,excl_only_predisaster,False,False,,,heuristic/metaheuristic/GA,not-applicable,not-applicable,stochastic/scenario-based,,,,,none,
291,Component Damage and Failure Sequence of Track-bridge System for High-speed Railway under Seismic Action,2023,JOURNAL OF EARTHQUAKE ENGINEERING,WOS:000750786400001,10.1080/13632469.2022.2030433,survivor,False,False,vulnerability/risk/fragility-assessment,railway/transit,,,removed_filterA,False,False,,,simulation-optimization,not-applicable,not-applicable,deterministic,,,,,none,
292,Resilience Assessment of Road Networks in the Extremely Severe Disaster Areas of the Wenchuan Earthquake,2022,FRONTIERS IN EARTH SCIENCE,WOS:000806023900001,10.3389/feart.2022.834302,survivor,False,False,resilience-quantification/assessment,road/highway-network,,,removed_filterA,False,False,,,other,not-applicable,not-applicable,deterministic,,,,,road-network recovery/resilience curve tracking repair over time,
293,A multi-criteria framework for urban-scale seismic risk assessment and prioritisation of network bridges for maintenance interventions,2025,STRUCTURE AND INFRASTRUCTURE ENGINEERING,WOS:001635546100001,10.1080/15732479.2025.2599510,excl_only_predisaster,True,False,link-criticality/importance-ranking,bridge/bridge-network,,,excl_only_predisaster,False,False,,,other,not-applicable,not-applicable,stochastic/scenario-based,,,,,travel-time network disruption from damaged bridges used to prioritize interventions,
294,Climate change-derived environmental and physical factors influencing the socioeconomic development in the Himalayan region,2024,ENVIRONMENTAL RESEARCH,WOS:001167997700001,10.1016/j.envres.2023.117552,survivor,False,False,hazard/damage-modeling,other,,,removed_filterA+B,False,False,,,other,not-applicable,not-applicable,deterministic,,,,,none,
295,Probabilistic Performance-Based Procedure to Evaluate Pile Foundations at Sites with Liquefaction-Induced Lateral Displacement,2010,JOURNAL OF GEOTECHNICAL AND GEOENVIRONMENTAL ENGINEERING,WOS:000274522400007,10.1061/(ASCE)GT.1943-5606.0000226,excl_only_predisaster,True,False,vulnerability/risk/fragility-assessment,bridge/bridge-network,,,excl_only_predisaster,False,False,,,simulation-optimization,not-applicable,not-applicable,stochastic/scenario-based,,,,,none,
296,Beyond fragility: physics-driven neural surrogates for seismic resilience prediction of bridges,2026,FRONTIERS IN BUILT ENVIRONMENT,WOS:001737901200001,10.3389/fbuil.2026.1756908,survivor,False,False,resilience-quantification/assessment,bridge/bridge-network,,,removed_filterA,False,False,,,other-ML/supervised-learning,not-applicable,not-applicable,stochastic/scenario-based,,,,,neural-network surrogate trained on physics simulations for infrastructure resilience,
297,Enhancing Urban Surface Runoff Conveying System Dimensions through Optimization Using the Non-Dominated Sorting Differential Evolution (NSDE) Metaheuristic Algorithm,2023,WATER,WOS:001056353500001,10.3390/w15162927,excl_only_predisaster,True,True,network-design/retrofit/protection,lifeline-only-power-water-gas-telecom,,,excl_only_predisaster,False,False,,,heuristic/metaheuristic/GA; simulation-optimization,not-applicable,not-applicable,deterministic,,,,,none,
299,Recovery efficiency of tight oil reservoirs with different injection fluids: An experimental investigation of oil-water distribution feature,2020,JOURNAL OF PETROLEUM SCIENCE AND ENGINEERING,WOS:000586002900093,10.1016/j.petrol.2020.107678,survivor,False,False,other,other,,,removed_filterA+B,False,False,,,other,not-applicable,not-applicable,deterministic,,,,,none,
301,Machine Learning-Based Seismic Reliability Assessment of Bridge Networks,2022,JOURNAL OF STRUCTURAL ENGINEERING,WOS:000796078100005,10.1061/(ASCE)ST.1943-541X.0003376,survivor,False,False,vulnerability/risk/fragility-assessment,bridge/bridge-network,,,removed_filterA,False,False,,,other-ML/supervised-learning,not-applicable,not-applicable,stochastic/scenario-based,,,,,transportation/bridge network under disaster with ML-based analysis,
302,Uncertainty quantification of CO2 flooding in low-permeability oil reservoirs based on interpretable machine learning,2026,PETROLEUM SCIENCE AND TECHNOLOGY,WOS:001520007700001,10.1080/10916466.2025.2522742,survivor,False,False,other,other,,,removed_filterA+B,False,False,,,other-ML/supervised-learning,not-applicable,not-applicable,stochastic/scenario-based,,,,,none,
303,Seismic resilience-based assessment and design of concrete bridge piers reinforced with shape memory alloy bars,2025,ENGINEERING STRUCTURES,WOS:001582097500001,10.1016/j.engstruct.2025.121420,survivor,False,False,network-design/retrofit/protection,bridge/bridge-network,,,removed_filterA,False,False,,,other,not-applicable,not-applicable,stochastic/scenario-based,,,,,none,
304,Effect of Common Cause Failures on Indirect Costs,2004,JOURNAL OF BRIDGE ENGINEERING,WOS:000208059300011,10.1061/(ASCE)1084-0702(2004)9:2(200),survivor,False,False,vulnerability/risk/fragility-assessment,bridge/bridge-network,,,removed_filterA,False,False,,,other,not-applicable,not-applicable,stochastic/scenario-based,,,,,network-level intervention sequence for disaster-failed bridges,
305,Study on post-seismic driving speed threshold of high-speed railway bridge,2025,SOIL DYNAMICS AND EARTHQUAKE ENGINEERING,WOS:001502102700002,10.1016/j.soildyn.2025.109500,survivor,False,False,empirical-recovery-analysis/prediction,railway/transit,,,removed_filterA,False,False,,,other,not-applicable,not-applicable,deterministic,,,,,none,
306,"From Hazard to Consequences: Evaluation of Direct and Indirect Impacts of Flooding Along the Emilia-Romagna Coastline, Italy",2019,FRONTIERS IN EARTH SCIENCE,WOS:000483373800001,10.3389/feart.2019.00203,survivor,False,False,vulnerability/risk/fragility-assessment,other,,,removed_filterA+B,False,False,,,simulation-optimization,not-applicable,not-applicable,stochastic/scenario-based,,,,,flood-induced transport network disruption (impact only),
307,Model-driven structural seismic response reconstruction and parameter identification based on machine learning,2026,ENGINEERING STRUCTURES,WOS:001764692700001,10.1016/j.engstruct.2026.122890,survivor,False,False,other,bridge/bridge-network,,,removed_filterA,False,False,,,other-ML/supervised-learning,not-applicable,not-applicable,deterministic,,,,,none,
308,Generalized-Norm-Based Robustness Evaluation Model of Bus Network under Snowy Weather,2024,SUSTAINABILITY,WOS:001255890400001,10.3390/su16125260,survivor,False,False,resilience-quantification/assessment,railway/transit,,,removed_filterA,False,False,,,other,not-applicable,static-demand,deterministic,,,,,transportation-network performance degradation under extreme weather,
310,"Identification of optimum afforestation areas considering sustainable management of natural resources, using geo-environmental criteria",2021,ECOLOGICAL ENGINEERING,WOS:000659060600004,10.1016/j.ecoleng.2021.106259,survivor,False,False,other,other,,,removed_filterA+B,False,False,,,other,not-applicable,not-applicable,fuzzy/other,,,,,none,
311,"Landscape reconstruction and major flood events of the River Main (Hesse, Germany) in the environs of the Roman fort at Groβkrotzenburg",2020,QUATERNARY INTERNATIONAL,WOS:000535803500002,10.1016/j.quaint.2018.08.009,survivor,False,False,hazard/damage-modeling,other,,,removed_filterA+B,False,False,,,other,not-applicable,not-applicable,deterministic,,,,,none,
312,An integrated decision-making approach to resilience-LCC Bridge network retrofitting using a genetic algorithm-based framework,2025,RESILIENT CITIES AND STRUCTURES,WOS:001532659100002,10.1016/j.rcns.2024.12.002,survivor,False,False,network-design/retrofit/protection,bridge/bridge-network,,,removed_filterA,False,False,,,heuristic/metaheuristic/GA,a-priori/static-schedule,not-applicable,stochastic/scenario-based,,,,,bridge-network resilience optimization with timing of interventions,
313,A Multi-objective Model for the Location of the Emergency Facilities and the Selection of the Rescue Path Based on the Restoration of the Damaged Edges,2022,STUDIES IN INFORMATICS AND CONTROL,WOS:000863974500001,10.24846/v31i3y202201,survivor,False,False,post-disaster-relief-logistics/distribution,road/highway-network,,,removed_filterA,False,False,,,exact/MILP/math-programming,a-priori/static-schedule,static-demand,deterministic,,,,,post-earthquake road-network restoration with a network travel-time objective,
314,"Research on Spatial Differentiation and Driving Mechanisms of Urban Typhoon Resilience: A Case Study of Zhuhai City, China",2026,SUSTAINABILITY,WOS:001790376600001,10.3390/su18115490,survivor,False,False,resilience-quantification/assessment,building/urban-area/community,,,removed_filterA+B,False,False,,,other-ML/supervised-learning,not-applicable,not-applicable,deterministic,,,,,urban recovery-time analysis after a hurricane/typhoon,
315,Seismic performance of post-mainshock FRP/steel repaired RC bridge columns subjected to aftershocks,2015,COMPOSITES PART B-ENGINEERING,WOS:000349729300020,10.1016/j.compositesb.2014.12.010,survivor,False,False,network-design/retrofit/protection,bridge/bridge-network,,,removed_filterA,False,False,,,other,not-applicable,not-applicable,deterministic,,,,,none,
316,Resilience quantification and recovery strategy simulation for urban underground logistics systems under node and link attacks: A case study of Nanjing city,2024,INTERNATIONAL JOURNAL OF CRITICAL INFRASTRUCTURE PROTECTION,WOS:001309025300001,10.1016/j.ijcip.2024.100704,survivor,False,False,restoration-scheduling/sequencing,other,,,removed_filterB,False,False,,,heuristic/metaheuristic/GA; simulation-optimization,a-priori/static-schedule,static-demand,deterministic,,,,,repair-priority recovery strategies evaluated by network flow/resilience,
317,"Richness and abundance of Aechmea and Hohenberqia (Bromeliaceae) in two contrasting landscapes in southern Bahia, Brazil",2015,TROPICAL CONSERVATION SCIENCE,WOS:000351545700006,10.1177/194008291500800106,survivor,False,False,other,other,,,removed_filterA+B,False,False,,,other,not-applicable,not-applicable,deterministic,,,,,none,
318,Predicting Seismic Debris Distributions of Collapsed Unreinforced Masonry Structures Through Physics Engines and Machine Learning Algorithms,2026,EARTHQUAKE SPECTRA,WOS:001693334300001,10.1002/esp4.70020,survivor,False,False,hazard/damage-modeling,building/urban-area/community,,,removed_filterA+B,False,False,,,other-ML/supervised-learning,not-applicable,not-applicable,stochastic/scenario-based,,,,,post-earthquake roadway-blockage assessment for clearance prioritization,
319,Seismic fragility assessment of aqueduct bent structures subjected to mainshock-aftershock sequences,2023,ENGINEERING STRUCTURES,WOS:001032305400001,10.1016/j.engstruct.2023.116505,excl_only_lifeline,False,True,vulnerability/risk/fragility-assessment,lifeline-only-power-water-gas-telecom,,,excl_only_lifeline,False,False,,,other,not-applicable,not-applicable,stochastic/scenario-based,,,,,none,
320,Needs for Portfolio Risk Assessment of Aging Dams in the United States,2023,JOURNAL OF WATER RESOURCES PLANNING AND MANAGEMENT,WOS:000914139800006,10.1061/JWRMD5.WRENG-5673,excl_only_predisaster,True,False,vulnerability/risk/fragility-assessment,other,,,excl_only_predisaster,False,False,,,other,not-applicable,not-applicable,stochastic/scenario-based,,,,,none,
321,Modeling Earthquake-Induced Landslide Risk for Mountain Railway Alignment Optimization,2024,ASCE-ASME JOURNAL OF RISK AND UNCERTAINTY IN ENGINEERING SYSTEMS PART A-CIVIL ENGINEERING,WOS:001202592400008,10.1061/AJRUA6.RUENG-1179,survivor,False,False,network-design/retrofit/protection,railway/transit,,,removed_filterA,False,False,,,heuristic/metaheuristic/GA,not-applicable,not-applicable,stochastic/scenario-based,,,,,railway/transport geohazard cost-risk optimization using restoration functions,
322,Methodologies for functional recovery assessment of hilly roads situated in the Indian Himalayan region,2025,JOURNAL OF INFRASTRUCTURE INTELLIGENCE AND RESILIENCE,WOS:001617897500001,10.1016/j.iintel.2025.100181,survivor,False,False,resilience-quantification/assessment,road/highway-network,,,removed_filterA,False,False,,,other,not-applicable,not-applicable,stochastic/scenario-based,,,,,critical road-segment identification and functional recovery estimation post-disaster,
323,Smoothly Clipped Absolute Deviation Low-Rank Informed Temporal Convolutional Generative Adversarial Imputation Network for Simultaneous Continuous Missing Data Imputation in Structural Dynamic Monitoring,2026,EARTHQUAKE ENGINEERING \& STRUCTURAL DYNAMICS,WOS:001743926900001,10.1002/eqe.70191,survivor,False,False,other,bridge/bridge-network,,,removed_filterA,False,False,,,other-ML/supervised-learning,not-applicable,not-applicable,deterministic,,,,,none,
324,A logical retrofit strategy optimization framework for resiliency bridge infrastructure management considering life-cycle cost,2024,SUSTAINABLE STRUCTURES,WOS:001522433300009,10.54113/j.sust.2024.000036,survivor,False,False,network-design/retrofit/protection,bridge/bridge-network,,,removed_filterA,False,False,,,heuristic/metaheuristic/GA,a-priori/static-schedule,not-applicable,stochastic/scenario-based,,,,,bridge resilience optimization with retrofit timing choices,
325,Landslide costs on the national road network of Laos,2021,QUARTERLY JOURNAL OF ENGINEERING GEOLOGY AND HYDROGEOLOGY,WOS:000669633600001,10.1144/qjegh2021-023,survivor,False,False,debris-clearance,road/highway-network,,,kept,True,False,economic-cost/loss,shortest-path/AON,other,a-priori/static-schedule,static-demand,deterministic,paywalled,6,1.0,False,road-blockage traffic-delay costs and stabilization prioritization,False
326,Health assessment and ambient vibration testing of the ``Ponte delle Torri{''} of Spoleto during the 2016-2017 Central Italy seismic sequence,2018,JOURNAL OF CIVIL STRUCTURAL HEALTH MONITORING,WOS:000429372500003,10.1007/s13349-018-0268-5,survivor,False,False,empirical-recovery-analysis/prediction,bridge/bridge-network,,,removed_filterA,False,False,,,other,not-applicable,not-applicable,deterministic,,,,,none,
327,Post-earthquake functionality assessment and resilience enhancement of interdependent electric power and mobile communication networks,2026,RELIABILITY ENGINEERING \& SYSTEM SAFETY,WOS:001786803700001,10.1016/j.ress.2026.112922,excl_only_lifeline,False,True,network-design/retrofit/protection,lifeline-only-power-water-gas-telecom,,,excl_only_lifeline,False,False,,,heuristic/metaheuristic/GA,a-priori/static-schedule,not-applicable,stochastic/scenario-based,,,,,none,
328,Risk-Based Optimal Design of Seismic Protective Devices for a Multicomponent Bridge System Using Parameterized Annual Repair Cost Ratio,2022,JOURNAL OF STRUCTURAL ENGINEERING,WOS:000769063200021,10.1061/(ASCE)ST.1943-541X.0003330,excl_only_predisaster,True,False,network-design/retrofit/protection,bridge/bridge-network,,,excl_only_predisaster,False,False,,,other-ML/supervised-learning,not-applicable,not-applicable,stochastic/scenario-based,,,,,none,
329,Risk-based cumulative damage assessment of multi-span continuous bridges under mainshock-aftershock sequences: A novel state-dependent fragility surface framework,2026,SOIL DYNAMICS AND EARTHQUAKE ENGINEERING,WOS:001709460100001,10.1016/j.soildyn.2026.110219,survivor,False,False,vulnerability/risk/fragility-assessment,bridge/bridge-network,,,removed_filterA,False,False,,,other,not-applicable,not-applicable,stochastic/scenario-based,,,,,none,
331,Critical success factors for post-disaster infrastructure recovery Learning from the Canterbury (NZ) earthquake recovery,2016,DISASTER PREVENTION AND MANAGEMENT,WOS:000386792000008,10.1108/DPM-01-2016-0006,survivor,False,False,empirical-recovery-analysis/prediction,interdependent-infrastructure-incl-transport,uncertain,drop,removed_filterA,False,False,,,other,not-applicable,not-applicable,deterministic,,,,,post-disaster infrastructure recovery context,
332,An explainable resilience-informed framework for surrogate modeling and multi-objective optimization of embankments under seismic loading,2026,COMPUTERS AND GEOTECHNICS,WOS:001662457400001,10.1016/j.compgeo.2025.107893,survivor,False,False,network-design/retrofit/protection,road/highway-network,,,removed_filterA,False,False,,,other-ML/supervised-learning; heuristic/metaheuristic/GA,not-applicable,not-applicable,stochastic/scenario-based,,,,,transportation-infrastructure seismic resilience with ML surrogate,
333,Resilience-based seismic design optimization of novel link beam in a double-column bridge bent using Gaussian process regression,2023,BULLETIN OF EARTHQUAKE ENGINEERING,WOS:001058234100001,10.1007/s10518-023-01762-3,survivor,False,False,network-design/retrofit/protection,bridge/bridge-network,,,removed_filterA,False,False,,,other-ML/supervised-learning; heuristic/metaheuristic/GA,not-applicable,not-applicable,deterministic,,,,,none,
334,Resilience assessment of highway roads affected by slope failures induced by mainshock-aftershock sequences: insights from vine copula fragility surfaces,2026,TRANSPORTATION GEOTECHNICS,WOS:001632286000001,10.1016/j.trgeo.2025.101824,survivor,False,False,resilience-quantification/assessment,road/highway-network,,,removed_filterA,False,False,,,other,not-applicable,not-applicable,stochastic/scenario-based,,,,,road resilience with restoration functions,
335,Seismic fragility and resilience assessment of bridge columns with dual-replaceable composite link beam under near-fault GMs,2023,STRUCTURES,WOS:000960644900002,10.1016/j.istruc.2022.10.131,survivor,False,False,vulnerability/risk/fragility-assessment,bridge/bridge-network,,,removed_filterA,False,False,,,other,not-applicable,not-applicable,stochastic/scenario-based,,,,,none,
336,Post-earthquake performance evaluation study of double-trough aqueduct structure,2025,STRUCTURES,WOS:001611965500001,10.1016/j.istruc.2025.110552,survivor,False,False,vulnerability/risk/fragility-assessment,other,,,removed_filterA+B,False,False,,,other,not-applicable,not-applicable,deterministic,,,,,none,
338,Life-cycle seismic resilience of deteriorating highway bridges under mainshock-aftershock sequences,2025,BULLETIN OF EARTHQUAKE ENGINEERING,WOS:001429020100001,10.1007/s10518-025-02122-z,survivor,False,False,resilience-quantification/assessment,bridge/bridge-network,,,removed_filterA,False,False,,,other,not-applicable,not-applicable,stochastic/scenario-based,,,,,none,
340,Optimal Design of Seismic Protective Devices for Highway Bridges Using Performance-Based Methodology and Multiobjective Genetic Optimization,2017,JOURNAL OF BRIDGE ENGINEERING,WOS:000395560200009,10.1061/(ASCE)BE.1943-5592.0001009,excl_only_predisaster,True,False,network-design/retrofit/protection,bridge/bridge-network,,,excl_only_predisaster,False,False,,,heuristic/metaheuristic/GA,not-applicable,not-applicable,stochastic/scenario-based,,,,,none,
343,A data-driven approach to the seismic repair cost ratio evaluation for the SMA-cable isolated bridge: Mathematical and machine learning models,2025,STRUCTURES,WOS:001428787800001,10.1016/j.istruc.2025.108453,excl_only_predisaster,True,False,vulnerability/risk/fragility-assessment,bridge/bridge-network,,,excl_only_predisaster,False,False,,,other-ML/supervised-learning,not-applicable,not-applicable,deterministic,,,,,none,
344,Network diffusion model reveals recovery multipliers and heterogeneous spatial effects in post-disaster community recovery,2023,SCIENTIFIC REPORTS,WOS:001102763800048,10.1038/s41598-023-46096-x,survivor,False,False,empirical-recovery-analysis/prediction,building/urban-area/community,,,removed_filterA+B,False,False,,,heuristic/metaheuristic/GA,not-applicable,dynamic/time-varying-demand,deterministic,,,,,hurricane post-disaster recovery dynamics over a spatial network,
345,A belief rule-base approach to the assessment and improvement of seismic resilience of high-speed railway station buildings,2023,SOIL DYNAMICS AND EARTHQUAKE ENGINEERING,WOS:000908341200004,10.1016/j.soildyn.2022.107680,survivor,False,False,restoration-scheduling/sequencing,railway/transit,,,kept,True,False,resilience-area/functionality,none/not-modeled,heuristic/metaheuristic/GA; other-ML/supervised-learning,a-priori/static-schedule,not-applicable,fuzzy/other,ok,15,3.0,False,repair-sequencing to maximize post-earthquake functional resilience,False
346,Efficiencies and mechanisms of the chemical cleaning of fouled polytetrafluoroethylene (PTFE) membranes during the microfiltration of alkali/surfactant/polymer flooding oilfield wastewater,2019,RSC ADVANCES,WOS:000498519000048,10.1039/c9ra06745k,survivor,False,False,other,other,,,removed_filterA+B,False,False,,,other,not-applicable,not-applicable,deterministic,,,,,none,
347,Optimizing Seismic Performance in High-Speed Railway Simply Supported Beam Bridges with Combined Risk Transfer-Control Devices,2025,JOURNAL OF EARTHQUAKE ENGINEERING,WOS:001451126100001,10.1080/13632469.2025.2483517,survivor,False,False,network-design/retrofit/protection,railway/transit,,,removed_filterA,False,False,,,other,not-applicable,not-applicable,deterministic,,,,,none,
349,Resilience assessment framework for critical infrastructure in a multi-hazard environment: Case study on transport assets,2020,SCIENCE OF THE TOTAL ENVIRONMENT,WOS:000517760200117,10.1016/j.scitotenv.2020.136854,survivor,False,False,resilience-quantification/assessment,bridge/bridge-network,,,removed_filterA,False,False,,,other,not-applicable,not-applicable,stochastic/scenario-based,,,,,resilience quantification incorporating restoration strategies for transport assets,
350,Resilience assessment of bridges considering multi-hazard of earthquakes and blasts,2025,FRONTIERS OF STRUCTURAL AND CIVIL ENGINEERING,WOS:001630913800004,10.1007/s11709-025-1230-3,survivor,False,False,resilience-quantification/assessment,bridge/bridge-network,,,removed_filterA,False,False,,,other,not-applicable,not-applicable,stochastic/scenario-based,,,,,none,
351,Co-Injection of Foam and Particles: An Approach for Bottom Water Control in Fractured-Vuggy Reservoirs,2024,PROCESSES,WOS:001192631000001,10.3390/pr12030447,survivor,False,False,other,other,,,removed_filterA+B,False,False,,,other,not-applicable,not-applicable,deterministic,,,,,none,
352,Seismic vulnerability and load carrying capacity studies of a steel bridge based on structural reliability,2008,REVISTA INGENIERIA DE CONSTRUCCION,WOS:000420964700001,10.4067/S0718-50732008000300001,survivor,False,False,vulnerability/risk/fragility-assessment,bridge/bridge-network,,,removed_filterA,False,False,,,other,not-applicable,not-applicable,stochastic/scenario-based,,,,,bridge rehabilitation prioritization,
353,Contributions for the evaluation of seismic vulnerability of typical bridges in Argentina in proximity of active faults,2019,HORMIGON Y ACERO,WOS:000484347100005,10.33586/hya.2019.003,excl_only_predisaster,True,False,vulnerability/risk/fragility-assessment,bridge/bridge-network,,,excl_only_predisaster,False,False,,,other,not-applicable,not-applicable,deterministic,,,,,bridge rehabilitation prioritization,
354,Integrated seismic risk and resilience assessment of roadway networks in earthquake prone areas,2019,BULLETIN OF EARTHQUAKE ENGINEERING,WOS:000454681700009,10.1007/s10518-018-0457-y,survivor,False,False,resilience-quantification/assessment,road/highway-network,,,removed_filterA,False,False,,,other,not-applicable,not-applicable,stochastic/scenario-based,,,,,road-network recovery with travel-delay loss over recovery period,
355,Toward efficient multi-objective seismic design optimization of self-centering bridges using machine learning,2026,ENGINEERING STRUCTURE AND CIVIL ENGINEERING,WOS:001736008800001,10.1007/s11709-026-1294-8,survivor,False,False,network-design/retrofit/protection,bridge/bridge-network,,,removed_filterA,False,False,,,other-ML/supervised-learning; heuristic/metaheuristic/GA,not-applicable,not-applicable,deterministic,,,,,none,
356,Database Enabled Rapid Seismic Vulnerability Assessment of Bridges,2021,TRANSPORTATION RESEARCH RECORD,WOS:000685290300001,10.1177/03611981211032223,excl_only_predisaster,True,False,vulnerability/risk/fragility-assessment,bridge/bridge-network,,,excl_only_predisaster,False,False,,,other,not-applicable,not-applicable,deterministic,,,,,bridge retrofit prioritization in a network,
357,Renewal theory-based life-cycle analysis of deteriorating engineering systems,2014,STRUCTURAL SAFETY,WOS:000340337600009,10.1016/j.strusafe.2014.03.012,survivor,False,False,vulnerability/risk/fragility-assessment,bridge/bridge-network,,,removed_filterA,False,False,,,other,not-applicable,not-applicable,stochastic/scenario-based,,,,,none,
358,Structural and pulse coupled seismic design for piers with SMA in near-fault regions: Probabilistic assessment of peak demand and residual performance,2026,STRUCTURES,WOS:001673845100001,10.1016/j.istruc.2026.111111,survivor,False,False,network-design/retrofit/protection,bridge/bridge-network,,,removed_filterA,False,False,,,other-ML/supervised-learning,not-applicable,not-applicable,stochastic/scenario-based,,,,,none,
359,"Changes in lowland floodplain sedimentation processes: pre-disturbance to post-rehabilitation, Cosumnes River, CA",2003,GEOMORPHOLOGY,WOS:000187966000007,10.1016/S0169-555X(03)00158-2,survivor,False,False,other,other,,,removed_filterA+B,False,False,,,other,not-applicable,not-applicable,deterministic,,,,,none,
360,Multi-objective strategic travel network planning for post-earthquake bridge inspections,2026,INTERNATIONAL JOURNAL OF CONSTRUCTION MANAGEMENT,WOS:001538890900001,10.1080/15623599.2025.2529519,survivor,False,False,crew/resource-routing-dispatch,bridge/bridge-network,,,kept,True,False,multi-criteria/composite,shortest-path/AON,heuristic/metaheuristic/GA,a-priori/static-schedule,static-demand,deterministic,ok,0,0.0,False,post-disaster bridge network multi-objective planning involving travel time,False
361,The influence of builders on seismic strengthening of housing,2026,INTERNATIONAL JOURNAL OF DISASTER RISK REDUCTION,WOS:001743166300001,10.1016/j.ijdrr.2026.106134,excl_only_predisaster,True,False,pre-disaster-mitigation/preparedness/planning,building/urban-area/community,,,excl_only_predisaster,False,False,,,other,not-applicable,not-applicable,deterministic,,,,,none,
362,Re-centering variable friction device for vibration control of structures subjected to near-field earthquakes,2011,MECHANICAL SYSTEMS AND SIGNAL PROCESSING,WOS:000295664800003,10.1016/j.ymssp.2011.04.017,excl_only_predisaster,True,False,network-design/retrofit/protection,building/urban-area/community,,,excl_only_predisaster,False,False,,,other,not-applicable,not-applicable,deterministic,,,,,none,
363,An efficient seismic damage prediction method for high-speed railway track-bridge systems based on multi-task learning,2025,ENGINEERING STRUCTURES,WOS:001434223600001,10.1016/j.engstruct.2025.119913,survivor,False,False,vulnerability/risk/fragility-assessment,railway/transit,,,removed_filterA,False,False,,,other-ML/supervised-learning,not-applicable,not-applicable,stochastic/scenario-based,,,,,deep learning for post-earthquake structural damage to inform restoration,
364,Incorporating transportation network modeling tools within transportation economic impact studies of disasters,2014,JOURNAL OF TRAFFIC AND TRANSPORTATION ENGINEERING-ENGLISH EDITION,WOS:000434617600002,10.1016/S2095-7564(15)30270-1,survivor,False,False,resilience-quantification/assessment,general-transportation-network,,,removed_filterA,False,False,,,simulation-optimization,not-applicable,static-demand,deterministic,,,,,traffic-assignment modeling of disaster-disrupted road network to prioritize recovery,
365,An Optimization-Based Framework for the Identification of Vulnerabilities in Electric Power Grids Exposed to Natural Hazards,2019,RISK ANALYSIS,WOS:000484531200007,10.1111/risa.13287,excl_only_lifeline,False,True,vulnerability/risk/fragility-assessment,lifeline-only-power-water-gas-telecom,,,excl_only_lifeline,False,False,,,exact/MILP/math-programming,not-applicable,not-applicable,stochastic/scenario-based,,,,,none,
366,Two-level isolation system combining lead rubber bearing and shape memory alloys,2025,STRUCTURES,WOS:001548704700002,10.1016/j.istruc.2025.109688,survivor,False,False,network-design/retrofit/protection,bridge/bridge-network,,,removed_filterA,False,False,,,other,not-applicable,not-applicable,deterministic,,,,,none,
367,Bi-objective mountain railway alignment optimization incorporating seismic risk assessment,2021,COMPUTER-AIDED CIVIL AND INFRASTRUCTURE ENGINEERING,WOS:000555430300001,10.1111/mice.12607,excl_only_predisaster,True,False,network-design/retrofit/protection,railway/transit,,,excl_only_predisaster,False,False,,,heuristic/metaheuristic/GA,a-priori/static-schedule,not-applicable,stochastic/scenario-based,,,,,none,
369,Quantifying the effect of pulse-like ground motions on the seismic design of SMA restrained isolation bridges using probabilistic repair cost method,2024,SMART MATERIALS AND STRUCTURES,WOS:001273723900001,10.1088/1361-665X/ad5f6b,survivor,False,False,network-design/retrofit/protection,bridge/bridge-network,,,removed_filterA,False,False,,,other,not-applicable,not-applicable,stochastic/scenario-based,,,,,none,
371,An assessment of priorities in handling climate change impacts on infrastructures,2024,SCIENTIFIC REPORTS,WOS:001275958700027,10.1038/s41598-024-64606-3,survivor,False,False,vulnerability/risk/fragility-assessment,interdependent-infrastructure-incl-transport,uncertain,drop,removed_filterA,False,False,,,other,not-applicable,not-applicable,deterministic,,,,,none,
373,Multi-hazard loss analysis of tall buildings under wind and seismic loads,2018,STRUCTURE AND INFRASTRUCTURE ENGINEERING,WOS:000446229300001,10.1080/15732479.2018.1442482,survivor,False,False,vulnerability/risk/fragility-assessment,building/urban-area/community,,,removed_filterA+B,False,False,,,other,not-applicable,not-applicable,stochastic/scenario-based,,,,,none,
374,Optimization of Bus Bridging Service under Unexpected Metro Disruptions with Dynamic Passenger Flows,2019,JOURNAL OF ADVANCED TRANSPORTATION,WOS:000478914200001,10.1155/2019/6965728,survivor,False,False,post-disaster-relief-logistics/distribution,railway/transit,,,removed_filterA,False,False,,,heuristic/metaheuristic/GA,a-priori/static-schedule,dynamic/time-varying-demand,deterministic,,,,,transport disruption-response optimization with dynamic (time-varying) passenger demand,
376,Designing efficient communication infrastructure in post-disaster situations with limited availability of network resources,2020,COMPUTER COMMUNICATIONS,WOS:000616388500007,10.1016/j.comcom.2020.09.019,excl_only_lifeline,False,True,post-disaster-relief-logistics/distribution,lifeline-only-power-water-gas-telecom,,,excl_only_lifeline,False,False,,,exact/MILP/math-programming; heuristic/metaheuristic/GA; simulation-optimization,a-priori/static-schedule,not-applicable,deterministic,,,,,post-disaster resource deployment ILP,
378,Seismic Risk Mitigation for a Portfolio of Reinforced Concrete Frame Buildings through Optimal Allocation of a Limited Budget,2018,ADVANCES IN CIVIL ENGINEERING,WOS:000446018200001,10.1155/2018/8184756,excl_only_predisaster,True,False,network-design/retrofit/protection,building/urban-area/community,,,excl_only_predisaster,False,False,,,exact/MILP/math-programming,a-priori/static-schedule,not-applicable,stochastic/scenario-based,,,,,none,
379,Life Cycle Analysis of a Steel Railway Bridge over the Operational Period considering Different Maintenance Scenarios: Application to a Case Study,2022,ADVANCES IN CIVIL ENGINEERING,WOS:000779483300001,10.1155/2022/3010001,survivor,False,False,resilience-quantification/assessment,bridge/bridge-network,,,removed_filterA,False,False,,,simulation-optimization,a-priori/static-schedule,not-applicable,stochastic/scenario-based,,,,,bridge maintenance schedule with resilience under sudden event,
380,Simulation-based consequence analysis of reinforced-concrete buildings subjected to earthquake- and environment-induced damage accumulation,2024,ENGINEERING STRUCTURES,WOS:001282420700001,10.1016/j.engstruct.2024.118554,survivor,False,False,vulnerability/risk/fragility-assessment,building/urban-area/community,,,removed_filterA+B,False,False,,,simulation-optimization,not-applicable,not-applicable,stochastic/scenario-based,,,,,none,
381,Some Aggregation Operators Based on Dombi t-norm (TN) and t-co-norm (TCN) Operations: Applications in Economic Corridor Prospective,2024,INTERNATIONAL JOURNAL OF FUZZY SYSTEMS,WOS:001226683500004,10.1007/s40815-024-01702-6,survivor,False,False,other,other,,,removed_filterA+B,False,False,,,other,not-applicable,not-applicable,fuzzy/other,,,,,flood-damaged road repair (MCDM only),
382,Mechanistic Study of CO2-Based Oil Flooding in Microfluidics and Machine Learning Parametric Analysis,2025,ENERGIES,WOS:001557429300001,10.3390/en18164385,survivor,False,False,other,other,,,removed_filterA+B,False,False,,,other-ML/supervised-learning,not-applicable,not-applicable,deterministic,,,,,none,
383,Measures to evaluate post-disaster trip resilience on road networks,2021,JOURNAL OF TRANSPORT GEOGRAPHY,WOS:000717475700005,10.1016/j.jtrangeo.2021.103154,survivor,False,False,resilience-quantification/assessment,road/highway-network,,,removed_filterA,False,False,,,simulation-optimization,not-applicable,dynamic/time-varying-demand,deterministic,,,,,post-disaster trip resilience using OD flow and travel time over recovery horizon,
384,Nonlinear Structural Model Parameter Updating Using Residual Drift Measurements from Sequential Seismic Events,2025,JOURNAL OF STRUCTURAL ENGINEERING,WOS:001596255100026,10.1061/JSENDH.STENG-15117,survivor,False,False,vulnerability/risk/fragility-assessment,bridge/bridge-network,,,removed_filterA,False,False,,,other-ML/supervised-learning,not-applicable,not-applicable,stochastic/scenario-based,,,,,none,
385,Bridging community resilience and local planning for climate justice,2026,CLIMATE RISK MANAGEMENT,WOS:001636482900001,10.1016/j.crm.2025.100776,survivor,False,False,other,building/urban-area/community,,,removed_filterA+B,False,False,,,other,not-applicable,not-applicable,deterministic,,,,,none,
386,Coordinating Transactive Demand Response and Rolling Outage Management of Diverse Loads to Enhance Resilience of Distribution Systems,2026,JOURNAL OF MODERN POWER SYSTEMS AND CLEAN ENERGY,WOS:001773590900021,10.35833/MPCE.2025.000631,excl_only_lifeline,False,True,restoration-scheduling/sequencing,lifeline-only-power-water-gas-telecom,,,excl_only_lifeline,False,False,,,exact/MILP/math-programming; game-theory/equilibrium,sequential/adaptive/rolling-policy,not-applicable,deterministic,,,,,none,
387,Mapping Post-Earthquake Landslide Susceptibility: A U-Net Like Approach,2020,REMOTE SENSING,WOS:000569642300001,10.3390/rs12172767,survivor,False,False,hazard/damage-modeling,other,,,removed_filterA+B,False,False,,,other-ML/supervised-learning,not-applicable,not-applicable,deterministic,,,,,none,
388,"Ryuiki-Chisui in local practice: a case study of Rokkaku River basin and Takeo City, Saga Prefecture, Kyushu region, Japan",2026,FRONTIERS IN WATER,WOS:001720256800001,10.3389/frwa.2026.1765944,survivor,False,False,other,other,,,removed_filterA+B,False,False,,,other,not-applicable,not-applicable,deterministic,,,,,none,
389,Uncovering spatiotemporal coupling of electricity outages and food access disruptions during disasters,2026,TRANSPORTATION RESEARCH PART D-TRANSPORT AND ENVIRONMENT,WOS:001738028700001,10.1016/j.trd.2026.105358,survivor,False,False,empirical-recovery-analysis/prediction,interdependent-infrastructure-incl-transport,power-electricity-system,drop,removed_filterA,False,False,,,other-ML/supervised-learning,not-applicable,dynamic/time-varying-demand,deterministic,,,,,hurricane-induced dynamic access disruption tied to road network,
391,Bridging the performance gap between passive and autonomous inflow control devices with a hybrid dynamic optimization technique integrating machine learning and global sensitivity analysis,2024,GEOENERGY SCIENCE AND ENGINEERING,WOS:001256947400001,10.1016/j.geoen.2024.213037,survivor,False,False,other,other,,,removed_filterA+B,False,False,,,heuristic/metaheuristic/GA; other-ML/supervised-learning,not-applicable,not-applicable,deterministic,,,,,none,
392,Analytical model and seismic performance evaluation of vertically separated self-centering bridge piers,2025,STRUCTURES,WOS:001510670100001,10.1016/j.istruc.2025.109392,survivor,False,False,network-design/retrofit/protection,bridge/bridge-network,,,removed_filterA,False,False,,,other,not-applicable,not-applicable,deterministic,,,,,none,
393,Probabilistic fragility and resilience assessment and sensitivity analysis of bridges incorporating aftershock effects,2022,SUSTAINABLE AND RESILIENT INFRASTRUCTURE,WOS:000823081300002,10.1080/23789689.2019.1708174,survivor,False,False,vulnerability/risk/fragility-assessment,bridge/bridge-network,,,removed_filterA,False,False,,,simulation-optimization; other-ML/supervised-learning,not-applicable,not-applicable,stochastic/scenario-based,,,,,bridge functionality/resilience with restoration models under seismic uncertainty,
394,5G-Ready Multi-Failure Resilient and Cost-Effective Transport Networks,2019,JOURNAL OF LIGHTWAVE TECHNOLOGY,WOS:000478943700024,10.1109/JLT.2019.2920305,excl_only_lifeline,False,True,resilience-quantification/assessment,lifeline-only-power-water-gas-telecom,,,excl_only_lifeline,False,False,,,heuristic/metaheuristic/GA; simulation-optimization,a-priori/static-schedule,not-applicable,stochastic/scenario-based,,,,,none,
395,Criticality analysis of a country's transport network via an agent-based supply chain model,2021,NATURE SUSTAINABILITY,WOS:000598708000008,10.1038/s41893-020-00649-4,survivor,False,False,link-criticality/importance-ranking,road/highway-network,,,removed_filterA,False,False,,,simulation-optimization; other,not-applicable,not-applicable,deterministic,,,,,flood-vulnerable road criticality with duration-dependent losses,
396,Optimal maintenance strategy for chloride-attacked RC structures based on seismic resilience,2025,JOURNAL OF BUILDING ENGINEERING,WOS:001605005400004,10.1016/j.jobe.2025.114430,survivor,False,False,network-design/retrofit/protection,building/urban-area/community,,,removed_filterA+B,False,False,,,heuristic/metaheuristic/GA,a-priori/static-schedule,not-applicable,stochastic/scenario-based,,,,,bi-objective resilience-vs-cost maintenance scheduling (structural),
397,Performance-based seismic design and optimization of damper devices for cable-stayed bridge,2021,ENGINEERING STRUCTURES,WOS:000647495500003,10.1016/j.engstruct.2021.112043,survivor,False,False,network-design/retrofit/protection,bridge/bridge-network,,,removed_filterA,False,False,,,heuristic/metaheuristic/GA; simulation-optimization,not-applicable,not-applicable,stochastic/scenario-based,,,,,none,
398,Digital mapping of riverine waterway hydrodynamic and geomorphic features,2009,EARTH SURFACE PROCESSES AND LANDFORMS,WOS:000263402100007,10.1002/esp.1709,survivor,False,False,hazard/damage-modeling,port/airport/maritime/waterway,,,removed_filterA+B,False,False,,,other-ML/supervised-learning,not-applicable,not-applicable,deterministic,,,,,none,
399,Seismic resilience of retrofitted RC buildings,2020,EARTHQUAKE ENGINEERING AND ENGINEERING VIBRATION,WOS:000548692500003,10.1007/s11803-020-0580-z,survivor,False,False,network-design/retrofit/protection,building/urban-area/community,,,removed_filterA+B,False,False,,,simulation-optimization,not-applicable,not-applicable,stochastic/scenario-based,,,,,downtime/functionality curve with repair sequencing (buildings),
400,Simulation-Based Models for Postearthquake Response: A Survey and Research Directions,2025,NATURAL HAZARDS REVIEW,WOS:001379560700016,10.1061/NHREFO.NHENG-2061,survivor,False,False,post-disaster-relief-logistics/distribution,interdependent-infrastructure-incl-transport,uncertain,review,removed_filterA,False,True,,,simulation-optimization,not-applicable,not-applicable,stochastic/scenario-based,,,,,survey of simulation-optimization for transportation-infrastructure restoration,
401,Fragility of transport assets exposed to multiple hazards: State-of-the-art review toward infrastructural resilience,2019,RELIABILITY ENGINEERING \& SYSTEM SAFETY,WOS:000491685000036,10.1016/j.ress.2019.106567,survivor,False,False,vulnerability/risk/fragility-assessment,general-transportation-network,,,removed_filterA,False,True,,,other,not-applicable,not-applicable,deterministic,,,,,transport-infrastructure vulnerability under natural hazards,
402,Exploring the Role of Digital Infrastructure Asset Management Tools for Resilient Linear Infrastructure Outcomes in Cities and Towns: A Systematic Literature Review,2021,SUSTAINABILITY,WOS:000726978500001,10.3390/su132111965,survivor,False,False,other,general-transportation-network,,,removed_filterA,False,True,,,other,not-applicable,not-applicable,deterministic,,,,,none,
403,Integration of large vision language models for efficient post-disaster damage assessment and reporting,2026,NATURE COMMUNICATIONS,WOS:001685458400002,10.1038/s41467-025-68216-z,survivor,False,False,vulnerability/risk/fragility-assessment,other,,,removed_filterA+B,False,False,,,other-ML/supervised-learning,not-applicable,not-applicable,deterministic,,,,,post-disaster recovery planning (loosely),
404,Survival analysis of a liquefiable embankment subjected to sequential earthquakes,2021,SOIL DYNAMICS AND EARTHQUAKE ENGINEERING,WOS:000599420900003,10.1016/j.soildyn.2020.106436,survivor,False,False,vulnerability/risk/fragility-assessment,other,,,removed_filterA+B,False,False,,,simulation-optimization,not-applicable,not-applicable,stochastic/scenario-based,,,,,none,
405,Seismic resilience assessment framework of urban water supply systems considering pipeline and water treatment plant damages,2026,RELIABILITY ENGINEERING \& SYSTEM SAFETY,WOS:001632034500006,10.1016/j.ress.2025.112024,excl_only_lifeline,False,True,resilience-quantification/assessment,lifeline-only-power-water-gas-telecom,,,excl_only_lifeline,False,False,,,simulation-optimization,not-applicable,not-applicable,deterministic,,,,,"mentions damage recovery sequence (water network, not road)",
406,Sustainable structural health assessment of heritage masonry towers using artificial intelligence and data-driven monitoring: Insights from the civic tower of Matelica,2026,ENGINEERING APPLICATIONS OF ARTIFICIAL INTELLIGENCE,WOS:001619478700002,10.1016/j.engappai.2025.113097,survivor,False,False,empirical-recovery-analysis/prediction,building/urban-area/community,,,removed_filterA+B,False,False,,,other-ML/supervised-learning,not-applicable,not-applicable,deterministic,,,,,none,
407,Postdisaster Evacuation Scenarios Using Multiagent System,2016,JOURNAL OF COMPUTING IN CIVIL ENGINEERING,WOS:000386371100006,10.1061/(ASCE)CP.1943-5487.0000575,survivor,False,False,evacuation,building/urban-area/community,,,removed_filterA+B,False,False,,,simulation-optimization; other,not-applicable,not-applicable,deterministic,,,,,post-disaster road/bridge-damaged network with travel-time-based movement,
408,Improving a Regional-Scale Hurricane Evacuation Traffic Simulation Framework for Digital Twin Creation,2025,TRANSPORTATION RESEARCH RECORD,WOS:001530235500001,10.1177/03611981251341348,survivor,False,False,evacuation,road/highway-network,,,removed_filterA,False,False,,,simulation-optimization,not-applicable,dynamic/time-varying-demand,stochastic/scenario-based,,,,,hurricane road-network traffic simulation with route choice,
409,Ion Valency and Concentration Effect on the Structural and Thermodynamic Properties of Brine-Decane Interfaces with Anionic Surfactant (SDS),2021,JOURNAL OF PHYSICAL CHEMISTRY B,WOS:000692012200023,10.1021/acs.jpcb.1c04187,survivor,False,False,other,other,,,removed_filterA+B,False,False,,,simulation-optimization,not-applicable,not-applicable,deterministic,,,,,none,
410,Resilience measurement and enhancement of population mobility network in Beijing-Tianjin-Hebei urban agglomeration under extreme rainfall impact,2025,JOURNAL OF TRANSPORT GEOGRAPHY,WOS:001478627600001,10.1016/j.jtrangeo.2025.104253,survivor,False,False,resilience-quantification/assessment,general-transportation-network,,,removed_filterA,False,False,,,other,not-applicable,dynamic/time-varying-demand,stochastic/scenario-based,,,,,prioritized node restoration to recover network efficiency under extreme rainfall,
411,"Quantitative contribution study and comparison between electrocoagulation, anode-electrocoagulation and chemical coagulation using polymer-flooding sewage",2020,CHEMOSPHERE,WOS:000530709300092,10.1016/j.chemosphere.2020.126128,survivor,False,False,other,other,,,removed_filterA+B,False,False,,,other,not-applicable,not-applicable,deterministic,,,,,none,
412,Degrading Bouc-Wen Model Parameters Identification Under Cyclic Load,2017,INTERNATIONAL JOURNAL OF GEOTECHNICAL EARTHQUAKE ENGINEERING,WOS:000427591400004,10.4018/IJGEE.2017070104,survivor,False,False,other,bridge/bridge-network,,,removed_filterA,False,False,,,other,not-applicable,not-applicable,deterministic,,,,,none,
413,Bridging performance based seismic design with restricted interventions on cultural heritage structures,2018,ENGINEERING STRUCTURES,WOS:000426411400004,10.1016/j.engstruct.2018.01.022,excl_only_predisaster,True,False,network-design/retrofit/protection,building/urban-area/community,,,excl_only_predisaster,False,False,,,other,not-applicable,not-applicable,deterministic,,,,,none,
414,Reliability-based life-cycle cost seismic design optimization of coastal bridge piers with nonuniform corrosion using different materials,2024,EARTHQUAKE ENGINEERING AND ENGINEERING VIBRATION,WOS:001150398900015,10.1007/s11803-024-2234-z,excl_only_predisaster,True,False,network-design/retrofit/protection,bridge/bridge-network,,,excl_only_predisaster,False,False,,,exact/MILP/math-programming,not-applicable,not-applicable,stochastic/scenario-based,,,,,none,
415,A city profile of tautahi Christchurch,2022,CITIES,WOS:001198196600002,10.1016/j.cities.2021.103481,survivor,False,False,empirical-recovery-analysis/prediction,building/urban-area/community,,,removed_filterA+B,False,False,,,other,not-applicable,not-applicable,deterministic,,,,,none,
416,Post-fire analysis and numerical modeling of a fire-damaged concrete bridge,2021,ENGINEERING STRUCTURES,WOS:000686066000001,10.1016/j.engstruct.2021.112764,survivor,False,False,hazard/damage-modeling,bridge/bridge-network,,,removed_filterA,False,False,,,simulation-optimization,not-applicable,not-applicable,deterministic,,,,,none,
417,Mechanism-driven optimization of CO2 flooding in fractured low-permeability reservoirs: Synergistic insights from 2D visual model and nanoscale lattice Boltzmann simulations,2025,JOURNAL OF CO2 UTILIZATION,WOS:001574475100001,10.1016/j.jcou.2025.103223,survivor,False,False,other,other,,,removed_filterA+B,False,False,,,simulation-optimization,not-applicable,not-applicable,deterministic,,,,,none,
418,Developing 3D River Channel Modeling with UAV-Based Point Cloud Data,2026,REMOTE SENSING,WOS:001688204400001,10.3390/rs18030495,survivor,False,False,hazard/damage-modeling,other,,,removed_filterA+B,False,False,,,other-ML/supervised-learning,not-applicable,not-applicable,deterministic,,,,,none,
419,Investigating the Destructive Effect of Earthquake on Urban Landscapes (Case Study: Ahar City),2018,AMAZONIA INVESTIGA,WOS:000441340600010,,survivor,False,False,vulnerability/risk/fragility-assessment,building/urban-area/community,,,removed_filterA+B,False,False,,,other,not-applicable,not-applicable,deterministic,,,,,none,
420,Managers' perspectives on weather extremes prevalence in South African national parks,2025,INTERNATIONAL JOURNAL OF GEOHERITAGE AND PARKS,WOS:001634039800001,10.1016/j.ijgeop.2025.01.004,survivor,False,False,empirical-recovery-analysis/prediction,other,,,removed_filterA+B,False,False,,,other,not-applicable,not-applicable,deterministic,,,,,none,
421,A hierarchical compromise model for the joint optimization of recovery operations and distribution of emergency goods in Humanitarian Logistics,2014,COMPUTERS \& OPERATIONS RESEARCH,WOS:000326912100002,10.1016/j.cor.2012.03.019,survivor,False,False,restoration-scheduling/sequencing,road/highway-network,,,kept,True,False,flow/demand-served,network-flow/capacity,exact/MILP/math-programming,a-priori/static-schedule,static-demand,deterministic,ok,170,11.3,True,scheduling repair of damaged road-network links to improve post-disaster distribution,False
422,Seismic Performance of a Novel Self-Centering Railway Bridge Pier Equipped With Disc-Spring Assemblies and Rubber Pads,2026,EARTHQUAKE ENGINEERING \& STRUCTURAL DYNAMICS,WOS:001752628200001,10.1002/eqe.70194,excl_only_predisaster,True,False,network-design/retrofit/protection,railway/transit,,,excl_only_predisaster,False,False,,,other,not-applicable,not-applicable,deterministic,,,,,none,
423,Risk-informed reliability-cost optimization of bridge-mounted overhead catenary systems for high-speed railways using a PCA-enhanced surrogate model,2026,STRUCTURAL SAFETY,WOS:001780705200001,10.1016/j.strusafe.2026.102724,excl_only_predisaster,True,False,network-design/retrofit/protection,railway/transit,,,excl_only_predisaster,False,False,,,other-ML/supervised-learning,not-applicable,not-applicable,stochastic/scenario-based,,,,,none,
424,"A bio-inspired, demountable modular RC wall system for optimized seismic response control in mid- to high-rise buildings",2025,STRUCTURES,WOS:001520017900005,10.1016/j.istruc.2025.109496,excl_only_predisaster,True,False,network-design/retrofit/protection,building/urban-area/community,,,excl_only_predisaster,False,False,,,simulation-optimization,not-applicable,not-applicable,deterministic,,,,,none,
425,Paradigm evolution and tension dynamics in disaster recovery research: a theoretical synthesis (1980-2025),2026,JOURNAL OF RISK RESEARCH,WOS:001754546000001,10.1080/13669877.2026.2660363,survivor,False,False,empirical-recovery-analysis/prediction,other,,,removed_filterA+B,False,False,,,other,not-applicable,not-applicable,deterministic,,,,,none,
426,Gaming to cope: Applying network analysis to understand the relationship between posttraumatic stress symptoms and internet gaming disorder symptoms among disaster-exposed Chinese young adults,2022,ADDICTIVE BEHAVIORS,WOS:000708440500012,10.1016/j.addbeh.2021.107096,survivor,False,False,other,other,,,removed_filterA+B,False,False,,,other,not-applicable,not-applicable,fuzzy/other,,,,,none,
427,New Model for Estimating the Time-Variant Seismic Performance of Corroding RC Bridge Columns,2015,JOURNAL OF STRUCTURAL ENGINEERING,WOS:000354549300017,10.1061/(ASCE)ST.1943-541X.0001145,survivor,False,False,vulnerability/risk/fragility-assessment,bridge/bridge-network,,,removed_filterA,False,False,,,other,not-applicable,not-applicable,stochastic/scenario-based,,,,,none,
429,Quasi-Self-Powered Piezo-Floating-Gate Sensing Technology for Continuous Monitoring of Large-Scale Bridges,2019,FRONTIERS IN BUILT ENVIRONMENT,WOS:000559285600001,10.3389/fbuil.2019.00029,survivor,False,False,other,bridge/bridge-network,,,removed_filterA,False,False,,,other,not-applicable,not-applicable,deterministic,,,,,none,
430,Energy emergency supply chain collaboration optimization with group consensus through reinforcement learning considering non-cooperative behaviours,2020,ENERGY,WOS:000606796000040,10.1016/j.energy.2020.118597,excl_only_lifeline,False,True,post-disaster-relief-logistics/distribution,supply-chain/facility,,,excl_only_lifeline,False,False,,,reinforcement-learning/DRL; game-theory/equilibrium,sequential/adaptive/rolling-policy,not-applicable,stochastic/scenario-based,,,,,reinforcement learning to minimize post-disaster recovery time,
431,Core-Periphery Structures in Disaster Response Networks: A Longitudinal Analysis of the 2022 Luding Earthquake,2025,JOURNAL OF DISASTER RESEARCH,WOS:001586981600022,10.20965/jdr.2025.p0801,survivor,False,False,empirical-recovery-analysis/prediction,other,,,removed_filterA+B,False,False,,,other,not-applicable,not-applicable,deterministic,,,,,none,
432,Investigation on life-cycle damage cost of wind-excited tall buildings considering directionality effects,2017,JOURNAL OF WIND ENGINEERING AND INDUSTRIAL AERODYNAMICS,WOS:000418967200017,10.1016/j.jweia.2017.09.020,excl_only_predisaster,True,False,vulnerability/risk/fragility-assessment,building/urban-area/community,,,excl_only_predisaster,False,False,,,simulation-optimization,not-applicable,not-applicable,stochastic/scenario-based,,,,,none,
433,A life cycle costing approach for discounting in age and interval replacement optimisation models for civil infrastructure assets,2018,STRUCTURE AND INFRASTRUCTURE ENGINEERING,WOS:000415674800001,10.1080/15732479.2017.1329843,excl_only_predisaster,True,False,other,other,,,excl_only_predisaster,False,False,,,other,not-applicable,not-applicable,deterministic,,,,,none,
434,An ant colony optimization approach to the multi-vehicle prize-collecting arc routing for connectivity problem,2022,MULTIMODAL TRANSPORTATION,WOS:001647832900005,10.1016/j.multra.2022.100033,survivor,False,False,debris-clearance,road/highway-network,,,kept,True,False,connectivity/reachability,topological/graph-metric,heuristic/metaheuristic/GA,a-priori/static-schedule,static-demand,deterministic,ok,15,3.0,False,post-disaster road-network reconnection after earthquake,False
435,Dynamic network flow optimization for real-time evacuation reroute planning under multiple road disruptions,2021,RELIABILITY ENGINEERING \& SYSTEM SAFETY,WOS:000663912500001,10.1016/j.ress.2021.107644,survivor,False,False,evacuation,general-transportation-network,,,removed_filterA,False,False,,,exact/MILP/math-programming,sequential/adaptive/rolling-policy,dynamic/time-varying-demand,deterministic,,,,,dynamic traffic flow optimization on a road network under road disruptions,
437,Rational Design of High-Performance Viscosifying Polymers in Confined Systems via a Machine-Learning-Accelerated Multiscale Framework for Enhanced Hydrocarbon Recovery,2026,FLUIDS,WOS:001750179300001,10.3390/fluids11040086,survivor,False,False,other,other,,,removed_filterA+B,False,False,,,other-ML/supervised-learning; simulation-optimization,not-applicable,not-applicable,deterministic,,,,,none,
438,Evaluating Ecosystem Services Incorporation in River Policy: A Multidimensional Framework Applied to China's River Chief System,2025,RIVER RESEARCH AND APPLICATIONS,WOS:001343911300001,10.1002/rra.4397,survivor,False,False,other,other,,,removed_filterA+B,False,False,,,other,not-applicable,not-applicable,deterministic,,,,,none,
439,Integrated Equilibrium-Transport Modeling for Optimizing Carbonated Low-Salinity Waterflooding in Carbonate Reservoirs,2025,ENERGIES,WOS:001569673500001,10.3390/en18174525,survivor,False,False,other,other,,,removed_filterA+B,False,False,,,simulation-optimization,not-applicable,not-applicable,deterministic,,,,,none,
440,Sandpack flooding of microwave absorbent nanofluids under electromagnetic radiation: an experimental study,2024,JOURNAL OF PETROLEUM EXPLORATION AND PRODUCTION TECHNOLOGY,WOS:001141920600001,10.1007/s13202-023-01736-w,survivor,False,False,other,other,,,removed_filterA+B,False,False,,,other,not-applicable,not-applicable,deterministic,,,,,none,
441,Harnessing data structure for recovery of randomly missing structural vibration responses time history: Sparse representation versus low-rank structure,2016,MECHANICAL SYSTEMS AND SIGNAL PROCESSING,WOS:000372692100011,10.1016/j.ymssp.2015.11.009,survivor,False,False,other,bridge/bridge-network,,,removed_filterA,False,False,,,other-ML/supervised-learning,not-applicable,not-applicable,deterministic,,,,,none,
442,Study on the Profile Control and Oil Displacement Mechanism of a Polymer Nano-microsphere for Oilfield,2023,ENERGY \& FUELS,WOS:000935035000001,10.1021/acs.energyfuels.2c03301,survivor,False,False,other,other,,,removed_filterA+B,False,False,,,other,not-applicable,not-applicable,deterministic,,,,,none,
443,Interfacial interactions between oil and porous calcium carbonate in brine: Insights for enhanced oil recovery and spill remediation,2026,JOURNAL OF COLLOID AND INTERFACE SCIENCE,WOS:001710305200001,10.1016/j.jcis.2026.140174,survivor,False,False,other,other,,,removed_filterA+B,False,False,,,other,not-applicable,not-applicable,deterministic,,,,,none,
444,Towards in-depth profile control using dispersed particle gels (DPGs),2023,FUEL,WOS:001064854100001,10.1016/j.fuel.2023.129419,survivor,False,False,other,other,,,removed_filterA+B,False,False,,,other,not-applicable,not-applicable,deterministic,,,,,none,
446,Data-Driven Simulation of Near-Fault Ground Motions Using Stationary Wavelet Transform and Hilbert Analysis,2025,BUILDINGS,WOS:001634975400001,10.3390/buildings15234219,excl_only_predisaster,True,False,hazard/damage-modeling,other,,,excl_only_predisaster,False,False,,,other-ML/supervised-learning,not-applicable,not-applicable,stochastic/scenario-based,,,,,none,
447,"Bridge Health State Assessment and Multiscale Deterioration Modeling: Methods, Challenges, and Future Prospects",2026,STRUCTURAL CONTROL \& HEALTH MONITORING,WOS:001731551800001,10.1155/stc/3578303,survivor,False,False,empirical-recovery-analysis/prediction,bridge/bridge-network,,,removed_filterA,False,False,,,other-ML/supervised-learning,not-applicable,not-applicable,stochastic/scenario-based,,,,,none,
448,A Self-Imputing Deep Multitask Sequence Model for Traffic Disruption Detection in Extreme Conditions,2025,IEEE ACCESS,WOS:001581843400021,10.1109/ACCESS.2025.3612407,survivor,False,False,empirical-recovery-analysis/prediction,road/highway-network,,,removed_filterA,False,False,,,other-ML/supervised-learning,not-applicable,dynamic/time-varying-demand,deterministic,,,,,"hurricane-disrupted urban road-network traffic data (e.g., Sandy)",
449,A Network Analysis of the Associations Between Posttraumatic Stress Symptoms and Posttraumatic Growth Among Disaster-Exposed Chinese Young Adults,2021,JOURNAL OF TRAUMATIC STRESS,WOS:000639095300001,10.1002/jts.22673,survivor,False,False,other,other,,,removed_filterA+B,False,False,,,other,not-applicable,not-applicable,deterministic,,,,,none,
450,Experimental investigation on transport property and emulsification mechanism of polymeric surfactants in porous media,2020,JOURNAL OF PETROLEUM SCIENCE AND ENGINEERING,WOS:000510467700026,10.1016/j.petrol.2019.106687,survivor,False,False,other,other,,,removed_filterA+B,False,False,,,other,not-applicable,not-applicable,deterministic,,,,,none,
451,Repairable precast concrete bridge columns for seismic events,2024,PCI JOURNAL,WOS:001223665100001,10.15554/pcij69.3-02,excl_only_predisaster,True,False,network-design/retrofit/protection,bridge/bridge-network,,,excl_only_predisaster,False,False,,,other,not-applicable,not-applicable,deterministic,,,,,bridge seismic damage/repair (component level only),
452,"Sedimentary Architecture Prediction Using Facies Interpretation and Forward Seismic Modeling: Application to a Mediterranean Land-Sea Pliocene Infill (Roussillon Basin, France)",2025,GEOSCIENCES,WOS:001601587400001,10.3390/geosciences15100383,survivor,False,False,hazard/damage-modeling,other,,,removed_filterA+B,False,False,,,other,not-applicable,not-applicable,deterministic,,,,,none,
453,Integrated regional resilience assessment platform for interdependent systems,2026,RESILIENT CITIES AND STRUCTURES,WOS:001729421200001,10.1016/j.rcns.2026.02.004,survivor,False,False,resilience-quantification/assessment,interdependent-infrastructure-incl-transport,transport-and-lifeline-jointly,keep,removed_filterA,False,False,,,simulation-optimization,not-applicable,dynamic/time-varying-demand,deterministic,,,,,post-disaster recovery simulation of roadways with traffic flow,
455,Cell-cycle dependent DNA repair and replication unifies patterns of chromosome instability,2025,NATURE COMMUNICATIONS,WOS:001456032700010,10.1038/s41467-025-58245-z,survivor,False,False,other,other,,,removed_filterA+B,False,False,,,other-ML/supervised-learning,not-applicable,not-applicable,stochastic/scenario-based,,,,,none,
459,Automated labeling and segmentation based on segment anything model: Quantitative analysis of bubbles in gas-liquid flow,2025,PETROLEUM SCIENCE,WOS:001671778900001,10.1016/j.petsci.2025.08.018,survivor,False,False,other,other,,,removed_filterA+B,False,False,,,other-ML/supervised-learning,not-applicable,not-applicable,deterministic,,,,,none,
460,FoldApp: A MATLAB application for area-depth-strain (ADS) analysis of detachment folds,2026,JOURNAL OF STRUCTURAL GEOLOGY,WOS:001632668900001,10.1016/j.jsg.2025.105604,survivor,False,False,other,other,,,removed_filterA+B,False,False,,,other,not-applicable,not-applicable,deterministic,,,,,none,
461,Integrated Bridge Structural Health Monitoring System,2024,IRANIAN JOURNAL OF SCIENCE AND TECHNOLOGY-TRANSACTIONS OF CIVIL ENGINEERING,WOS:001129577000001,10.1007/s40996-023-01304-6,excl_only_predisaster,True,False,other,bridge/bridge-network,,,excl_only_predisaster,False,False,,,other,not-applicable,not-applicable,deterministic,,,,,bridge maintenance/rehabilitation management (assessment only),
464,Generation of realistic synthetic catchments to explore fine continental surface processes,2021,EARTH SURFACE PROCESSES AND LANDFORMS,WOS:000606698400001,10.1002/esp.5048,survivor,False,False,hazard/damage-modeling,other,,,removed_filterA+B,False,False,,,simulation-optimization,not-applicable,not-applicable,deterministic,,,,,none,
465,"A systematic review on power system resilience from the perspective of generation, network, and load",2022,RENEWABLE \& SUSTAINABLE ENERGY REVIEWS,WOS:000841753200003,10.1016/j.rser.2022.112567,excl_only_lifeline,False,True,resilience-quantification/assessment,lifeline-only-power-water-gas-telecom,,,excl_only_lifeline,False,True,,,other,not-applicable,not-applicable,deterministic,,,,,none,
467,Investigation on gas/water two-phase flow in quartz nanopores from molecular perspectives,2023,JOURNAL OF MOLECULAR LIQUIDS,WOS:000949168700001,10.1016/j.molliq.2022.121145,survivor,False,False,other,other,,,removed_filterA+B,False,False,,,simulation-optimization,not-applicable,not-applicable,deterministic,,,,,none,
468,Development an Artificial Neural Network Model for Estimating Cost of R/C Building by Using Life-Cycle Cost Function: Case Study of Mexico City,2022,ADVANCES IN CIVIL ENGINEERING,WOS:000791721000001,10.1155/2022/7418230,excl_only_predisaster,True,False,vulnerability/risk/fragility-assessment,building/urban-area/community,,,excl_only_predisaster,False,False,,,other-ML/supervised-learning,not-applicable,not-applicable,stochastic/scenario-based,,,,,neural network applied to seismic damage cost (different problem),
469,A Dissociation Between Two Cognitive Biases in Acute Stress Disorder: Preliminary Evidence for the Reverse Gambling Fallacy,2021,COGNITIVE THERAPY AND RESEARCH,WOS:000604859000001,10.1007/s10608-020-10196-z,survivor,False,False,other,other,,,removed_filterA+B,False,False,,,other,not-applicable,not-applicable,deterministic,,,,,none,
470,Bridging the gap: a terrestrial view of shallow marine sequences and the importance of the transition zone,2007,JOURNAL OF ARCHAEOLOGICAL SCIENCE,WOS:000248408600020,10.1016/j.jas.2007.02.027,survivor,False,False,other,other,,,removed_filterA+B,False,False,,,other,not-applicable,not-applicable,deterministic,,,,,none,
471,Digital-Twin-Based High-Precision Assembly of a Steel Bridge Tower,2023,BUILDINGS,WOS:000914504100001,10.3390/buildings13010257,excl_only_predisaster,True,False,other,bridge/bridge-network,,,excl_only_predisaster,False,False,,,other,not-applicable,not-applicable,deterministic,,,,,none,
472,A complete workflow applied on an oil reservoir analogue to evaluate the ability of 4D seismics to anticipate the success of a chemical enhanced oil recovery process,2020,OIL AND GAS SCIENCE AND TECHNOLOGY-REVUE D IFP ENERGIES NOUVELLES,WOS:000526958800001,10.2516/ogst/2020011,survivor,False,False,other,other,,,removed_filterA+B,False,False,,,simulation-optimization,not-applicable,not-applicable,deterministic,,,,,none,
473,Hierarchical and networked analysis of resilience factors in mountain communities in Southwest China,2024,NATURAL HAZARDS,WOS:001089061600001,10.1007/s11069-023-06249-7,survivor,False,False,resilience-quantification/assessment,building/urban-area/community,,,removed_filterA+B,False,False,,,other,not-applicable,not-applicable,deterministic,,,,,none,
475,A novel and application-oriented inverse nodal problem for Sturm-Liouville operators,2025,MATHEMATISCHE ANNALEN,WOS:001600252700001,10.1007/s00208-025-03298-0,survivor,False,False,other,other,,,removed_filterA+B,False,False,,,exact/MILP/math-programming,not-applicable,not-applicable,deterministic,,,,,none,
477,Damage Identification for Hysteretic Structures Using a Mode Decomposition Method,2018,COMPUTER-AIDED CIVIL AND INFRASTRUCTURE ENGINEERING,WOS:000424112800001,10.1111/mice.12317,survivor,False,False,other,bridge/bridge-network,,,removed_filterA,False,False,,,other,not-applicable,not-applicable,deterministic,,,,,none,
478,Optimal design of reinforced concrete columns strengthened with square steel tubes and sandwiched concrete,2021,ENGINEERING STRUCTURES,WOS:000686120600001,10.1016/j.engstruct.2021.112723,excl_only_predisaster,True,False,network-design/retrofit/protection,other,,,excl_only_predisaster,False,False,,,exact/MILP/math-programming; other,not-applicable,not-applicable,deterministic,,,,,none,
479,Experimental investigation and modeling of low cycle fatigue behaviour of Ni-Ti shape memory alloy (SMA) rebar,2026,STRUCTURES,WOS:001732930400001,10.1016/j.istruc.2026.111741,survivor,False,False,other,bridge/bridge-network,,,removed_filterA,False,False,,,other,not-applicable,not-applicable,deterministic,,,,,bridge component (materials),
480,Cross-Domain Energy Flow Digital Twin: A Dynamic-Symbiosis-Driven Framework for Multi-Energy-Flow Coordinated Regulation in Low-Carbon Systems Based on Three-Dimensional Energy Spatio-Temporal Graph,2026,APPLIED ENERGY,WOS:001745077800001,10.1016/j.apenergy.2026.127772,excl_only_lifeline,False,True,other,lifeline-only-power-water-gas-telecom,,,excl_only_lifeline,False,False,,,graph-neural-network/GNN; reinforcement-learning/DRL,sequential/adaptive/rolling-policy,dynamic/time-varying-demand,stochastic/scenario-based,,,,,spatio-temporal GNN + reinforcement learning on dynamic graphs,
481,An Experimental Study of a Data Compression Technology-Based Intelligent Data Acquisition (IDAQ) System for Structural Health Monitoring of a Long-Span Bridge,2018,APPLIED SCIENCES-BASEL,WOS:000428369400044,10.3390/app8030361,survivor,False,False,other,bridge/bridge-network,,,removed_filterA,False,False,,,other,not-applicable,not-applicable,deterministic,,,,,none,
483,A Modified Sliding Mode Fault Tolerant Control for Large-Scale Civil Infrastructure,2016,COMPUTER-AIDED CIVIL AND INFRASTRUCTURE ENGINEERING,WOS:000379916100005,10.1111/mice.12187,survivor,False,False,other,bridge/bridge-network,,,removed_filterA,False,False,,,other,not-applicable,not-applicable,deterministic,,,,,none,
485,"Seismic stratigraphy and structural history of the Reinga Basin and its margins, southern Norfolk Ridge system",1997,NEW ZEALAND JOURNAL OF GEOLOGY AND GEOPHYSICS,WOS:000071260000002,10.1080/00288306.1997.9514774,survivor,False,False,other,other,,,removed_filterA+B,False,False,,,other,not-applicable,not-applicable,deterministic,,,,,none,
486,"Advanced digital techniques applied to outcrop models: Integrating Local Binary Pattern (LBP) and Convolutional Neural Network (CNN) to support stratigraphic and sedimentological interpretation of reservoir analogs in the Salta Basin, Argentina",2026,MARINE AND PETROLEUM GEOLOGY,WOS:001600164600001,10.1016/j.marpetgeo.2025.107623,survivor,False,False,other,other,,,removed_filterA+B,False,False,,,other-ML/supervised-learning,not-applicable,not-applicable,deterministic,,,,,none,
488,Application of multiscale technology to oil and gas field development: A review of the state of the art in chemical modification of rock wettability,2026,GEOENERGY SCIENCE AND ENGINEERING,WOS:001593607000001,10.1016/j.geoen.2025.214239,survivor,False,False,other,other,,,removed_filterA+B,False,True,,,other,not-applicable,not-applicable,deterministic,,,,,none,
489,Integrated fracability assessment methodology for unconventional naturally fractured reservoirs: Bridging the gap between geophysics and production,2016,JOURNAL OF PETROLEUM SCIENCE AND ENGINEERING,WOS:000381835600058,10.1016/j.petrol.2016.06.034,survivor,False,False,other,other,,,removed_filterA+B,False,False,,,other,not-applicable,not-applicable,deterministic,,,,,none,
490,Failure Prevention in Large-Diameter Water Pipelines Using Reliability-Centered Maintenance,2023,WATER,WOS:001136227000001,10.3390/w15244283,excl_only_lifeline,False,True,other,lifeline-only-power-water-gas-telecom,,,excl_only_lifeline,False,False,,,other,not-applicable,not-applicable,stochastic/scenario-based,,,,,none,
491,Structural Health Monitoring Using Synchrosqueezed Wavelet Transform on IASC-ASCE Benchmark Phase I,2020,INTERNATIONAL JOURNAL OF STRUCTURAL STABILITY AND DYNAMICS,WOS:000587715100012,10.1142/S0219455420501382,survivor,False,False,other,building/urban-area/community,,,removed_filterA+B,False,False,,,other,not-applicable,not-applicable,deterministic,,,,,none,
492,Advanced smart assistance with enhancing social interaction and daily activities for visually impaired individuals using deep learning with modified seagull optimization,2025,SCIENTIFIC REPORTS,WOS:001487816800022,10.1038/s41598-025-99849-1,survivor,False,False,other,bridge/bridge-network,,,removed_filterA,False,False,,,other-ML/supervised-learning; heuristic/metaheuristic/GA,not-applicable,not-applicable,deterministic,,,,,none,
493,The aim of this document is to collate key information into a simple format for use by field and on-call staff in the event of an incident.,2013,GEOLOGICAL FIELD TRIPS,WOS:000421701200001,,survivor,False,False,other,other,,,removed_filterA+B,False,False,,,other,not-applicable,not-applicable,deterministic,,,,,none,
494,A hybrid strategy blending primal-dual interior point and return mapping methods for a class of hypoelastic-plastic models with memory surface,2023,INTERNATIONAL JOURNAL FOR NUMERICAL METHODS IN ENGINEERING,WOS:000914834200001,10.1002/nme.7195,survivor,False,False,other,other,,,removed_filterA+B,False,False,,,exact/MILP/math-programming; other,not-applicable,not-applicable,deterministic,,,,,none,
495,Response of a proglacial delta to rapid high-amplitude lake-level change: an integration of outcrop data and high-resolution shear wave seismics,2011,BASIN RESEARCH,WOS:000286381500002,10.1111/j.1365-2117.2010.00465.x,survivor,False,False,other,other,,,removed_filterA+B,False,False,,,other,not-applicable,not-applicable,deterministic,,,,,none,
496,Characterization of Vegetation Dynamics on Linear Features Using Airborne Laser Scanning and Ensemble Learning,2023,FORESTS,WOS:000955644200001,10.3390/f14030511,survivor,False,False,empirical-recovery-analysis/prediction,road/highway-network,,,removed_filterA,False,False,,,other-ML/supervised-learning,not-applicable,not-applicable,deterministic,,,,,forest road linear features (superficial 'road' match only),
497,A comprehensive approach to assess transportation system resilience towards disruptive events. Case study on airside airport systems,2023,TRANSPORT POLICY,WOS:001026098300001,10.1016/j.tranpol.2023.05.011,survivor,False,False,resilience-quantification/assessment,port/airport/maritime/waterway,,,removed_filterA+B,False,False,,,,,,,,,,,,
498,Coordinated Post-Disaster Recovery and Assessment Method for Integrated Electricity-Gas-Transportation System,2023,IEEE ACCESS,WOS:000935653600001,10.1109/ACCESS.2023.3242130,survivor,False,False,restoration-scheduling/sequencing,interdependent-infrastructure-incl-transport,transport-and-lifeline-jointly,keep,kept,True,False,flow/demand-served,topological/graph-metric,decomposition/Benders/Lagrangian,sequential/adaptive/rolling-policy,dynamic/time-varying-demand,deterministic,ok,5,1.2,False,,False
499,Pre-Disaster Retrofit Decisions for Sustainable Transportation Systems in Urban Areas,2019,SUSTAINABILITY,WOS:000485230200049,10.3390/su11154044,survivor,False,False,network-design/retrofit/protection,general-transportation-network,,,removed_filterA,False,False,,,,,,,,,,,,
500,Co-optimization approach to post-storm recovery for interdependent power and transportation systems,2019,JOURNAL OF MODERN POWER SYSTEMS AND CLEAN ENERGY,WOS:000477895600003,10.1007/s40565-019-0524-7,survivor,False,False,restoration-scheduling/sequencing,interdependent-infrastructure-incl-transport,transport-and-lifeline-jointly,keep,kept,True,False,resilience-area/functionality,shortest-path/AON,exact/MILP/math-programming,a-priori/static-schedule,static-demand,deterministic,ok,26,3.2,False,,False
501,Simulation-Based Evaluation of Resilience-Enhancing Measures for Transportation Systems Subject to Hydrometeorological Hazard Events,2025,JOURNAL OF INFRASTRUCTURE SYSTEMS,WOS:001397957300001,10.1061/JITSE4.ISENG-2512,survivor,False,False,network-design/retrofit/protection,road/highway-network,,,removed_filterA,False,False,,,,,,,,,,,,
502,Coordinated Post-Disaster Restoration for Coupled Distribution-Transportation System,2025,IEEE ACCESS,WOS:001571485600012,10.1109/ACCESS.2025.3605974,survivor,False,False,restoration-scheduling/sequencing,interdependent-infrastructure-incl-transport,power-electricity-system,drop,removed_filterB_refined,False,False,,,,,,,,,,,,
503,Evaluating the role of transportation system in community seismic resilience,2024,RESILIENT CITIES AND STRUCTURES,WOS:001532661800006,10.1016/j.rcns.2024.05.003,survivor,False,False,resilience-quantification/assessment,building/urban-area/community,,,removed_filterA+B,False,False,,,,,,,,,,,,
504,Potential of Cooperative Intelligent Transport System Services to Mitigate Risk Factors Associated With Emergency Vehicle Accidents,2023,TRANSPORTATION RESEARCH RECORD,WOS:000849901800001,10.1177/03611981221119459,survivor,False,False,other,other,,,removed_filterA+B,False,True,,,,,,,,,,,,
505,A novel method to assess urban multimodal transportation system resilience considering passenger demand and infrastructure supply,2023,RELIABILITY ENGINEERING \& SYSTEM SAFETY,WOS:001037929500001,10.1016/j.ress.2023.109478,survivor,False,False,resilience-quantification/assessment,general-transportation-network,,,removed_filterA,False,False,,,,,,,,,,,,
506,Deep Reinforcement Learning-Based Allocation of Mobile Wind Turbines for Enhancing Resilience in Power Distribution Systems,2026,IEEE TRANSACTIONS ON SUSTAINABLE ENERGY,WOS:001648553900033,10.1109/TSTE.2025.3581979,survivor,False,False,restoration-scheduling/sequencing,interdependent-infrastructure-incl-transport,power-electricity-system,drop,removed_filterB_refined,False,False,,,,,,,,,,,,
507,PEMAP: An intelligence-based framework for post-event management of transportation systems,2023,COMPUTERS \& ELECTRICAL ENGINEERING,WOS:001040247800001,10.1016/j.compeleceng.2023.108856,survivor,False,False,link-criticality/importance-ranking,general-transportation-network,,,removed_filterA,False,False,,,,,,,,,,,,
508,Resilience as an Objective in the Optimal Reconstruction Sequence for Transportation Networks,2015,JOURNAL OF TRANSPORTATION SAFETY \& SECURITY,WOS:000380362000006,10.1080/19439962.2014.907384,survivor,False,False,restoration-scheduling/sequencing,road/highway-network,,,kept,True,False,resilience-area/functionality,user-equilibrium,heuristic/metaheuristic/GA,a-priori/static-schedule,static-demand,deterministic,ok,40,3.1,False,,False
509,Integrating geographical equity and travel behavior dynamics into resilience enhancement of transport networks,2025,COMPUTER-AIDED CIVIL AND INFRASTRUCTURE ENGINEERING,WOS:001616916000001,10.1111/mice.70128,survivor,False,False,network-design/retrofit/protection,general-transportation-network,,,removed_filterA,False,False,,,,,,,,,,,,
510,Measuring and Maximizing Resilience of Transportation Systems for Emergency Evacuation,2020,IEEE TRANSACTIONS ON ENGINEERING MANAGEMENT,WOS:000550658100010,10.1109/TEM.2019.2949098,survivor,False,False,evacuation,general-transportation-network,,,removed_filterA,False,False,,,,,,,,,,,,
511,"Assessing and Restoring ``Traffic-State Order'' in Open, Irreversible, Dynamically Routed, Zone-Controlled Guidepath-Based Transport Systems",2022,IEEE TRANSACTIONS ON AUTOMATION SCIENCE AND ENGINEERING,WOS:000733227300001,10.1109/TASE.2020.3048073,survivor,False,False,other,other,,,removed_filterA+B,False,False,,,,,,,,,,,,
512,"Improving the resilience of urban transportation to natural disasters: the case of Changchun, China",2025,SCIENTIFIC REPORTS,WOS:001398316700011,10.1038/s41598-024-84672-x,survivor,False,False,resilience-quantification/assessment,general-transportation-network,,,removed_filterA,False,False,,,,,,,,,,,,
513,Disruption management for the Viennese public transport provider,2016,PUBLIC TRANSPORT,WOS:000388093100001,10.1007/s12469-016-0123-1,survivor,False,False,other,railway/transit,,,removed_filterA,False,False,,,,,,,,,,,,
514,Identifying Critical Nodes in Multimodal Transport Networks Based on Resilience Theory,2026,SYSTEMS,WOS:001803559000001,10.3390/systems14060594,survivor,False,False,link-criticality/importance-ranking,general-transportation-network,,,removed_filterA,False,False,,,,,,,,,,,,
515,Identifying critical road segments and optimizing resilience strategies based on multi-state congested characteristics,2025,RELIABILITY ENGINEERING \& SYSTEM SAFETY,WOS:001429903100001,10.1016/j.ress.2025.110912,survivor,False,False,restoration-scheduling/sequencing,road/highway-network,,,kept,True,False,resilience-area/functionality,topological/graph-metric,heuristic/metaheuristic/GA,a-priori/static-schedule,static-demand,deterministic,ok,20,10.0,False,,True
516,Improving regional road network resilience by optimised traffic guidance,2017,TRANSPORTMETRICA A-TRANSPORT SCIENCE,WOS:000407519900002,10.1080/23249935.2017.1335807,survivor,False,False,network-design/retrofit/protection,road/highway-network,,,removed_filterA,False,False,,,,,,,,,,,,
517,A Sequential Repair Crew Dispatch Strategy for Distribution Systems Coordinated With Transportation Systems,2023,IEEE SYSTEMS JOURNAL,WOS:001019466700001,10.1109/JSYST.2023.3283556,survivor,False,False,crew/resource-routing-dispatch,interdependent-infrastructure-incl-transport,power-electricity-system,drop,removed_filterB_refined,False,False,,,,,,,,,,,,
518,Resilience and efficiency in transportation networks,2017,SCIENCE ADVANCES,WOS:000426690900002,10.1126/sciadv.1701079,survivor,False,False,resilience-quantification/assessment,road/highway-network,,,removed_filterA,False,False,,,,,,,,,,,,
519,Resilience as a Service for Transportation Networks: Definition and Basic Concepts,2024,TRANSPORTATION RESEARCH RECORD,WOS:001000936600001,10.1177/03611981231170180,survivor,False,False,other,general-transportation-network,,,removed_filterA,False,False,,,,,,,,,,,,
520,Spatiotemporal behaviors of the ridership of a public transportation system during an epidemic outbreak: case of MERS in Seoul,2021,JOURNAL OF THE KOREAN PHYSICAL SOCIETY,WOS:000710880300004,10.1007/s40042-021-00303-y,survivor,False,False,empirical-recovery-analysis/prediction,railway/transit,,,removed_filterA,False,False,,,,,,,,,,,,
521,Resilience analysis of maritime transportation systems based on importance measures,2021,RELIABILITY ENGINEERING \& SYSTEM SAFETY,WOS:000663909200024,10.1016/j.ress.2021.107461,survivor,False,False,link-criticality/importance-ranking,port/airport/maritime/waterway,,,removed_filterA+B,False,False,,,,,,,,,,,,
522,Measuring and evolution analyzing of the reliability in urban public transport composite network,2026,PLOS ONE,WOS:001656811400005,10.1371/journal.pone.0340590,survivor,False,False,resilience-quantification/assessment,railway/transit,,,removed_filterA,False,False,,,,,,,,,,,,
523,Integrating machine learning with ITS for effective traffic management under road development conditions,2023,INTERNATIONAL JOURNAL OF HEAVY VEHICLE SYSTEMS,WOS:001100809300004,10.1504/IJHVS.2023.134705,survivor,False,False,other,general-transportation-network,,,removed_filterA,False,False,,,,,,,,,,,,
524,Assessing the effects of link-repair sequences on road network resilience,2021,INTERNATIONAL JOURNAL OF CRITICAL INFRASTRUCTURE PROTECTION,WOS:000697770600006,10.1016/j.ijcip.2021.100448,survivor,False,False,restoration-scheduling/sequencing,road/highway-network,,,kept,True,False,resilience-area/functionality,user-equilibrium,other; heuristic/metaheuristic/GA,a-priori/static-schedule,static-demand,deterministic,ok,31,5.2,False,,False
525,Transportation security and the role of resilience: A foundation for operational metrics,2011,TRANSPORT POLICY,WOS:000287776300002,10.1016/j.tranpol.2010.09.004,survivor,False,False,resilience-quantification/assessment,railway/transit,,,removed_filterA,False,False,,,,,,,,,,,,
526,Evaluation of Resiliency of Transportation Networks After Disasters,2012,TRANSPORTATION RESEARCH RECORD,WOS:000311664900014,10.3141/2284-13,survivor,False,False,resilience-quantification/assessment,general-transportation-network,,,removed_filterA,False,False,,,,,,,,,,,,
527,An intelligent disaster decision support system for increasing the sustainability of transport networks,2015,NATURAL RESOURCES FORUM,WOS:000360051600001,10.1111/1477-8947.12070,survivor,False,False,other,road/highway-network,,,removed_filterA,False,False,,,,,,,,,,,,
528,A Coordinated Restoration Method of Hybrid AC-DC Distribution Network With Electric Buses Considering Transportation System Influence,2022,IEEE TRANSACTIONS ON INDUSTRIAL INFORMATICS,WOS:000856145200087,10.1109/TII.2022.3161027,survivor,False,False,restoration-scheduling/sequencing,interdependent-infrastructure-incl-transport,power-electricity-system,drop,removed_filterB_refined,False,False,,,,,,,,,,,,
529,InfraRisk: An open-source simulation platform for resilience analysis in interconnected power-water-transport networks,2022,SUSTAINABLE CITIES AND SOCIETY,WOS:000822564900001,10.1016/j.scs.2022.103963,survivor,False,False,resilience-quantification/assessment,interdependent-infrastructure-incl-transport,transport-and-lifeline-jointly,,removed_filterA,False,False,,,,,,,,,,,,
530,A two-stage resilience enhancement framework for power distribution system coupled with intelligent transportation system,2027,RELIABILITY ENGINEERING \& SYSTEM SAFETY,WOS:001801349600001,10.1016/j.ress.2026.113032,survivor,False,False,restoration-scheduling/sequencing,interdependent-infrastructure-incl-transport,power-electricity-system,drop,removed_filterB_refined,False,False,,,,,,,,,,,,
531,Enhancing transportation agility through neuroadaptive AI and behavioural decision intelligence,2025,TRANSPORTATION RESEARCH INTERDISCIPLINARY PERSPECTIVES,WOS:001501123500001,10.1016/j.trip.2025.101468,survivor,False,False,other,general-transportation-network,,,removed_filterA,False,False,,,,,,,,,,,,
532,Resilience assessment for bus-metro multimodal networks considering various attacking scenarios,2025,MULTIMODAL TRANSPORTATION,WOS:001648532100002,10.1016/j.multra.2025.100238,survivor,False,False,resilience-quantification/assessment,railway/transit,,,removed_filterA,False,False,,,,,,,,,,,,
533,Resilience-Oriented Distribution System Restoration Considering Mobile Emergency Resource Dispatch in Transportation System,2019,IEEE ACCESS,WOS:000472642900001,10.1109/ACCESS.2019.2921017,survivor,False,False,restoration-scheduling/sequencing,interdependent-infrastructure-incl-transport,power-electricity-system,drop,removed_filterB_refined,False,False,,,,,,,,,,,,
534,Enhancing the resilience of the global crude oil maritime transportation network: a multi-strategy perspective,2026,MARITIME POLICY \& MANAGEMENT,WOS:001654284300001,10.1080/03088839.2025.2609855,survivor,False,False,resilience-quantification/assessment,port/airport/maritime/waterway,,,removed_filterA+B,False,False,,,,,,,,,,,,
535,Improving the Resilience of Port-Hinterland Container Logistics Transportation Systems: A Bi-Level Programming Approach,2022,SUSTAINABILITY,WOS:000742449800001,10.3390/su14010180,survivor,False,False,resilience-quantification/assessment,port/airport/maritime/waterway,,,removed_filterA+B,False,False,,,,,,,,,,,,
536,"Resilience Assessment of Urban Bus-Metro Hybrid Networks in Flood Disasters: A Case Study of Zhengzhou, China",2025,SUSTAINABILITY,WOS:001496854600001,10.3390/su17104591,survivor,False,False,resilience-quantification/assessment,railway/transit,,,removed_filterA,False,False,,,,,,,,,,,,
537,Post-Disaster Resilience Optimization for Road-Bridge Transportation Systems Considering Economic Loss,2023,SUSTAINABILITY,WOS:001129773300001,10.3390/su151914380,survivor,False,False,restoration-scheduling/sequencing,bridge/bridge-network,,,kept,True,False,economic-cost/loss,shortest-path/AON,heuristic/metaheuristic/GA,a-priori/static-schedule,static-demand,deterministic,ok,3,0.8,False,,False
538,Data-driven reliability and resilience measure of transportation systems considering disaster levels,2024,ANNALS OF OPERATIONS RESEARCH,WOS:000962669700001,10.1007/s10479-023-05301-w,survivor,False,False,restoration-scheduling/sequencing,port/airport/maritime/waterway,,,removed_filterB,False,False,,,,,,,,,,,,
539,Community resilience-driven restoration model for interdependent infrastructure networks,2019,INTERNATIONAL JOURNAL OF DISASTER RISK REDUCTION,WOS:000477698300033,10.1016/j.ijdrr.2019.101228,survivor,False,False,restoration-scheduling/sequencing,interdependent-infrastructure-incl-transport,transport-and-lifeline-jointly,keep,kept,True,False,multi-criteria/composite,network-flow/capacity,exact/MILP/math-programming,a-priori/static-schedule,static-demand,deterministic,ok,100,12.5,True,,False
540,"Daily resilience of urban road transportation systems: Assessment, enhancement, and recovery",2026,RELIABILITY ENGINEERING \& SYSTEM SAFETY,WOS:001759955500001,10.1016/j.ress.2026.112788,survivor,False,False,resilience-quantification/assessment,road/highway-network,,,removed_filterA,False,False,,,,,,,,,,,,
541,Distributed Self-Healing for Resilient Network Design in Local Resource Allocation Control,2022,FRONTIERS IN PHYSICS,WOS:000797730000001,10.3389/fphy.2022.870560,survivor,False,False,network-design/retrofit/protection,other,,,removed_filterA+B,False,False,,,,,,,,,,,,
542,Coordinated Restoration Method for Electric Buses and Network Reconfigurations in Distribution Systems Under Extreme Events,2024,CSEE JOURNAL OF POWER AND ENERGY SYSTEMS,WOS:001335671700012,10.17775/CSEEJPES.2020.04320,survivor,False,False,restoration-scheduling/sequencing,interdependent-infrastructure-incl-transport,power-electricity-system,drop,removed_filterB_refined,False,False,,,,,,,,,,,,
543,Sequencing interdependent disruption recovery projects: Exact solution via network flow reformulation,2023,TRANSPORTATION RESEARCH PART D-TRANSPORT AND ENVIRONMENT,WOS:000973003800001,10.1016/j.trd.2022.103565,survivor,False,False,restoration-scheduling/sequencing,general-transportation-network,,,kept,True,False,resilience-area/functionality,user-equilibrium,exact/dynamic-programming,a-priori/static-schedule,static-demand,deterministic,ok,7,1.8,False,,False
544,Network Reconfiguration for Increasing Transportation System Resilience Under Extreme Events,2019,RISK ANALYSIS,WOS:000484531200012,10.1111/risa.13320,survivor,False,False,evacuation,general-transportation-network,,,removed_filterA,False,False,,,,,,,,,,,,
545,Resilience assessment of highway-railway composite network in urban agglomeration,2025,PROCEEDINGS OF THE INSTITUTION OF CIVIL ENGINEERS-TRANSPORT,WOS:001459814100001,10.1680/jtran.23.00124,survivor,False,False,resilience-quantification/assessment,general-transportation-network,,,removed_filterA,False,False,,,,,,,,,,,,
546,A Multi-Scenario Probabilistic Simulation Approach for Critical Transportation Network Risk Assessment,2018,NETWORKS \& SPATIAL ECONOMICS,WOS:000431042100007,10.1007/s11067-018-9392-3,survivor,False,False,link-criticality/importance-ranking,general-transportation-network,,,removed_filterA,False,False,,,,,,,,,,,,
547,Towards resilient and smart urban road networks: Connectivity restoration via community structure,2021,SUSTAINABLE CITIES AND SOCIETY,WOS:000722582900008,10.1016/j.scs.2021.103344,survivor,False,False,restoration-scheduling/sequencing,road/highway-network,,,kept,True,False,connectivity/reachability,shortest-path/AON,exact/MILP/math-programming; heuristic/metaheuristic/GA,a-priori/static-schedule,static-demand,deterministic,ok,25,4.2,False,,False
548,"Evaluating the Resilience of Mountainous Sparse Road Networks in High-Risk Geological Disaster Areas: A Case Study in Tibet, China",2025,APPLIED SCIENCES-BASEL,WOS:001442389000001,10.3390/app15052688,survivor,False,False,resilience-quantification/assessment,road/highway-network,,,removed_filterA,False,False,,,,,,,,,,,,
549,Multi-Time-Step Rolling Optimization Strategy for Post-Disaster Emergency Recovery in Distribution System Based on Model Predictive Control,2025,CSEE JOURNAL OF POWER AND ENERGY SYSTEMS,WOS:001422992600027,10.17775/CSEEJPES.2021.08050,survivor,False,False,restoration-scheduling/sequencing,interdependent-infrastructure-incl-transport,power-electricity-system,drop,removed_filterB_refined,False,False,,,,,,,,,,,,
550,Resilient bus services design in a multimodal network with uncertain metro system disruption,2025,TRANSPORTATION RESEARCH PART C-EMERGING TECHNOLOGIES,WOS:001482422400001,10.1016/j.trc.2025.105118,survivor,False,False,network-design/retrofit/protection,railway/transit,,,removed_filterA,False,False,,,,,,,,,,,,
551,Evaluating the sustainability and resilience of an intermodal transport network leveraging consolidation strategies,2024,TRANSPORTATION RESEARCH PART E-LOGISTICS AND TRANSPORTATION REVIEW,WOS:001264937900001,10.1016/j.tre.2024.103616,survivor,False,False,network-design/retrofit/protection,general-transportation-network,,,removed_filterA,False,False,,,,,,,,,,,,
552,A collaborative restoration strategy of resilient distribution system with the support of electric bus clusters,2024,INTERNATIONAL JOURNAL OF ELECTRICAL POWER \& ENERGY SYSTEMS,WOS:001312894700001,10.1016/j.ijepes.2024.110199,survivor,False,False,restoration-scheduling/sequencing,interdependent-infrastructure-incl-transport,power-electricity-system,drop,removed_filterB_refined,False,False,,,,,,,,,,,,
553,Two homologous oligopeptide binding protein genes (oppA) in Lactococcus lactis MG1363,2004,INTERNATIONAL JOURNAL OF FOOD MICROBIOLOGY,WOS:000225239500002,10.1016/j.ijfoodmicro.2004.04.003,survivor,False,False,other,other,,,removed_filterA+B,False,False,,,,,,,,,,,,
554,A Data-Driven Resilience Framework of Directionality Configuration Based on Topological Credentials in Road Networks,2025,IEEE TRANSACTIONS ON INTELLIGENT TRANSPORTATION SYSTEMS,WOS:001508166500001,10.1109/TITS.2025.3574969,survivor,False,False,network-design/retrofit/protection,road/highway-network,,,removed_filterA,False,False,,,,,,,,,,,,
555,Coordinating debris cleanup operations in post disaster road networks,2014,SOCIO-ECONOMIC PLANNING SCIENCES,WOS:000365647400002,10.1016/j.seps.2014.08.001,survivor,False,False,debris-clearance,road/highway-network,,,kept,True,False,multi-criteria/composite,shortest-path/AON,heuristic/metaheuristic/GA; exact/MILP/math-programming,a-priori/static-schedule,static-demand,stochastic/scenario-based,ok,77,5.9,True,,False
556,Smart City L'Aquila: An Application of the ``Infostructure{''} Approach to Public Urban Mobility in a Post-Disaster Context,2018,JOURNAL OF URBAN TECHNOLOGY,WOS:000423770200006,10.1080/10630732.2017.1362901,survivor,False,False,other,railway/transit,,,removed_filterA,False,False,,,,,,,,,,,,
557,Co-planning of hydrogen-based microgrids and fuel-cell bus operation centers under low-carbon and resilience considerations,2023,APPLIED ENERGY,WOS:000944392100001,10.1016/j.apenergy.2023.120849,survivor,False,False,network-design/retrofit/protection,interdependent-infrastructure-incl-transport,power-electricity-system,,removed_filterA,False,False,,,,,,,,,,,,
558,Assessment of port resilience using Bayesian network: A study of strategies to enhance readiness and response capacities,2023,RELIABILITY ENGINEERING \& SYSTEM SAFETY,WOS:001010380300001,10.1016/j.ress.2023.109394,survivor,False,False,resilience-quantification/assessment,port/airport/maritime/waterway,,,removed_filterA+B,False,False,,,,,,,,,,,,
559,Dynamic Optimization of Transportation Networks Using Big Data-Driven Reinforcement Learning,2026,IEEE TRANSACTIONS ON INTELLIGENT TRANSPORTATION SYSTEMS,WOS:001470602300001,10.1109/TITS.2025.3554799,survivor,False,False,other,general-transportation-network,,,removed_filterA,False,False,,,,,,,,,,,,
560,Mobility-As-A-Service for Resilience Delivery in Power Distribution Systems,2021,PRODUCTION AND OPERATIONS MANAGEMENT,WOS:000675545800001,10.1111/poms.13393,survivor,False,False,restoration-scheduling/sequencing,interdependent-infrastructure-incl-transport,power-electricity-system,drop,removed_filterB_refined,False,False,,,,,,,,,,,,
561,Generative AI for transportation safety and resilience: a comprehensive review from a lifecycle perspective,2026,SAFETY SCIENCE,WOS:001643930400001,10.1016/j.ssci.2025.107090,survivor,False,False,other,general-transportation-network,,,removed_filterA,False,True,,,,,,,,,,,,
562,Resilience assessment and enhancement of urban transportation interdependent network under cascading failure,2026,RELIABILITY ENGINEERING \& SYSTEM SAFETY,WOS:001684891200001,10.1016/j.ress.2026.112302,survivor,False,False,restoration-scheduling/sequencing,general-transportation-network,,,kept,True,False,resilience-area/functionality,network-flow/capacity,heuristic/metaheuristic/GA,a-priori/static-schedule,static-demand,deterministic,ok,3,3.0,False,,True
563,Agent-Based Modeling and Simulation of Coordination by Airline Operations Control,2016,IEEE TRANSACTIONS ON EMERGING TOPICS IN COMPUTING,WOS:000390195500003,10.1109/TETC.2015.2439633,survivor,False,False,other,port/airport/maritime/waterway,,,removed_filterA+B,False,False,,,,,,,,,,,,
564,How has the COVID-19 pandemic reshaped the aviation network? A comparative pre- and during-pandemic analysis,2025,TRANSPORT POLICY,WOS:001362879200001,10.1016/j.tranpol.2024.11.008,survivor,False,False,empirical-recovery-analysis/prediction,port/airport/maritime/waterway,,,removed_filterA+B,False,False,,,,,,,,,,,,
565,Assessment of transportation system disruption and accessibility to critical amenities during flooding: Iowa case study,2021,SCIENCE OF THE TOTAL ENVIRONMENT,WOS:000691586900003,10.1016/j.scitotenv.2021.148476,survivor,False,False,vulnerability/risk/fragility-assessment,road/highway-network,,,removed_filterA,False,False,,,,,,,,,,,,
566,IMMUNER: Integrated Multimodal Mobility Under Network Disruptions,2023,IEEE TRANSACTIONS ON INTELLIGENT TRANSPORTATION SYSTEMS,WOS:000941800300006,10.1109/TITS.2022.3224413,survivor,False,False,other,general-transportation-network,,,removed_filterA,False,False,,,,,,,,,,,,
567,The iron-regulated iupABC operon is required for saprophytic growth of the intracellular pathogen Rhodococcus equi at low iron concentrations,2005,JOURNAL OF BACTERIOLOGY,WOS:000228916800019,10.1128/JB.187.10.3438-3444.2005,survivor,False,False,other,other,,,removed_filterA+B,False,False,,,,,,,,,,,,
568,"Resilience-based restoration sequence optimization for vulnerable metro stations with limited budget: A case study of Beijing, China",2024,PHYSICA A-STATISTICAL MECHANICS AND ITS APPLICATIONS,WOS:001318401400001,10.1016/j.physa.2024.130102,survivor,False,False,restoration-scheduling/sequencing,railway/transit,,,kept,True,False,resilience-area/functionality,topological/graph-metric,heuristic/metaheuristic/GA,a-priori/static-schedule,static-demand,deterministic,ok,8,2.7,False,,False
569,"A two-component response regulator, gltR, is required for glucose transport activity in Pseudomonas aeruginosa PAO1",1996,JOURNAL OF BACTERIOLOGY,WOS:A1996VL47200031,10.1128/jb.178.20.6064-6066.1996,survivor,False,False,other,other,,,removed_filterA+B,False,False,,,,,,,,,,,,
570,Two-Stage Resilience Evaluation for Healthcare Networks from the Adaptability and Recoverability Perspective,2025,NATURAL HAZARDS REVIEW,WOS:001444666500002,10.1061/NHREFO.NHENG-2171,survivor,False,False,resilience-quantification/assessment,building/urban-area/community,,,removed_filterA+B,False,False,,,,,,,,,,,,
571,A Real-Time Robust Method for Post-Disaster Load Restoration of Coordinated Power-Transportation System With Vehicle-to-Grid Response,2025,IEEE TRANSACTIONS ON SMART GRID,WOS:001516515600047,10.1109/TSG.2025.3568619,survivor,False,False,restoration-scheduling/sequencing,interdependent-infrastructure-incl-transport,power-electricity-system,drop,removed_filterB_refined,False,False,,,,,,,,,,,,
572,Resilience-oriented network reconfiguration strategies for community emergency medical services,2023,RELIABILITY ENGINEERING \& SYSTEM SAFETY,WOS:000896660900006,10.1016/j.ress.2022.109029,survivor,False,False,other,general-transportation-network,,,removed_filterA,False,False,,,,,,,,,,,,
573,Flight diversions and recovery decisions: Evidence from China,2026,TRANSPORTATION RESEARCH PART A-POLICY AND PRACTICE,WOS:001664268900001,10.1016/j.tra.2026.104862,survivor,False,False,empirical-recovery-analysis/prediction,port/airport/maritime/waterway,,,removed_filterA+B,False,False,,,,,,,,,,,,
574,Managing rail-truck intermodal transportation for hazardous materials with random yard disruptions,2022,ANNALS OF OPERATIONS RESEARCH,WOS:000545194200001,10.1007/s10479-020-03699-1,survivor,False,False,network-design/retrofit/protection,general-transportation-network,,,removed_filterA,False,False,,,,,,,,,,,,
575,Resilience in Intelligent Transportation Systems (ITS),2019,TRANSPORTATION RESEARCH PART C-EMERGING TECHNOLOGIES,WOS:000460852700019,10.1016/j.trc.2019.01.014,survivor,False,False,resilience-quantification/assessment,general-transportation-network,,,removed_filterA,False,False,,,,,,,,,,,,
576,Scheduling Short-Term Recovery Activities to Maximize Transportation Network Resilience,2015,JOURNAL OF COMPUTING IN CIVIL ENGINEERING,WOS:000363089200008,10.1061/(ASCE)CP.1943-5487.0000417,survivor,False,False,restoration-scheduling/sequencing,railway/transit,,,kept,True,False,resilience-area/functionality,network-flow/capacity,exact/MILP/math-programming; decomposition/Benders/Lagrangian; heuristic/metaheuristic/GA,a-priori/static-schedule,static-demand,stochastic/scenario-based,ok,55,4.2,True,,True
577,Collaboration decisions on disruption recovery service in urban public tram systems,2012,TRANSPORTATION RESEARCH PART E-LOGISTICS AND TRANSPORTATION REVIEW,WOS:000301018000002,10.1016/j.tre.2011.11.005,survivor,False,False,other,railway/transit,,,removed_filterA,False,False,,,,,,,,,,,,
578,A probabilistic framework to simulate the dynamics of post-earthquake rescue operations,2025,RELIABILITY ENGINEERING \& SYSTEM SAFETY,WOS:001537426100001,10.1016/j.ress.2025.111393,survivor,False,False,post-disaster-relief-logistics/distribution,road/highway-network,,,removed_filterA,False,False,,,,,,,,,,,,
579,Transportation Density and Opportunities for Expediting Recovery to Promote Security,2008,JOURNAL OF APPLIED SECURITY RESEARCH,WOS:000213144000007,10.1080/19361610802210194,survivor,False,False,other,railway/transit,,,removed_filterA,False,False,,,,,,,,,,,,
580,Rerouting aircraft for airline recovery,2003,TRANSPORTATION SCIENCE,WOS:000187122400005,10.1287/trsc.37.4.408.23271,survivor,False,False,other,port/airport/maritime/waterway,,,removed_filterA+B,False,False,,,,,,,,,,,,
581,A post-disaster restoration model for power-gas-transportation distribution networks considering spatial interdependency and energy hubs,2024,ELECTRIC POWER SYSTEMS RESEARCH,WOS:001246159300001,10.1016/j.epsr.2024.110505,survivor,False,False,restoration-scheduling/sequencing,interdependent-infrastructure-incl-transport,power-electricity-system,drop,removed_filterB_refined,False,False,,,,,,,,,,,,
582,Hybrid protection and restoration strategy for disaster-resilient EONs with differentiated degradation,2026,TELECOMMUNICATION SYSTEMS,WOS:001783623300002,10.1007/s11235-026-01448-6,excl_only_lifeline,False,True,,,,,excl_only_lifeline,False,False,,,,,,,,,,,,
583,Post-disruption lane reversal optimization with surrogate modeling to improve urban traffic resilience,2025,TRANSPORTATION RESEARCH PART B-METHODOLOGICAL,WOS:001490658600001,10.1016/j.trb.2025.103237,survivor,False,False,other,road/highway-network,,,removed_filterA,False,False,,,,,,,,,,,,
584,The q-Ad Hoc Hub Location Problem for Multi-modal Networks,2017,NETWORKS \& SPATIAL ECONOMICS,WOS:000412519600014,10.1007/s11067-017-9357-y,survivor,False,False,link-criticality/importance-ranking,general-transportation-network,,,removed_filterA,False,False,,,,,,,,,,,,
585,"CLONING AND CHARACTERIZATION OF MGTE, A PUTATIVE NEW CLASS OF MG2+ TRANSPORTER FROM BACILLUS-FIRMUS OF4",1995,JOURNAL OF BACTERIOLOGY,WOS:A1995QJ43900015,10.1128/jb.177.5.1233-1238.1995,survivor,False,False,other,other,,,removed_filterA+B,False,False,,,,,,,,,,,,
586,eRoute: Mobility-Driven Integration of Heterogeneous Urban Cyber-Physical Systems Under Disruptive Events,2023,IEEE TRANSACTIONS ON MOBILE COMPUTING,WOS:000965294600001,10.1109/TMC.2021.3091324,survivor,False,False,other,general-transportation-network,,,removed_filterA,False,False,,,,,,,,,,,,
587,A resilience optimization model for transportation networks under disasters,2018,NATURAL HAZARDS,WOS:000437396900023,10.1007/s11069-018-3310-3,survivor,False,False,restoration-scheduling/sequencing,general-transportation-network,,,kept,True,False,resilience-area/functionality,user-equilibrium,exact/MILP/math-programming,a-priori/static-schedule,static-demand,deterministic,ok,148,16.4,True,,False
588,A methodological framework for Resilience as a Service (RaaS) in multimodal urban transportation networks,2025,SUSTAINABLE CITIES AND SOCIETY,WOS:001456295200001,10.1016/j.scs.2025.106276,survivor,False,False,other,railway/transit,,,removed_filterA,False,False,,,,,,,,,,,,
589,Road criticality assessment to improve commutes during floods,2024,JOURNAL OF ENVIRONMENTAL MANAGEMENT,WOS:001123518700001,10.1016/j.jenvman.2023.119592,survivor,False,False,link-criticality/importance-ranking,road/highway-network,,,removed_filterA,False,False,,,,,,,,,,,,
590,Capturing Interdependencies and Heterogeneity in the Management of Multifacility Transportation Infrastructure Systems,2007,JOURNAL OF INFRASTRUCTURE SYSTEMS,WOS:000208506100005,10.1061/(ASCE)1076-0342(2007)13:2(115),survivor,False,False,other,general-transportation-network,,,removed_filterA,False,False,,,,,,,,,,,,
591,Identifying critical combination of roadside slopes susceptible to rainfall-induced failures,2022,NATURAL HAZARDS,WOS:000782554800001,10.1007/s11069-022-05343-6,survivor,False,False,network-design/retrofit/protection,road/highway-network,,,removed_filterA,False,False,,,,,,,,,,,,
592,Prioritizing Postdisaster Recovery of Transportation Infrastructure Systems Using Multiagent Reinforcement Learning,2021,JOURNAL OF MANAGEMENT IN ENGINEERING,WOS:000672291600005,10.1061/(ASCE)ME.1943-5479.0000868,survivor,False,False,restoration-scheduling/sequencing,general-transportation-network,,,kept,True,False,multi-criteria/composite,none/not-modeled,reinforcement-learning/DRL; simulation-optimization,sequential/adaptive/rolling-policy,static-demand,deterministic,ok,42,6.0,False,,True
593,Reliability based pre-positioning of recovery centers for resilient transportation infrastructure,2016,INTERNATIONAL JOURNAL OF DISASTER RISK REDUCTION,WOS:000390555100032,10.1016/j.ijdrr.2016.09.004,survivor,False,False,post-disaster-relief-logistics/distribution,bridge/bridge-network,,,removed_filterA,False,False,,,,,,,,,,,,
594,Recovery Analysis and Maintenance Priority of Metro Networks Based on Importance Measure,2022,MATHEMATICS,WOS:000881181600001,10.3390/math10213989,survivor,False,False,restoration-scheduling/sequencing,railway/transit,,,kept,True,False,resilience-area/functionality,topological/graph-metric,other,a-priori/static-schedule,static-demand,deterministic,ok,10,2.0,False,,False
595,A Graph-Spatiotemporal Prediction-Aware Optimization Framework for Emergency Resource Scheduling in Rainstorm-Induced Multimodal Transportation Networks,2026,IEEE ACCESS,WOS:001767284900038,10.1109/ACCESS.2026.3690456,survivor,False,False,crew/resource-routing-dispatch,general-transportation-network,,,kept,True,False,multi-criteria/composite,topological/graph-metric,heuristic/metaheuristic/GA; graph-neural-network/GNN,sequential/adaptive/rolling-policy,dynamic/time-varying-demand,adaptive/multistage-revelation,ok,0,0.0,False,,False
596,"Assessing the Dynamic Resilience of Local Roads: A Case Study of Flooding in Wuhan, China",2022,JOURNAL OF ADVANCED TRANSPORTATION,WOS:000802309800001,10.1155/2022/7303346,survivor,False,False,resilience-quantification/assessment,road/highway-network,,,removed_filterA,False,False,,,,,,,,,,,,
597,Can street-focused emergency response measures trigger a transition to new transport systems? Exploring evidence and lessons from 55 US cities,2021,TRANSPORT POLICY,WOS:000631847600001,10.1016/j.tranpol.2021.01.015,survivor,False,False,other,road/highway-network,,,removed_filterA,False,False,,,,,,,,,,,,
598,An optimized bus route network reconfiguration method under interrupted road network induced by rainstorm,2025,TRANSPORTATION,WOS:001572786500001,10.1007/s11116-025-10670-1,survivor,False,False,evacuation,railway/transit,,,removed_filterA,False,False,,,,,,,,,,,,
599,Modeling Regional and Local Resilience of Infrastructure Networks Following Disruptions from Natural Hazards,2022,JOURNAL OF INFRASTRUCTURE SYSTEMS,WOS:000825759200006,10.1061/(ASCE)IS.1943-555X.0000694,survivor,False,False,resilience-quantification/assessment,road/highway-network,,,removed_filterA,False,False,,,,,,,,,,,,
600,Swelling mechanism analysis of nylon PA6 and PA66 in methanol: A multi-factor approach,2026,POLYMER,WOS:001786556500001,10.1016/j.polymer.2026.130297,survivor,False,False,other,other,,,removed_filterA+B,False,False,,,,,,,,,,,,
601,When Roads Go Underwater: AI-Enhanced Digital Twin-Driven Flood Resilience for Roadway Serviceability Assessment,2026,JOURNAL OF MANAGEMENT IN ENGINEERING,WOS:001715494500007,10.1061/JMENEA.MEENG-7046,survivor,False,False,empirical-recovery-analysis/prediction,road/highway-network,,,removed_filterA,False,False,,,,,,,,,,,,
602,Disruption Management Approaches for Berth Scheduling in Bulk Terminals,2022,JOURNAL OF ADVANCED TRANSPORTATION,WOS:000861055400001,10.1155/2022/8069796,survivor,False,False,other,port/airport/maritime/waterway,,,removed_filterA+B,False,False,,,,,,,,,,,,
603,"TRANSPORT INFRASTRUCTURE PERFORMANCE AND MANAGEMENT IN THE SOUTH ISLAND OF NEW ZEALAND, DURING THE FIRST 100 DAYS FOLLOWING THE 2016 MW 7.8 ``KAIKOURA{''} EARTHQUAKE",2017,BULLETIN OF THE NEW ZEALAND SOCIETY FOR EARTHQUAKE ENGINEERING,WOS:000407278300016,10.5459/bnzsee.50.2.271-299,survivor,False,False,empirical-recovery-analysis/prediction,general-transportation-network,,,removed_filterA,False,False,,,,,,,,,,,,
604,Transportation planning for disasters: an accessibility approach,2003,ENVIRONMENT AND PLANNING A-ECONOMY AND SPACE,WOS:000184154600007,10.1068/a35195,survivor,False,False,restoration-scheduling/sequencing,general-transportation-network,,,kept,True,False,travel-time/accessibility,user-equilibrium,other,a-priori/static-schedule,static-demand,stochastic/scenario-based,ok,97,4.0,True,,False
605,Evacuating metro passengers via the urban bus system under uncertain disruption recovery time and heterogeneous risk-taking behaviour,2020,TRANSPORTATION RESEARCH PART C-EMERGING TECHNOLOGIES,WOS:000573753800003,10.1016/j.trc.2020.102761,survivor,False,False,evacuation,railway/transit,,,removed_filterA,False,False,,,,,,,,,,,,
606,Brucella abortus strain 2308 putative glucose and galactose transporter gene: cloning and characterization,1997,MICROBIOLOGY-SGM,WOS:A1997WZ94400011,10.1099/00221287-143-5-1549,survivor,False,False,other,other,,,removed_filterA+B,False,False,,,,,,,,,,,,
607,Managing oversaturation in BRT corridors: A new approach of timetabling for resilience enhancement using a tailored integer L-shaped algorithm,2025,EUROPEAN JOURNAL OF OPERATIONAL RESEARCH,WOS:001308984000001,10.1016/j.ejor.2024.07.035,survivor,False,False,other,railway/transit,,,removed_filterA,False,False,,,,,,,,,,,,
608,Rescheduling production and outbound deliveries when transportation service is disrupted,2020,EUROPEAN JOURNAL OF OPERATIONAL RESEARCH,WOS:000534028200011,10.1016/j.ejor.2020.03.033,survivor,False,False,other,supply-chain/facility,,,removed_filterA+B,False,False,,,,,,,,,,,,
609,Simple method for identifying interdependencies in service delivery in critical infrastructure networks,2021,APPLIED NETWORK SCIENCE,WOS:000662956300002,10.1007/s41109-021-00385-4,survivor,False,False,link-criticality/importance-ranking,road/highway-network,,,removed_filterA,False,False,,,,,,,,,,,,
610,Timetable Recovery After Disturbances in Metro Operations: An Exact and Efficient Solution,2022,IEEE TRANSACTIONS ON INTELLIGENT TRANSPORTATION SYSTEMS,WOS:000790829400016,10.1109/TITS.2020.3041151,survivor,False,False,other,railway/transit,,,removed_filterA,False,False,,,,,,,,,,,,
611,Multi-objective cooperative transportation for reconfigurable robot using isomorphic mapping multi-agent reinforcement learning,2024,MECHATRONICS,WOS:001264395100001,10.1016/j.mechatronics.2024.103206,survivor,False,False,other,other,,,removed_filterA+B,False,False,,,,,,,,,,,,
612,A new risk-based measure of link criticality for flood risk planning,2024,TRANSPORTATION,WOS:001016137700001,10.1007/s11116-023-10396-y,survivor,False,False,link-criticality/importance-ranking,road/highway-network,,,removed_filterA,False,False,,,,,,,,,,,,
613,Robust integrated optimization for train rescheduling and rolling stock circulation of metro lines under disruptions,2026,TRANSPORTMETRICA B-TRANSPORT DYNAMICS,WOS:001794055900001,10.1080/21680566.2026.2686385,survivor,False,False,other,railway/transit,,,removed_filterA,False,False,,,,,,,,,,,,
614,Qualitative risk assessment and strategies for infrastructure on permafrost in the French Alps,2021,COLD REGIONS SCIENCE AND TECHNOLOGY,WOS:000732784600004,10.1016/j.coldregions.2021.103311,survivor,False,False,vulnerability/risk/fragility-assessment,other,,,removed_filterA+B,False,False,,,,,,,,,,,,
615,Post-disaster recovery sequencing strategy for road networks,2021,TRANSPORTATION RESEARCH PART B-METHODOLOGICAL,WOS:000715050400002,10.1016/j.trb.2021.09.007,survivor,False,False,restoration-scheduling/sequencing,road/highway-network,,,kept,True,False,travel-time/accessibility,user-equilibrium,exact/dynamic-programming; heuristic/metaheuristic/GA,a-priori/static-schedule,static-demand,deterministic,ok,33,5.5,False,,False
616,A social-cost framework for prioritizing infrastructure restoration in post-disaster transportation networks,2026,INTERNATIONAL JOURNAL OF DISASTER RISK REDUCTION,WOS:001788450100001,10.1016/j.ijdrr.2026.106238,survivor,False,False,restoration-scheduling/sequencing,road/highway-network,,,kept,True,False,economic-cost/loss,user-equilibrium,heuristic/metaheuristic/GA,sequential/adaptive/rolling-policy,static-demand,deterministic,ok,0,0.0,False,,False
617,Resilience-Oriented Pre-Hurricane Resource Allocation in Distribution Systems Considering Electric Buses,2017,PROCEEDINGS OF THE IEEE,WOS:000403472800004,10.1109/JPROC.2017.2666548,survivor,False,False,network-design/retrofit/protection,interdependent-infrastructure-incl-transport,power-electricity-system,,removed_filterA,False,False,,,,,,,,,,,,
618,Advanced AI and Machine Learning Techniques for Time Series Analysis and Pattern Recognition,2025,APPLIED SCIENCES-BASEL,WOS:001454256400001,10.3390/app15063165,survivor,False,False,other,other,,,removed_filterA+B,False,False,,,,,,,,,,,,
619,Bus Rescheduling for Long-Term Benefits: An Integrated Model Focusing on Service Capability and Regularity,2024,APPLIED SCIENCES-BASEL,WOS:001182013200001,10.3390/app14051872,survivor,False,False,other,railway/transit,,,removed_filterA,False,False,,,,,,,,,,,,
620,Integrated optimization of bus bridging routes and timetables for rail disruptions,2021,EUROPEAN JOURNAL OF OPERATIONAL RESEARCH,WOS:000668929800006,10.1016/j.ejor.2021.03.014,survivor,False,False,other,railway/transit,,,removed_filterA,False,False,,,,,,,,,,,,
621,Multi-level approach to assessing the resilience of road network infrastructure,2021,INTERNATIONAL JOURNAL OF CRITICAL INFRASTRUCTURES,WOS:000683829500001,10.1504/IJCIS.2021.116856,survivor,False,False,resilience-quantification/assessment,road/highway-network,,,removed_filterA,False,False,,,,,,,,,,,,
622,An AIS-Based approach for measuring waterway resiliency: a case study of Houston ship channel,2023,MARITIME POLICY \& MANAGEMENT,WOS:000767651100001,10.1080/03088839.2022.2047813,survivor,False,False,resilience-quantification/assessment,port/airport/maritime/waterway,,,removed_filterA+B,False,False,,,,,,,,,,,,
623,Barriers to an effective post-recovery process: A comparative analysis of the Public?s and experts? perspectives,2021,INTERNATIONAL JOURNAL OF DISASTER RISK REDUCTION,WOS:000647708500007,10.1016/j.ijdrr.2021.102181,survivor,False,False,empirical-recovery-analysis/prediction,other,,,removed_filterA+B,False,False,,,,,,,,,,,,
624,Could the war disruption in Ukraine move micromobility forward? Stakeholders' perspective,2025,EUROPEAN TRANSPORT RESEARCH REVIEW,WOS:001584770000001,10.1186/s12544-025-00742-9,survivor,False,False,other,general-transportation-network,,,removed_filterA,False,False,,,,,,,,,,,,
625,Resilience assessment and enhancement of urban road networks subject to traffic accidents: a network-scale optimization strategy,2024,JOURNAL OF INTELLIGENT TRANSPORTATION SYSTEMS,WOS:000888927700001,10.1080/15472450.2022.2141119,survivor,False,False,other,road/highway-network,,,removed_filterA,False,False,,,,,,,,,,,,
626,Edge-based graph neural network for ranking critical road segments in a network,2023,PLOS ONE,WOS:001153816100097,10.1371/journal.pone.0296045,survivor,False,False,link-criticality/importance-ranking,road/highway-network,,,removed_filterA,False,False,,,,,,,,,,,,
627,Resilience of transportation infrastructure networks to road failures,2024,CHAOS,WOS:001145913900004,10.1063/5.0165839,survivor,False,False,resilience-quantification/assessment,road/highway-network,,,removed_filterA,False,False,,,,,,,,,,,,
628,A simulation-optimization framework for traffic disturbance recovery in metro systems,2022,TRANSPORTATION RESEARCH PART C-EMERGING TECHNOLOGIES,WOS:000795914600005,10.1016/j.trc.2021.103525,survivor,False,False,other,railway/transit,,,removed_filterA,False,False,,,,,,,,,,,,
629,Enhancing Operational Resilience in Coupled Short-Sea Ro-Pax Systems: A Cross-Port Coordinated Scheduling Model for Post-Disruption Recovery,2026,JOURNAL OF MARINE SCIENCE AND ENGINEERING,WOS:001738701900001,10.3390/jmse14070662,survivor,False,False,other,port/airport/maritime/waterway,,,removed_filterA+B,False,False,,,,,,,,,,,,
630,Restoring Accessibility during Urban Rail Disruptions via Bus Network Redesign,2026,TRANSPORTATION RESEARCH RECORD,WOS:001651033100001,10.1177/03611981251382903,survivor,False,False,other,railway/transit,,,removed_filterA,False,False,,,,,,,,,,,,
631,The TransIRIO model: Capturing the economic ripple effect of different economic behaviours in post-disaster emergencyRecovery- Reconstruction,2024,INTERNATIONAL JOURNAL OF DISASTER RISK REDUCTION,WOS:001265709100001,10.1016/j.ijdrr.2024.104634,survivor,False,False,empirical-recovery-analysis/prediction,general-transportation-network,,,removed_filterA,False,False,,,,,,,,,,,,
632,Maritime port network resiliency and reliability through co-opetition,2020,TRANSPORTATION RESEARCH PART E-LOGISTICS AND TRANSPORTATION REVIEW,WOS:000529057800004,10.1016/j.tre.2020.101916,survivor,False,False,network-design/retrofit/protection,port/airport/maritime/waterway,,,removed_filterA+B,False,False,,,,,,,,,,,,
633,Reliability evaluation and multi-stage performance analysis of multi-state air-ground cooperative networks for city aviation and railway infrastructure,2026,RELIABILITY ENGINEERING \& SYSTEM SAFETY,WOS:001544042100003,10.1016/j.ress.2025.111500,survivor,False,False,resilience-quantification/assessment,general-transportation-network,,,removed_filterA,False,False,,,,,,,,,,,,
634,A paradigm shift in urban mobility: Policy insights from travel before and after COVID-19 to seize the opportunity,2021,TRANSPORT POLICY,WOS:000679369400002,10.1016/j.tranpol.2021.06.010,survivor,False,False,other,general-transportation-network,,,removed_filterA,False,False,,,,,,,,,,,,
635,An interdisciplinary review to develop guidelines for modeling population displacement as a function of infrastructure reconstruction decisions,2019,TRANSPORTATION RESEARCH INTERDISCIPLINARY PERSPECTIVES,WOS:001489906700004,10.1016/j.trip.2019.100072,survivor,False,False,other,general-transportation-network,,,removed_filterA,False,True,,,,,,,,,,,,
636,Generative artificial intelligence and urban transport resilience: Rethinking sustainable mobility,2026,SAFETY SCIENCE,WOS:001694663200001,10.1016/j.ssci.2026.107148,survivor,False,False,other,general-transportation-network,,,removed_filterA,False,True,,,,,,,,,,,,
637,Identifying Topological Credentials of Physical Infrastructure Components to Enhance Transportation Network Resilience: Case of Florida Bridges,2022,JOURNAL OF TRANSPORTATION ENGINEERING PART A-SYSTEMS,WOS:000836911800017,10.1061/JTEPBS.0000712,survivor,False,False,link-criticality/importance-ranking,bridge/bridge-network,,,removed_filterA,False,False,,,,,,,,,,,,
638,Economic consequences of inland waterway disruptions in the Upper Mississippi River region in a changing climate,2024,ANNALS OF REGIONAL SCIENCE,WOS:001249371300001,10.1007/s00168-024-01283-0,survivor,False,False,empirical-recovery-analysis/prediction,port/airport/maritime/waterway,,,removed_filterA+B,False,False,,,,,,,,,,,,
639,Measuring node importance in air transportation systems: On the quality of complex network estimations,2023,RELIABILITY ENGINEERING \& SYSTEM SAFETY,WOS:001074613500001,10.1016/j.ress.2023.109596,survivor,False,False,link-criticality/importance-ranking,port/airport/maritime/waterway,,,removed_filterA+B,False,False,,,,,,,,,,,,
640,"Planning, Design, and Construction of Low-Cost Roads and Bridge Accessibility Considerations After Conflict and Natural Disasters in Haiti and Selected Areas in Africa and Latin America",2011,TRANSPORTATION RESEARCH RECORD,WOS:000294743400019,10.3141/2203-17,survivor,False,False,empirical-recovery-analysis/prediction,road/highway-network,,,removed_filterA,False,False,,,,,,,,,,,,
641,Optimizing Bus Bridging Service Considering Passenger Transfer and Reneging Behavior,2024,SUSTAINABILITY,WOS:001377878900001,10.3390/su162310710,survivor,False,False,other,railway/transit,,,removed_filterA,False,False,,,,,,,,,,,,
642,A day-to-day evacuation model to maximise transport resilience under dynamic hazards,2024,TRANSPORTATION LETTERS-THE INTERNATIONAL JOURNAL OF TRANSPORTATION RESEARCH,WOS:001102567200001,10.1080/19427867.2023.2280860,survivor,False,False,evacuation,general-transportation-network,,,removed_filterA,False,False,,,,,,,,,,,,
643,Robust Tensor Recovery with Fiber Outliers for Traffic Events,2021,ACM TRANSACTIONS ON KNOWLEDGE DISCOVERY FROM DATA,WOS:000606818300006,10.1145/3417337,survivor,False,False,other,general-transportation-network,,,removed_filterA,False,False,,,,,,,,,,,,
644,A Generalized Network Level Optimized Disruption Strategy Selection Model for Urban Zone Transport Systems,2024,IEEE ACCESS,WOS:001297283100001,10.1109/ACCESS.2024.3421312,survivor,False,False,other,railway/transit,,,removed_filterA,False,False,,,,,,,,,,,,
645,Simultaneous Control of Cost Dynamics and Transport in Network Systems,2025,IEEE ACCESS,WOS:001453187200022,10.1109/ACCESS.2025.3552040,survivor,False,False,restoration-scheduling/sequencing,general-transportation-network,,,kept,True,False,flow/demand-served,network-flow/capacity,exact/MILP/math-programming,a-priori/static-schedule,static-demand,deterministic,ok,0,0.0,False,,False
646,"Understanding the Resilience of Urban Rail Transit: Concepts, Reviews, and Trends",2024,ENGINEERING,WOS:001344522000001,10.1016/j.eng.2024.01.022,survivor,False,False,other,railway/transit,,,removed_filterA,False,True,,,,,,,,,,,,
647,Evaluation of Tunnel Fire Factors Under Combined Smoke Exhaust,2025,TRANSPORTATION RESEARCH RECORD,WOS:001572375600001,10.1177/03611981251350637,survivor,False,False,other,other,,,removed_filterA+B,False,False,,,,,,,,,,,,
648,"Development Process of Countermeasures for Disaster Restoration in an Environment Where Volcanic Gases Were Discharged on Miyake Island, Central Japan",2008,JOURNAL OF GEOGRAPHY-CHIGAKU ZASSHI,WOS:000446254200002,10.5026/jgeography.117.599,survivor,False,False,empirical-recovery-analysis/prediction,road/highway-network,,,removed_filterA,False,False,,,,,,,,,,,,
649,Recovering Supply Chain Disruptions in Post-COVID-19 Pandemic Through Transport Intelligence and Logistics Systems: India's Experiences and Policy Options,2021,FRONTIERS IN FUTURE TRANSPORTATION,WOS:001035033600001,10.3389/ffutr.2021.660116,survivor,False,False,other,supply-chain/facility,,,removed_filterA+B,False,False,,,,,,,,,,,,
650,Understanding the Utilization of Real-Time Traffic Information during Hurricane Evacuations in Texas,2024,TRANSPORTATION RESEARCH RECORD,WOS:001216563000001,10.1177/03611981241242777,survivor,False,False,evacuation,general-transportation-network,,,removed_filterA,False,False,,,,,,,,,,,,
651,The siderophore system is essential for viability of Aspergillus nidulans:: functional analysis of two genes encoding L-ornithine N5-monooxygenase (sidA) and a non-ribosomal peptide synthetase (sidC),2003,MOLECULAR MICROBIOLOGY,WOS:000184224700007,10.1046/j.1365-2958.2003.03586.x,survivor,False,False,other,other,,,removed_filterA+B,False,False,,,,,,,,,,,,
652,"Characterization, expression, and mutation of the Lactococcus lactis galPMKTE genes, involved in galactose utilization via the Leloir pathway",2003,JOURNAL OF BACTERIOLOGY,WOS:000180834300019,10.1128/JB.185.3.870-878.2003,survivor,False,False,other,other,,,removed_filterA+B,False,False,,,,,,,,,,,,
653,A Two-Stage Scheduling Model for the Tunnel Collapse under Construction: Rescue and Reconstruction,2022,ENERGIES,WOS:000755072800001,10.3390/en15030743,survivor,False,False,post-disaster-relief-logistics/distribution,road/highway-network,,,removed_filterA,False,False,,,,,,,,,,,,
654,Resilience Enhancement Paths Assessment Based on City Networks Synergistic Response Under Disaster Strike-A Case Study of Yangtze River Delta City Cluster,2025,LAND,WOS:001475631900001,10.3390/land14040752,survivor,False,False,resilience-quantification/assessment,building/urban-area/community,,,removed_filterA+B,False,False,,,,,,,,,,,,
655,A Bayesian network and DEMATEL-ISM based approach for evaluating resilience: A case study in inland waterway port,2025,OCEAN \& COASTAL MANAGEMENT,WOS:001581927500003,10.1016/j.ocecoaman.2025.107881,survivor,False,False,resilience-quantification/assessment,port/airport/maritime/waterway,,,removed_filterA+B,False,False,,,,,,,,,,,,
656,Repositioning Game for Ambulance Services,2023,TRANSPORTATION RESEARCH RECORD,WOS:000912916300001,10.1177/03611981221144294,survivor,False,False,other,other,,,removed_filterA+B,False,False,,,,,,,,,,,,
657,A two-level mixed-integer programming model for bridge replacement prioritization,2020,COMPUTER-AIDED CIVIL AND INFRASTRUCTURE ENGINEERING,WOS:000481361000001,10.1111/mice.12482,survivor,False,False,other,bridge/bridge-network,,,removed_filterA,False,False,,,,,,,,,,,,
658,Self Healing of a Mixed Autonomy Traffic System Using Reinforcement Learning and Attention,2025,IEEE OPEN JOURNAL OF INTELLIGENT TRANSPORTATION SYSTEMS,WOS:001574170600002,10.1109/OJITS.2025.3606539,survivor,False,False,other,road/highway-network,,,removed_filterA,False,False,,,,,,,,,,,,
659,Post-disaster recovery planning for infrastructure systems based on residents' needs: A hypernetwork approach,2025,INTERNATIONAL JOURNAL OF DISASTER RISK REDUCTION,WOS:001417993300001,10.1016/j.ijdrr.2025.105258,survivor,False,False,empirical-recovery-analysis/prediction,building/urban-area/community,,,removed_filterA+B,False,False,,,,,,,,,,,,
660,Game-theoretic modeling of road networks vulnerability and resilience: a systematic literature review,2026,EUROPEAN TRANSPORT RESEARCH REVIEW,WOS:001762625600002,10.1186/s12544-026-00799-0,survivor,False,False,other,road/highway-network,,,removed_filterA,False,True,,,,,,,,,,,,
661,Modeling metro passenger flow dynamics during disruptions considering endogenous crowding in multimodal transportation systems,2026,TRANSPORTATION RESEARCH PART E-LOGISTICS AND TRANSPORTATION REVIEW,WOS:001796493300001,10.1016/j.tre.2026.104988,survivor,False,False,resilience-quantification/assessment,railway/transit,,,removed_filterA,False,False,,,,,,,,,,,,
662,Rapid post-disruption assessment of capacity reduction and demand distribution for transportation network under limited information,2025,TRANSPORTATION RESEARCH PART B-METHODOLOGICAL,WOS:001460352100001,10.1016/j.trb.2025.103194,survivor,False,False,resilience-quantification/assessment,road/highway-network,,,removed_filterA,False,False,,,,,,,,,,,,
663,"A basin-scale perspective on Cenomanian-Turonian (Cretaceous) depositional systems, greater Gulf of Mexico (USA)",2016,INTERPRETATION-A JOURNAL OF SUBSURFACE CHARACTERIZATION,WOS:000377773100017,10.1190/INT-2015-0082.1,survivor,False,False,other,other,,,removed_filterA+B,False,False,,,,,,,,,,,,
664,Dual-Beam Frequency-Scanning Antenna Based on SSPP for Full-Space Continuous Scanning,2025,IEEE TRANSACTIONS ON ANTENNAS AND PROPAGATION,WOS:001406757300018,10.1109/TAP.2024.3504727,survivor,False,False,other,other,,,removed_filterA+B,False,False,,,,,,,,,,,,
665,A Community Impact Scale for Regional Disaster Planning with Transportation Disruption,2022,NATURAL HAZARDS REVIEW,WOS:000811214400005,10.1061/(ASCE)NH.1527-6996.0000563,survivor,False,False,vulnerability/risk/fragility-assessment,building/urban-area/community,,,removed_filterA+B,False,False,,,,,,,,,,,,
666,"Development of a landslide hazard analysis program for a 41-km railway line across ``Serra do Mar{''} range, Brazil",2023,BULLETIN OF ENGINEERING GEOLOGY AND THE ENVIRONMENT,WOS:000940320700001,10.1007/s10064-023-03106-6,survivor,False,False,hazard/damage-modeling,railway/transit,,,removed_filterA,False,False,,,,,,,,,,,,
667,Identifying Polycentric Urban Structure Using the Minimum Cycle Basis of Road Network as Building Blocks,2025,ENTROPY,WOS:001515393600001,10.3390/e27060618,survivor,False,False,other,road/highway-network,,,removed_filterA,False,False,,,,,,,,,,,,
668,Integrated train rescheduling and passenger reassignment for disrupted high-speed railway networks: A hierarchical Benders decomposition and column generation approach,2025,TRANSPORTATION RESEARCH PART E-LOGISTICS AND TRANSPORTATION REVIEW,WOS:001502012900001,10.1016/j.tre.2025.104177,survivor,False,False,other,railway/transit,,,removed_filterA,False,False,,,,,,,,,,,,
669,SIGeR-RV: A Web-Geographic Information System-Based System for Risk Management of Road Networks Exposed to Natural Hazards,2023,TRANSPORTATION RESEARCH RECORD,WOS:001001355200001,10.1177/03611981231169532,survivor,False,False,vulnerability/risk/fragility-assessment,road/highway-network,,,removed_filterA,False,False,,,,,,,,,,,,
670,An Optimal Schedule for Urban Road Network Repair Based on the Greedy Algorithm,2016,PLOS ONE,WOS:000386205400029,10.1371/journal.pone.0164780,survivor,False,False,restoration-scheduling/sequencing,road/highway-network,,,kept,True,False,travel-time/accessibility,user-equilibrium,heuristic/metaheuristic/GA,sequential/adaptive/rolling-policy,static-demand,deterministic,ok,25,2.3,False,,False
671,Multi-Objective Two-Stage Stochastic Programming Model for a Proposed Casualty Transportation System in Large-Scale Disasters: A Case Study,2021,MATHEMATICS,WOS:000624142600001,10.3390/math9040316,survivor,False,False,post-disaster-relief-logistics/distribution,road/highway-network,,,removed_filterA,False,False,,,,,,,,,,,,
672,"Algorithm to prioritize the restoration of a multiple facility, multiple-hazard road network",2017,PROCEEDINGS OF THE INSTITUTION OF MECHANICAL ENGINEERS PART O-JOURNAL OF RISK AND RELIABILITY,WOS:000402457700002,10.1177/1748006X17693484,survivor,False,False,restoration-scheduling/sequencing,road/highway-network,,,kept,True,False,resilience-area/functionality,shortest-path/AON,heuristic/metaheuristic/GA,a-priori/static-schedule,static-demand,deterministic,ok,4,0.4,False,,False
674,Satellite-Enabled Edge Intelligence for Climate-Resilient Emergency Mobility: A Survey of On-Orbit Edge Computing,2026,IEEE TRANSACTIONS ON INTELLIGENT TRANSPORTATION SYSTEMS,WOS:001732809500001,10.1109/TITS.2026.3677347,survivor,False,False,other,general-transportation-network,,,removed_filterA,False,True,,,,,,,,,,,,
675,Airport pandemic response: An assessment of impacts and strategies after one year with COVID-19,2021,TRANSPORTATION RESEARCH INTERDISCIPLINARY PERSPECTIVES,WOS:001097702200005,10.1016/j.trip.2021.100449,survivor,False,False,empirical-recovery-analysis/prediction,port/airport/maritime/waterway,,,removed_filterA+B,False,False,,,,,,,,,,,,
676,An online optimization approach to post-disaster road restoration,2021,TRANSPORTATION RESEARCH PART B-METHODOLOGICAL,WOS:000684998400001,10.1016/j.trb.2021.05.017,survivor,False,False,restoration-scheduling/sequencing,road/highway-network,,,kept,True,False,connectivity/reachability,topological/graph-metric,exact/MILP/math-programming; heuristic/metaheuristic/GA; other,sequential/adaptive/rolling-policy,not-applicable,adaptive/multistage-revelation,ok,62,10.3,True,,False
677,Resilience Models for Tunnel Recovery After Earthquakes,2025,ENGINEERING,WOS:001633479500017,10.1016/j.eng.2025.06.028,survivor,False,False,resilience-quantification/assessment,road/highway-network,,,removed_filterA,False,False,,,,,,,,,,,,
678,Scheduling Inspection and Restoration Action in Postdisaster Critical Lifeline Recovery through Stochastic Optimization with Endogenous Uncertainty,2023,NATURAL HAZARDS REVIEW,WOS:000899336200004,10.1061/(ASCE)NH.1527-6996.0000599,survivor,False,False,restoration-scheduling/sequencing,interdependent-infrastructure-incl-transport,transport-and-lifeline-jointly,keep,kept,True,False,resilience-area/functionality,topological/graph-metric,exact/MILP/math-programming,sequential/adaptive/rolling-policy,not-applicable,adaptive/multistage-revelation,ok,9,1.8,False,,False
679,Model and methods to address urban road network problems with disruptions,2020,INTERNATIONAL TRANSACTIONS IN OPERATIONAL RESEARCH,WOS:000539902900002,10.1111/itor.12641,survivor,False,False,other,road/highway-network,,,removed_filterA,False,False,,,,,,,,,,,,
680,A decomposition-based heuristic for a multicrew coordinated road restoration problem,2021,TRANSPORTATION RESEARCH PART D-TRANSPORT AND ENVIRONMENT,WOS:000663441700008,10.1016/j.trd.2021.102854,survivor,False,False,debris-clearance,road/highway-network,,,kept,True,False,connectivity/reachability,shortest-path/AON,decomposition/Benders/Lagrangian; heuristic/metaheuristic/GA; exact/MILP/math-programming,a-priori/static-schedule,not-applicable,deterministic,ok,27,4.5,False,,False
681,TCA cycle tailoring facilitates optimal growth of proton-pumping NADH dehydrogenase-dependent Escherichia coli,2023,MICROBIOLOGY SPECTRUM,WOS:001186086000018,10.1128/spectrum.02225-23,survivor,False,False,other,other,,,removed_filterA+B,False,False,,,,,,,,,,,,
682,Resilience-based transportation network recovery strategy during emergency recovery phase under uncertainty,2019,RELIABILITY ENGINEERING \& SYSTEM SAFETY,WOS:000470341400045,10.1016/j.ress.2019.03.052,survivor,False,False,restoration-scheduling/sequencing,road/highway-network,,,kept,True,False,resilience-area/functionality,user-equilibrium,heuristic/metaheuristic/GA; simulation-optimization,a-priori/static-schedule,static-demand,stochastic/scenario-based,ok,134,16.8,True,,True
683,A hybrid approach for detecting network layer attacks in MANET,2025,INTERNATIONAL JOURNAL OF SYSTEM ASSURANCE ENGINEERING AND MANAGEMENT,WOS:001514285100001,10.1007/s13198-025-02854-w,survivor,False,False,other,other,,,removed_filterA+B,False,False,,,,,,,,,,,,
684,Sink-to-source: Influence of offshore dynamics on upstream processes,2018,BASIN RESEARCH,WOS:000437672100011,10.1111/bre.12280,survivor,False,False,other,other,,,removed_filterA+B,False,False,,,,,,,,,,,,
685,Outlier Traffic Flow Detection and Pattern Analysis Under Unplanned Disruptions: A Low-Rank Robust Decomposition Model,2025,IEEE ACCESS,WOS:001499529200006,10.1109/ACCESS.2025.3573642,survivor,False,False,other,general-transportation-network,,,removed_filterA,False,False,,,,,,,,,,,,
686,The Importance of Environmental Questions in Territorial Planning The Case of the Environmental Hydric Impact Generated by the Implementation ofthe Western RegioTram in Bogota and the Sabana Region,2023,TERRITORIOS,WOS:001033619800002,,survivor,False,False,other,railway/transit,,,removed_filterA,False,False,,,,,,,,,,,,
687,Topology Adaptation for Robust Ad Hoc Cyberphysical Networks under Puncture-Style Attacks,2015,TSINGHUA SCIENCE AND TECHNOLOGY,WOS:000364492100005,10.1109/TST.2015.7173452,survivor,False,False,other,other,,,removed_filterA+B,False,False,,,,,,,,,,,,
688,A three-dimensional precise geological model of ultra-deep carbonate fault-controlled reservoirs based on multi-level simulation,2026,JOURNAL OF ENGINEERING RESEARCH,WOS:001728277900001,10.1016/j.jer.2025.05.006,survivor,False,False,other,other,,,removed_filterA+B,False,False,,,,,,,,,,,,
689,Epigenetic inactivation of calcium-sensing receptor in colorectal carcinogenesis,2011,MODERN PATHOLOGY,WOS:000291138800014,10.1038/modpathol.2011.10,survivor,False,False,other,other,,,removed_filterA+B,False,False,,,,,,,,,,,,
690,A coordinated repair routing problem for post-disaster recovery of interdependent infrastructure networks,2022,ANNALS OF OPERATIONS RESEARCH,WOS:000612890500002,10.1007/s10479-020-03909-w,survivor,False,False,crew/resource-routing-dispatch,interdependent-infrastructure-incl-transport,power-electricity-system,drop,removed_filterB_refined,False,False,,,,,,,,,,,,
691,Full-time scale resilience enhancement strategies for an integrated electricity-gas-transportation coupled system,2023,APPLIED MATHEMATICAL MODELLING,WOS:000911138500001,10.1016/j.apm.2022.12.020,survivor,False,False,restoration-scheduling/sequencing,interdependent-infrastructure-incl-transport,power-electricity-system,drop,removed_filterB_refined,False,False,,,,,,,,,,,,
692,Optimizing Postdisaster Reconstruction Planning for Damaged Transportation Networks,2009,JOURNAL OF CONSTRUCTION ENGINEERING AND MANAGEMENT,WOS:000269849900011,10.1061/(ASCE)CO.1943-7862.0000070,survivor,False,False,restoration-scheduling/sequencing,general-transportation-network,,,kept,True,False,multi-criteria/composite,user-equilibrium,heuristic/metaheuristic/GA,a-priori/static-schedule,static-demand,deterministic,ok,73,4.1,True,,False
693,A two-stage resilience promotion approach for urban rail transit networks based on topology enhancement and recovery optimization,2024,PHYSICA A-STATISTICAL MECHANICS AND ITS APPLICATIONS,WOS:001170298600001,10.1016/j.physa.2024.129496,survivor,False,False,restoration-scheduling/sequencing,railway/transit,,,kept,True,False,resilience-area/functionality,topological/graph-metric,heuristic/metaheuristic/GA,a-priori/static-schedule,not-applicable,deterministic,ok,33,11.0,False,,False
694,Developing resilience pathways for interdependent infrastructure networks: A simulation-based approach with consideration to risk preferences of decision-makers,2024,SUSTAINABLE CITIES AND SOCIETY,WOS:001317926000001,10.1016/j.scs.2024.105795,survivor,False,False,network-design/retrofit/protection,interdependent-infrastructure-incl-transport,transport-and-lifeline-jointly,,removed_filterA,False,False,,,,,,,,,,,,
695,Enhancing Road Network Resilience by Considering the Performance Loss and Asset Value,2018,SUSTAINABILITY,WOS:000451531700362,10.3390/su10114188,survivor,False,False,resilience-quantification/assessment,road/highway-network,,,removed_filterA,False,False,,,,,,,,,,,,
696,THE OPERATIONAL RESILIENCE EVALUATION METHOD AS A TOOL FOR DECISION-MAKING DURING TRAFFIC DISRUPTIONS IN THE RAILWAY SYSTEM,2025,TRANSPORT,WOS:001588728800001,10.3846/transport.2025.22889,survivor,False,False,resilience-quantification/assessment,railway/transit,,,removed_filterA,False,False,,,,,,,,,,,,
697,Restoring Community Structures in Interdependent Infrastructure Networks,2020,IEEE TRANSACTIONS ON NETWORK SCIENCE AND ENGINEERING,WOS:000566353500034,10.1109/TNSE.2019.2927883,excl_only_lifeline,False,True,,,,,excl_only_lifeline,False,False,,,,,,,,,,,,
698,A computational approach for evaluating post-disaster transportation network resilience,2021,SUSTAINABLE AND RESILIENT INFRASTRUCTURE,WOS:000687557100007,10.1080/23789689.2019.1605754,survivor,False,False,resilience-quantification/assessment,bridge/bridge-network,,,removed_filterA,False,False,,,,,,,,,,,,
699,Magnetic-resonance imaging for kinetic analysis of permeability changes during focused ultrasound-induced blood-brain barrier opening and brain drug delivery,2014,JOURNAL OF CONTROLLED RELEASE,WOS:000342460400001,10.1016/j.jconrel.2014.06.023,survivor,False,False,other,other,,,removed_filterA+B,False,False,,,,,,,,,,,,
700,Reinforcement and optimization of seismic connectivity of key transportation hubs based on minimum cost,2020,PHYSICA A-STATISTICAL MECHANICS AND ITS APPLICATIONS,WOS:000506711900125,10.1016/j.physa.2019.123231,survivor,False,False,network-design/retrofit/protection,road/highway-network,,,removed_filterA,False,False,,,,,,,,,,,,
701,Indirect transport cost prioritization index for road networks exposed to natural hazards: Application to earthquake-induced landslides,2026,INTERNATIONAL JOURNAL OF DISASTER RISK REDUCTION,WOS:001684658100001,10.1016/j.ijdrr.2026.106042,survivor,False,False,link-criticality/importance-ranking,road/highway-network,,,removed_filterA,False,False,,,,,,,,,,,,
702,A post-disaster resource allocation framework for improving resilience of interdependent infrastructure networks,2020,TRANSPORTATION RESEARCH PART D-TRANSPORT AND ENVIRONMENT,WOS:000558515200028,10.1016/j.trd.2020.102455,survivor,False,False,crew/resource-routing-dispatch,interdependent-infrastructure-incl-transport,transport-and-lifeline-jointly,keep,kept,True,False,resilience-area/functionality,none/not-modeled,reinforcement-learning/DRL; simulation-optimization,sequential/adaptive/rolling-policy,not-applicable,deterministic,ok,112,16.0,True,,True
703,"The STK2 gene, which encodes a putative Ser/Thr protein kinase, is required for high-affinity spermidine transport in Saccharomyces cerevisiae",1997,MOLECULAR AND CELLULAR BIOLOGY,WOS:A1997WZ63700003,10.1128/MCB.17.6.2994,survivor,False,False,other,other,,,removed_filterA+B,False,False,,,,,,,,,,,,
704,Exploring Recovery Strategies for Optimal Interdependent Infrastructure Network Resilience,2021,NETWORKS \& SPATIAL ECONOMICS,WOS:000619704400001,10.1007/s11067-020-09515-4,survivor,False,False,restoration-scheduling/sequencing,interdependent-infrastructure-incl-transport,transport-and-lifeline-jointly,keep,kept,True,False,multi-criteria/composite,network-flow/capacity,exact/MILP/math-programming,a-priori/static-schedule,static-demand,deterministic,ok,47,7.8,False,,False
705,Resilience-driven restoration model for interdependent infrastructure networks,2019,RELIABILITY ENGINEERING \& SYSTEM SAFETY,WOS:000459949900002,10.1016/j.ress.2018.12.006,survivor,False,False,restoration-scheduling/sequencing,interdependent-infrastructure-incl-transport,power-electricity-system,drop,removed_filterB_refined,False,False,,,,,,,,,,,,
706,Social vulnerability and equity perspectives on interdependent infrastructure network component importance,2020,SUSTAINABLE CITIES AND SOCIETY,WOS:000531579700005,10.1016/j.scs.2020.102072,excl_only_lifeline,False,True,,,,,excl_only_lifeline,False,False,,,,,,,,,,,,
707,Prioritizing Road Network Restorative Interventions Using a Discrete Particle Swarm Optimization,2022,JOURNAL OF INFRASTRUCTURE SYSTEMS,WOS:000867888700011,10.1061/(ASCE)IS.1943-555X.0000725,survivor,False,False,restoration-scheduling/sequencing,road/highway-network,,,kept,True,False,economic-cost/loss,user-equilibrium,heuristic/metaheuristic/GA,a-priori/static-schedule,static-demand,deterministic,ok,19,3.8,False,,False
708,"Disruption of rcsB by a duplicated sequence in a curli-producing Escherichia coli O157: H7 results in differential gene expression in relation to biofilm formation, stress responses and metabolism",2017,BMC MICROBIOLOGY,WOS:000396769000001,10.1186/s12866-017-0966-x,survivor,False,False,other,other,,,removed_filterA+B,False,False,,,,,,,,,,,,
709,Integrated Framework for Risk and Impact Assessment of Sediment Hazard on a Road Network,2021,TRANSPORTATION RESEARCH RECORD,WOS:000684615100001,10.1177/03611981211016462,survivor,False,False,vulnerability/risk/fragility-assessment,road/highway-network,,,removed_filterA,False,False,,,,,,,,,,,,
710,Approximate dynamic programming for network recovery problems with stochastic demand,2021,TRANSPORTATION RESEARCH PART E-LOGISTICS AND TRANSPORTATION REVIEW,WOS:000663683600008,10.1016/j.tre.2021.102358,survivor,False,False,restoration-scheduling/sequencing,road/highway-network,,,kept,True,False,flow/demand-served,network-flow/capacity,reinforcement-learning/DRL; heuristic/metaheuristic/GA,sequential/adaptive/rolling-policy,static-demand,stochastic/scenario-based,ok,31,5.2,False,,False
711,Game-theoretic algorithm for interdependent infrastructure network restoration in a decentralized environment,2024,RISK ANALYSIS,WOS:001136380700001,10.1111/risa.14269,survivor,False,False,restoration-scheduling/sequencing,interdependent-infrastructure-incl-transport,transport-and-lifeline-jointly,keep,kept,True,False,resilience-area/functionality,none/not-modeled,other,a-priori/static-schedule,not-applicable,deterministic,ok,7,2.3,False,,False
712,Resilience evaluation and improvement of post-disaster multimodal transportation networks,2024,TRANSPORTATION RESEARCH PART A-POLICY AND PRACTICE,WOS:001312733100001,10.1016/j.tra.2024.104243,survivor,False,False,restoration-scheduling/sequencing,general-transportation-network,,,kept,True,False,resilience-area/functionality,user-equilibrium,heuristic/metaheuristic/GA,a-priori/static-schedule,static-demand,deterministic,ok,26,8.7,False,,False
713,Post-Disaster Traffic Micro-Circulation System Design for Traffic Distribution Optimization,2025,TRANSPORTATION RESEARCH RECORD,WOS:001277830600001,10.1177/03611981241263345,survivor,False,False,other,road/highway-network,,,removed_filterA,False,False,,,,,,,,,,,,
714,Modeling of Emergency Supply Scheduling Problem Based on Reliability and Its Solution Algorithm under Variable Road Network after Sudden-Onset Disasters,2020,COMPLEXITY,WOS:000514163700012,10.1155/2020/7501891,survivor,False,False,post-disaster-relief-logistics/distribution,road/highway-network,,,removed_filterA,False,False,,,,,,,,,,,,
715,"Community structure recovery optimization for partial disruption, functionality, and restoration in interdependent networks{*}",2023,RELIABILITY ENGINEERING \& SYSTEM SAFETY,WOS:000869062300005,10.1016/j.ress.2022.108853,excl_only_lifeline,False,True,,,,,excl_only_lifeline,False,False,,,,,,,,,,,,
716,Coordinating road recovery and supply distribution in emergency services: A distributionally robust optimisation approach,2026,EUROPEAN JOURNAL OF OPERATIONAL RESEARCH,WOS:001760509500001,10.1016/j.ejor.2026.01.031,survivor,False,False,restoration-scheduling/sequencing,road/highway-network,,,kept,True,False,multi-criteria/composite,shortest-path/AON,exact/MILP/math-programming; heuristic/metaheuristic/GA; decomposition/Benders/Lagrangian,a-priori/static-schedule,static-demand,robust/distributionally-robust,ok,1,1.0,False,,False
717,Facility Location for Recovering Systems of Interdependent Networks,2019,IEEE SYSTEMS JOURNAL,WOS:000459697700046,10.1109/JSYST.2018.2869391,survivor,False,False,restoration-scheduling/sequencing,interdependent-infrastructure-incl-transport,power-electricity-system,drop,removed_filterB_refined,False,False,,,,,,,,,,,,
718,Road network vulnerability assessment based on fragile factor interdependencies in spatial-functional perspectives,2014,ENVIRONMENT AND PLANNING A-ECONOMY AND SPACE,WOS:000345690000013,10.1068/a4664,survivor,False,False,vulnerability/risk/fragility-assessment,road/highway-network,,,removed_filterA,False,False,,,,,,,,,,,,
719,Resilience Analysis of New York City Transportation Network After Snow Storms,2022,TRANSPORTATION RESEARCH RECORD,WOS:000817076300001,10.1177/03611981221101034,survivor,False,False,resilience-quantification/assessment,road/highway-network,,,removed_filterA,False,False,,,,,,,,,,,,
720,Resilience Assessment of Interdependent Infrastructure Systems: A Case Study Based on Different Response Strategies,2019,SUSTAINABILITY,WOS:000508186400024,10.3390/su11236552,survivor,False,False,resilience-quantification/assessment,interdependent-infrastructure-incl-transport,transport-and-lifeline-jointly,,removed_filterA,False,False,,,,,,,,,,,,
721,Efficient contraflow algorithms for quickest evacuation planning,2018,SCIENCE CHINA-MATHEMATICS,WOS:000447411300011,10.1007/s11425-017-9264-3,survivor,False,False,evacuation,road/highway-network,,,removed_filterA,False,False,,,,,,,,,,,,
722,Connectivity Restoration of Urban Road Networks With Multivehicle Systems: A Reinforcement Learning Approach,2022,IEEE SYSTEMS JOURNAL,WOS:000826435300001,10.1109/JSYST.2022.3181146,survivor,False,False,debris-clearance,road/highway-network,,,kept,True,False,connectivity/reachability,topological/graph-metric,reinforcement-learning/DRL; heuristic/metaheuristic/GA,sequential/adaptive/rolling-policy,not-applicable,deterministic,ok,5,1.0,False,,False
723,Multi-stage Dynamic Post-disaster Recovery Strategy for Distribution Networks Considering Integrated Energy and Transportation Networks,2021,CSEE JOURNAL OF POWER AND ENERGY SYSTEMS,WOS:000635052100019,10.17775/CSEEJPES.2020.02020,survivor,False,False,restoration-scheduling/sequencing,interdependent-infrastructure-incl-transport,power-electricity-system,drop,removed_filterB_refined,False,False,,,,,,,,,,,,
724,Seismic Performance Management of Aging Road Facilities in Korea: Part 2-Decision-making Support Technology and Its Application,2024,KSCE JOURNAL OF CIVIL ENGINEERING,WOS:001114648400003,10.1007/s12205-023-0601-3,survivor,False,False,vulnerability/risk/fragility-assessment,road/highway-network,,,removed_filterA,False,False,,,,,,,,,,,,
725,Optimal resilience-based restoration plan for disrupted interdependent infrastructure networks under uncertainty,2025,JOURNAL OF ENGINEERING RESEARCH,WOS:001641490600001,10.1016/j.jer.2024.10.005,survivor,False,False,crew/resource-routing-dispatch,interdependent-infrastructure-incl-transport,power-electricity-system,drop,removed_filterB_refined,False,False,,,,,,,,,,,,
726,Analyzing the tradeoff between vulnerability and recoverability investments for interdependent infrastructure networks,2023,SOCIO-ECONOMIC PLANNING SCIENCES,WOS:001007134100001,10.1016/j.seps.2023.101508,excl_only_lifeline,False,True,,,,,excl_only_lifeline,False,False,,,,,,,,,,,,
727,Model and solution method for mean-risk cost-based post-disruption restoration of interdependent critical infrastructure networks,2022,COMPUTERS \& OPERATIONS RESEARCH,WOS:000793115900004,10.1016/j.cor.2022.105812,excl_only_lifeline,False,True,,,,,excl_only_lifeline,False,False,,,,,,,,,,,,
728,Deep Learning for Accelerated Seismic Reliability Analysis of Transportation Networks,2018,COMPUTER-AIDED CIVIL AND INFRASTRUCTURE ENGINEERING,WOS:000431981800001,10.1111/mice.12359,survivor,False,False,vulnerability/risk/fragility-assessment,road/highway-network,,,removed_filterA,False,False,,,,,,,,,,,,
729,A digital twin framework for efficient electric power restoration and resilient recovery in the aftermath of hurricanes considering the interdependencies with road network and essential facilities,2024,RESILIENT CITIES AND STRUCTURES,WOS:001532661800007,10.1016/j.rcns.2024.07.004,survivor,False,False,restoration-scheduling/sequencing,interdependent-infrastructure-incl-transport,power-electricity-system,drop,removed_filterB_refined,False,False,,,,,,,,,,,,
730,Coordinated Optimization of Repair Scheduling and Service Restoration for Distribution Network Considering the Damaged Roads,2024,IEEE TRANSACTIONS ON INDUSTRY APPLICATIONS,WOS:001273958700058,10.1109/TIA.2024.3379309,survivor,False,False,restoration-scheduling/sequencing,interdependent-infrastructure-incl-transport,transport-and-lifeline-jointly,keep,kept,True,False,flow/demand-served,shortest-path/AON,exact/MILP/math-programming,a-priori/static-schedule,static-demand,deterministic,ok,9,3.0,False,,False
731,Evaluating safety resilience in urban roadway network: Investigating the impact of different traffic control measures,2026,JOURNAL OF TRANSPORTATION SAFETY \& SECURITY,WOS:001767632200001,10.1080/19439962.2026.2658475,survivor,False,False,resilience-quantification/assessment,road/highway-network,,,removed_filterA,False,False,,,,,,,,,,,,
732,Optimizing the Rehabilitation Efforts of Aging Transportation Networks,2012,JOURNAL OF CONSTRUCTION ENGINEERING AND MANAGEMENT,WOS:000302947100007,10.1061/(ASCE)CO.1943-7862.0000445,survivor,False,False,other,general-transportation-network,,,removed_filterA,False,False,,,,,,,,,,,,
733,Integrating network design and frequency setting in public transportation networks: a survey,2014,SORT-STATISTICS AND OPERATIONS RESEARCH TRANSACTIONS,WOS:000346689100005,,survivor,False,False,other,railway/transit,,,removed_filterA,False,True,,,,,,,,,,,,
734,DISRUPTION OF THE KLUYVEROMYCES-LACTIS GGS1 GENE CAUSES INABILITY TO GROW ON GLUCOSE AND FRUCTOSE AND IS SUPPRESSED BY MUTATIONS THAT REDUCE SUGAR UPTAKE,1993,EUROPEAN JOURNAL OF BIOCHEMISTRY,WOS:A1993MC85800028,10.1111/j.1432-1033.1993.tb18296.x,survivor,False,False,other,other,,,removed_filterA+B,False,False,,,,,,,,,,,,
735,Function-Based Rhizosphere Assembly along a Gradient of Desiccation in the Former Aral Sea,2022,MSYSTEMS,WOS:000885575600001,10.1128/msystems.00739-22,survivor,False,False,other,other,,,removed_filterA+B,False,False,,,,,,,,,,,,
736,Investigation of a static and a dynamic neighbourhood methodology to develop work programs for multiple close municipal infrastructure networks,2017,STRUCTURE AND INFRASTRUCTURE ENGINEERING,WOS:000392824800004,10.1080/15732479.2016.1162818,survivor,False,False,other,other,,,removed_filterA+B,False,False,,,,,,,,,,,,
737,"Late Quaternary stratigraphic evolution of the inner continental shelf in response to sea-level change, Santa Catarina, Brazil",2018,MARINE GEOLOGY,WOS:000426023200001,10.1016/j.margeo.2017.11.011,survivor,False,False,other,other,,,removed_filterA+B,False,False,,,,,,,,,,,,
738,Modeling and managing resilience and risk for interdependent networks,2025,SOCIO-ECONOMIC PLANNING SCIENCES,WOS:001372004700001,10.1016/j.seps.2024.102105,survivor,False,False,network-design/retrofit/protection,interdependent-infrastructure-incl-transport,uncertain,,removed_filterA,False,False,,,,,,,,,,,,
739,Restorative Capacity Optimization for Complex Infrastructure Networks,2019,IEEE SYSTEMS JOURNAL,WOS:000482628500047,10.1109/JSYST.2019.2915930,excl_only_lifeline,False,True,,,,,excl_only_lifeline,False,False,,,,,,,,,,,,
740,A fairness-based multi-objective distribution and restoration model for enhanced resilience of supply chain transportation networks,2024,RELIABILITY ENGINEERING \& SYSTEM SAFETY,WOS:001270175000001,10.1016/j.ress.2024.110314,survivor,False,False,restoration-scheduling/sequencing,road/highway-network,,,kept,True,False,multi-criteria/composite,network-flow/capacity,exact/MILP/math-programming,a-priori/static-schedule,static-demand,stochastic/scenario-based,ok,30,10.0,False,,True
741,Optimal recovery sequencing for enhanced resilience and service restoration in transportation networks,2014,INTERNATIONAL JOURNAL OF CRITICAL INFRASTRUCTURES,WOS:000216633300003,10.1504/IJCIS.2014.066356,survivor,False,False,restoration-scheduling/sequencing,general-transportation-network,,,kept,True,False,resilience-area/functionality,network-flow/capacity,heuristic/metaheuristic/GA,a-priori/static-schedule,static-demand,deterministic,paywalled,133,10.2,True,,False
742,Interdependent Network Recovery Games,2020,RISK ANALYSIS,WOS:000505612700009,10.1111/risa.12923,survivor,False,False,restoration-scheduling/sequencing,interdependent-infrastructure-incl-transport,power-electricity-system,drop,removed_filterB_refined,False,False,,,,,,,,,,,,
743,Efficient Vulnerability Assessment of Large-Scale Dynamic Transportation Networks,2025,IEEE TRANSACTIONS ON RELIABILITY,WOS:001252491700001,10.1109/TR.2024.3413315,survivor,False,False,vulnerability/risk/fragility-assessment,road/highway-network,,,removed_filterA,False,False,,,,,,,,,,,,
744,Implementation of spatiotemporal model for infrastructure reconstruction strategy under large-scale disaster,2007,TRANSPORTATION RESEARCH RECORD,WOS:000253233200005,10.3141/2022-05,survivor,False,False,restoration-scheduling/sequencing,general-transportation-network,,,kept,True,False,multi-criteria/composite,network-flow/capacity,heuristic/metaheuristic/GA,a-priori/static-schedule,dynamic/time-varying-demand,deterministic,ok,11,0.6,False,"GA reconstruction scheduling with quarterly time-varying demand via a spatiotemporal commodity-flow economic model; shares dynamic demand, but deterministic, static, no UE/learning.",False
745,Resilience Enhancement of Urban Roadway Network During Disruption via Perimeter Control,2024,IEEE TRANSACTIONS ON NETWORK SCIENCE AND ENGINEERING,WOS:001139144400086,10.1109/TNSE.2023.3321678,survivor,False,False,other,road/highway-network,,,removed_filterA,False,False,,,,,,,,,,,,
746,Criticality and Susceptibility Indexes for Resilience-Based Ranking and Prioritization of Components in Interdependent Infrastructure Networks,2020,JOURNAL OF MANAGEMENT IN ENGINEERING,WOS:000536120800019,10.1061/(ASCE)ME.1943-5479.0000769,survivor,False,False,link-criticality/importance-ranking,interdependent-infrastructure-incl-transport,uncertain,,removed_filterA,False,False,,,,,,,,,,,,
747,Enhancing lifecycle resilience of urban road networks under uncertainty: A two-stage stochastic programming approach for integrated reinforcement and restoration,2026,RELIABILITY ENGINEERING \& SYSTEM SAFETY,WOS:001777572700001,10.1016/j.ress.2026.112847,survivor,False,False,restoration-scheduling/sequencing,road/highway-network,,,kept,True,False,resilience-area/functionality,topological/graph-metric,exact/MILP/math-programming; decomposition/Benders/Lagrangian,a-priori/static-schedule,static-demand,stochastic/scenario-based,ok,0,0.0,False,,False
748,Enhancing resilience of interdependent traffic-electric power system,2019,RELIABILITY ENGINEERING \& SYSTEM SAFETY,WOS:000491685000024,10.1016/j.ress.2019.106557,survivor,False,False,network-design/retrofit/protection,interdependent-infrastructure-incl-transport,transport-and-lifeline-jointly,,removed_filterA,False,False,,,,,,,,,,,,
749,Optimizing Urban Emergency Facility Allocation Considering the Uncertainties of Road Network Conditions and Human Mobility,2025,TRANSPORTATION RESEARCH RECORD,WOS:001467850500001,10.1177/03611981251318343,survivor,False,False,post-disaster-relief-logistics/distribution,road/highway-network,,,removed_filterA,False,False,,,,,,,,,,,,
750,Collaborative Scheduling Framework for Post-Disaster Restoration: Integrating Electric Vehicles and Traffic Dynamics in Waterlogging Scenarios,2025,ENERGIES,WOS:001465781600001,10.3390/en18071708,survivor,False,False,restoration-scheduling/sequencing,interdependent-infrastructure-incl-transport,power-electricity-system,drop,removed_filterB_refined,False,False,,,,,,,,,,,,
751,A new day-to-day dynamic network vulnerability analysis approach with Weibit-based route adjustment process,2021,TRANSPORTATION RESEARCH PART E-LOGISTICS AND TRANSPORTATION REVIEW,WOS:000691791000001,10.1016/j.tre.2021.102421,survivor,False,False,vulnerability/risk/fragility-assessment,road/highway-network,,,removed_filterA,False,False,,,,,,,,,,,,
752,Blending Efficiency and Resilience in the Performance Assessment of Urban Intersections: A Novel Heuristic Informed by Literature Review,2024,SUSTAINABILITY,WOS:001192912400001,10.3390/su16062450,survivor,False,False,resilience-quantification/assessment,road/highway-network,,,removed_filterA,False,False,,,,,,,,,,,,
753,Resilience optimization strategy for urban transportation networks under higher-order interactions,2026,PHYSICA SCRIPTA,WOS:001702079200001,10.1088/1402-4896/ae46e9,survivor,False,False,restoration-scheduling/sequencing,railway/transit,,,kept,True,False,resilience-area/functionality,topological/graph-metric,heuristic/metaheuristic/GA; simulation-optimization,a-priori/static-schedule,static-demand,deterministic,ok,0,0.0,False,,False
754,The highway resilience and vulnerability in Taiwan,2020,TRANSPORT POLICY,WOS:000518868000001,10.1016/j.tranpol.2018.08.010,survivor,False,False,resilience-quantification/assessment,road/highway-network,,,removed_filterA,False,False,,,,,,,,,,,,
755,Stochastic Measures of Network Resilience: Applications to Waterway Commodity Flows,2014,RISK ANALYSIS,WOS:000340570900013,10.1111/risa.12175,survivor,False,False,resilience-quantification/assessment,port/airport/maritime/waterway,,,removed_filterA+B,False,False,,,,,,,,,,,,
756,An optimization approach for resilient and sustainable planning of intermodal transport,2025,ENVIRONMENT DEVELOPMENT AND SUSTAINABILITY,WOS:001441576600001,10.1007/s10668-024-05549-7,survivor,False,False,network-design/retrofit/protection,general-transportation-network,,,removed_filterA,False,False,,,,,,,,,,,,
757,Emergence of Antifragility by Optimum Postdisruption Restoration Planning of Infrastructure Networks,2017,JOURNAL OF INFRASTRUCTURE SYSTEMS,WOS:000418418700022,10.1061/(ASCE)IS.1943-555X.0000380,excl_only_lifeline,False,True,,,,,excl_only_lifeline,False,False,,,,,,,,,,,,
758,Multi-agent reinforcement learning with a hybrid sequential reward feedback strategy for dynamic multi-modal traffic assignment,2026,TRANSPORTATION RESEARCH PART C-EMERGING TECHNOLOGIES,WOS:001683821100001,10.1016/j.trc.2026.105545,survivor,False,False,other,general-transportation-network,,,removed_filterA,False,False,,,,,,,,,,,,
759,Resilience-Based Optimization of Postdisaster Restoration Strategy for Road Networks,2021,JOURNAL OF ADVANCED TRANSPORTATION,WOS:000621827200001,10.1155/2021/8871876,survivor,False,False,restoration-scheduling/sequencing,road/highway-network,,,kept,True,False,multi-criteria/composite,network-flow/capacity,heuristic/metaheuristic/GA,a-priori/static-schedule,static-demand,deterministic,ok,27,4.5,False,,False
760,A heuristic approach to an interdependent restoration planning and crew routing problem,2021,COMPUTERS \& INDUSTRIAL ENGINEERING,WOS:000707150300015,10.1016/j.cie.2021.107626,excl_only_lifeline,False,True,,,,,excl_only_lifeline,False,False,,,,,,,,,,,,
761,Resilience Enhancement for Multistate Interdependent Infrastructure Networks: From a Preparedness Perspective,2023,IEEE TRANSACTIONS ON RELIABILITY,WOS:000757873700001,10.1109/TR.2021.3132774,excl_only_lifeline,False,True,,,,,excl_only_lifeline,False,False,,,,,,,,,,,,
762,Joint optimization of structure and protection of interdependent infrastructure networks,2022,RELIABILITY ENGINEERING \& SYSTEM SAFETY,WOS:000728599800007,10.1016/j.ress.2021.108163,survivor,False,False,network-design/retrofit/protection,interdependent-infrastructure-incl-transport,uncertain,,removed_filterA,False,False,,,,,,,,,,,,
763,Resilience-oriented road network recovery strategies with urban air mobility under rainstorm-induced waterlogging,2025,JOURNAL OF TRANSPORT GEOGRAPHY,WOS:001533431400001,10.1016/j.jtrangeo.2025.104351,survivor,False,False,restoration-scheduling/sequencing,road/highway-network,,,kept,True,False,resilience-area/functionality,user-equilibrium,heuristic/metaheuristic/GA,a-priori/static-schedule,dynamic/time-varying-demand,deterministic,ok,5,2.5,False,"Bi-level Artificial-Bee-Colony road-plus-UAM recovery with a boundedly-rational day-to-day UE lower level; shares UE + day-to-day dynamic demand, but static schedule and no learning.",False
764,Global shipping network dynamics during the COVID-19 pandemic's initial phases,2022,JOURNAL OF TRANSPORT GEOGRAPHY,WOS:000787886500004,10.1016/j.jtrangeo.2021.103265,survivor,False,False,empirical-recovery-analysis/prediction,port/airport/maritime/waterway,,,removed_filterA+B,False,False,,,,,,,,,,,,
765,A graph-empowered agent-based simulation: Impacts of coordination schemes on critical infrastructures resilience,2025,RELIABILITY ENGINEERING \& SYSTEM SAFETY,WOS:001367532800001,10.1016/j.ress.2024.110658,survivor,False,False,resilience-quantification/assessment,interdependent-infrastructure-incl-transport,transport-and-lifeline-jointly,,removed_filterA,False,False,,,,,,,,,,,,
766,Quantifying systemic vulnerability of interdependent critical infrastructure networks: A case study for volcanic hazards,2024,INTERNATIONAL JOURNAL OF DISASTER RISK REDUCTION,WOS:001364771100001,10.1016/j.ijdrr.2024.104997,excl_only_lifeline,False,True,,,,,excl_only_lifeline,False,False,,,,,,,,,,,,
767,A modified ant colony optimization algorithm to increase the speed of the road network recovery process after disasters,2018,INTERNATIONAL JOURNAL OF DISASTER RISK REDUCTION,WOS:000446353300101,10.1016/j.ijdrr.2018.04.004,survivor,False,False,restoration-scheduling/sequencing,road/highway-network,,,kept,True,False,connectivity/reachability,topological/graph-metric,heuristic/metaheuristic/GA,a-priori/static-schedule,static-demand,deterministic,ok,47,5.2,False,,False
768,Decision-making optimization for post-disaster restoration of multimodal transport networks in terms of resilience,2024,JOURNAL OF TRANSPORT \& HEALTH,WOS:001339920600001,10.1016/j.jth.2024.101928,survivor,False,False,other,general-transportation-network,,,removed_filterA,False,False,,,,,,,,,,,,
769,Time-dependent resilience analysis of a road network in an extreme environment,2020,TRANSPORTATION RESEARCH PART D-TRANSPORT AND ENVIRONMENT,WOS:000558515200015,10.1016/j.trd.2020.102395,survivor,False,False,resilience-quantification/assessment,road/highway-network,,,removed_filterA,False,False,,,,,,,,,,,,
770,Assessing and measuring the vulnerability of highway construction projects with BIM using artificial intelligence optimization algorithms,2025,ENVIRONMENT DEVELOPMENT AND SUSTAINABILITY,WOS:001467572700001,10.1007/s10668-025-06027-4,survivor,False,False,vulnerability/risk/fragility-assessment,road/highway-network,,,removed_filterA,False,False,,,,,,,,,,,,
771,A Hybrid Recovery Strategy toward Sustainable Infrastructure Systems,2022,JOURNAL OF INFRASTRUCTURE SYSTEMS,WOS:000742413600015,10.1061/(ASCE)IS.1943-555X.0000670,survivor,False,False,restoration-scheduling/sequencing,other,,,removed_filterB,False,False,,,,,,,,,,,,
772,Protecting infrastructure performance from disinformation attacks,2022,SCIENTIFIC REPORTS,WOS:000835004100056,10.1038/s41598-022-16832-w,survivor,False,False,other,other,,,removed_filterA+B,False,False,,,,,,,,,,,,
773,Crude oil maritime transportation network resilience assessment based on optimal strategies,2025,TRANSPORTATION RESEARCH PART D-TRANSPORT AND ENVIRONMENT,WOS:001465060200001,10.1016/j.trd.2025.104659,survivor,False,False,restoration-scheduling/sequencing,port/airport/maritime/waterway,,,removed_filterB,False,False,,,,,,,,,,,,
774,Assessing road network vulnerability: A user equilibrium interdiction model,2021,JOURNAL OF THE OPERATIONAL RESEARCH SOCIETY,WOS:000527424400001,10.1080/01605682.2020.1740621,survivor,False,False,link-criticality/importance-ranking,road/highway-network,,,removed_filterA,False,False,,,,,,,,,,,,
775,Risk-averse optimization for resilience enhancement of complex engineering systems under uncertainties,2021,RELIABILITY ENGINEERING \& SYSTEM SAFETY,WOS:000690283800041,10.1016/j.ress.2021.107836,excl_only_lifeline,False,True,,,,,excl_only_lifeline,False,False,,,,,,,,,,,,
776,Supporting urban sustainability through resilient rail transit systems,2025,CITIES,WOS:001553248300001,10.1016/j.cities.2025.106373,survivor,False,False,resilience-quantification/assessment,railway/transit,,,removed_filterA,False,False,,,,,,,,,,,,
777,Forest road engineering in Poland: current status and development perspectives,2022,SYLWAN,WOS:000810066100001,10.26202/sylwan.2022006,survivor,False,False,other,road/highway-network,,,removed_filterA,False,False,,,,,,,,,,,,
778,Recovery Scheduling of Road Networks Considering Day-to-Day Flow Evolution,2024,TRANSPORTATION RESEARCH RECORD,WOS:001242021900001,10.1177/03611981241250339,survivor,False,False,restoration-scheduling/sequencing,road/highway-network,,,kept,True,False,travel-time/accessibility,user-equilibrium,heuristic/metaheuristic/GA,a-priori/static-schedule,static-demand,deterministic,ok,2,0.7,False,,False
779,Betweenness Centrality-Based seismic risk management for bridge transportation networks,2023,ENGINEERING STRUCTURES,WOS:001002037400001,10.1016/j.engstruct.2023.116301,survivor,False,False,link-criticality/importance-ranking,bridge/bridge-network,,,removed_filterA,False,False,,,,,,,,,,,,
780,Uncertainty-cognizant post-disaster routing with progressive hedging centered multi meta-heuristic approach,2025,TRANSPORTATION RESEARCH PART E-LOGISTICS AND TRANSPORTATION REVIEW,WOS:001517380100001,10.1016/j.tre.2025.104215,survivor,False,False,post-disaster-relief-logistics/distribution,road/highway-network,,,removed_filterA,False,False,,,,,,,,,,,,
781,RnR-SMART: Resilient smart city evacuation plan based on road network reconfiguration in outbreak response,2021,SUSTAINABLE CITIES AND SOCIETY,WOS:000728571100003,10.1016/j.scs.2021.103386,survivor,False,False,evacuation,road/highway-network,,,removed_filterA,False,False,,,,,,,,,,,,
782,Reliability Based Life Cycle Management of Bridge Subjected to Fatigue Damage,2020,FRONTIERS IN BUILT ENVIRONMENT,WOS:000599601100001,10.3389/fbuil.2020.00100,survivor,False,False,other,bridge/bridge-network,,,removed_filterA,False,False,,,,,,,,,,,,
783,Metaheuristics for the stochastic post-disaster debris clearance problem,2022,IISE TRANSACTIONS,WOS:000765630900001,10.1080/24725854.2022.2030075,survivor,False,False,debris-clearance,road/highway-network,,,kept,True,False,travel-time/accessibility,shortest-path/AON,heuristic/metaheuristic/GA,sequential/adaptive/rolling-policy,static-demand,stochastic/scenario-based,ok,11,2.2,False,,False
784,Sub-lambda and Wavelength Path Reconfiguration in Multi-layer Transport Networks,2015,JOURNAL OF OPTICAL COMMUNICATIONS AND NETWORKING,WOS:000351735300009,10.1364/JOCN.7.00A432,excl_only_lifeline,False,True,,,,,excl_only_lifeline,False,False,,,,,,,,,,,,
785,A decomposition approach for solving tri-level defender-attacker-defender problems,2021,COMPUTERS \& INDUSTRIAL ENGINEERING,WOS:000632961600028,10.1016/j.cie.2020.107085,survivor,False,False,network-design/retrofit/protection,interdependent-infrastructure-incl-transport,power-electricity-system,,removed_filterA,False,False,,,,,,,,,,,,
786,Simulation-Based Evacuation System for Large-Scale Urban Road Network Considering Traffic Conditions,2022,TRANSPORTATION RESEARCH RECORD,WOS:000796532600001,10.1177/03611981221090511,survivor,False,False,evacuation,road/highway-network,,,removed_filterA,False,False,,,,,,,,,,,,
787,INFRASTRUCTURE FAILURE PROPAGATIONS AND RECOVERY STRATEGIES FROM AN ALPINE FAULT EARTHQUAKE SCENARIO: ESTABLISHING FEEDBACK LOOPS BETWEEN INTEGRATED MODELLING AND PARTICIPATORY PROCESSES FOR DISASTER IMPACT REDUCTION,2021,BULLETIN OF THE NEW ZEALAND SOCIETY FOR EARTHQUAKE ENGINEERING,WOS:000681470700004,,survivor,False,False,resilience-quantification/assessment,interdependent-infrastructure-incl-transport,uncertain,,removed_filterA,False,False,,,,,,,,,,,,
788,Mixed integer optimization model for resilience enhancement of power distribution networks coupled with transportation networks,2025,SUSTAINABLE ENERGY GRIDS \& NETWORKS,WOS:001606100900001,10.1016/j.segan.2025.102002,survivor,False,False,restoration-scheduling/sequencing,interdependent-infrastructure-incl-transport,transport-and-lifeline-jointly,keep,kept,True,False,flow/demand-served,shortest-path/AON,exact/MILP/math-programming,a-priori/static-schedule,static-demand,deterministic,ok,2,1.0,False,,False
789,Unraveling the impacts of heavy rainfall on cross-city human mobility,2026,TRANSPORTATION RESEARCH PART D-TRANSPORT AND ENVIRONMENT,WOS:001798586800001,10.1016/j.trd.2026.105446,survivor,False,False,empirical-recovery-analysis/prediction,general-transportation-network,,,removed_filterA,False,False,,,,,,,,,,,,
790,Cluster-based prepositioning network for enhanced recovery resilience of critical infrastructure system using multiplex network,2025,APPLIED SOFT COMPUTING,WOS:001446582300001,10.1016/j.asoc.2025.112987,survivor,False,False,post-disaster-relief-logistics/distribution,railway/transit,,,removed_filterA,False,False,,,,,,,,,,,,
791,A Novel Method for Seismic Resilience Assessment of Urban Hospital Network Systems Based on a Real-Time Simulation Model,2024,INTERNATIONAL JOURNAL OF STRUCTURAL STABILITY AND DYNAMICS,WOS:001187076100010,10.1142/S0219455424500500,survivor,False,False,resilience-quantification/assessment,building/urban-area/community,,,removed_filterA+B,False,False,,,,,,,,,,,,
792,Determination of Postdisaster Restoration Programs for Road Networks Using a Double-Stage Optimization Approach,2022,JOURNAL OF INFRASTRUCTURE SYSTEMS,WOS:000825759200009,10.1061/(ASCE)IS.1943-555X.0000700,survivor,False,False,restoration-scheduling/sequencing,road/highway-network,,,kept,True,False,economic-cost/loss,user-equilibrium,heuristic/metaheuristic/GA,a-priori/static-schedule,static-demand,deterministic,ok,13,2.6,False,,False
793,Disaster Recovery for Transport Network through Multiple Restoration Stages,2015,IEICE TRANSACTIONS ON COMMUNICATIONS,WOS:000359495400021,10.1587/transcom.E98.B.171,excl_only_lifeline,False,True,,,,,excl_only_lifeline,False,False,,,,,,,,,,,,
794,A method to improve the resilience of multimodal transport network: Location selection strategy of emergency rescue facilities,2021,COMPUTERS \& INDUSTRIAL ENGINEERING,WOS:000704356000004,10.1016/j.cie.2021.107678,survivor,False,False,post-disaster-relief-logistics/distribution,general-transportation-network,,,removed_filterA,False,False,,,,,,,,,,,,
795,Toward Climate-Resilient Freight Systems: Measuring Regional Truck Resilience to Extreme Rainfall via Integrated Flood Demand Modeling,2025,SUSTAINABILITY,WOS:001443436900001,10.3390/su17051783,survivor,False,False,resilience-quantification/assessment,road/highway-network,,,removed_filterA,False,False,,,,,,,,,,,,
796,Resilience Measurement of Bus-Subway Network Based on Generalized Cost,2024,MATHEMATICS,WOS:001277195300001,10.3390/math12142191,survivor,False,False,resilience-quantification/assessment,railway/transit,,,removed_filterA,False,False,,,,,,,,,,,,
797,A two-stage collaborative optimization method for emergency repair station planning and recovery strategy of cyber-physical-transportation networks,2024,ELECTRIC POWER SYSTEMS RESEARCH,WOS:001249476900001,10.1016/j.epsr.2024.110493,survivor,False,False,restoration-scheduling/sequencing,interdependent-infrastructure-incl-transport,power-electricity-system,drop,removed_filterB_refined,False,False,,,,,,,,,,,,
798,Resilience measurement and analysis of intercity public transportation network,2024,TRANSPORTATION RESEARCH PART D-TRANSPORT AND ENVIRONMENT,WOS:001230242000001,10.1016/j.trd.2024.104202,survivor,False,False,resilience-quantification/assessment,general-transportation-network,,,removed_filterA,False,False,,,,,,,,,,,,
799,Resilience and Adaptability Analysis of Port-Centric Transport Networks for Meteorological Disasters: A Case of Shanghai Port,2026,JOURNAL OF MARINE SCIENCE AND ENGINEERING,WOS:001789991900001,10.3390/jmse14111034,survivor,False,False,resilience-quantification/assessment,port/airport/maritime/waterway,,,removed_filterA+B,False,False,,,,,,,,,,,,
800,Multi-Criteria Decision Approach for Lightpath Restoration After Resource Crunch,2024,IEEE TRANSACTIONS ON NETWORK AND SERVICE MANAGEMENT,WOS:001338569700062,10.1109/TNSM.2024.3435544,excl_only_lifeline,False,True,,,,,excl_only_lifeline,False,False,,,,,,,,,,,,
801,Multicriteria planning of post-earthquake sustainable reconstruction,2002,COMPUTER-AIDED CIVIL AND INFRASTRUCTURE ENGINEERING,WOS:000174750600008,10.1111/1467-8667.00269,survivor,False,False,network-design/retrofit/protection,building/urban-area/community,,,removed_filterA+B,False,False,,,,,,,,,,,,
802,Disruption Minimized Bandwidth Scaling in EON-Enabled Transport Network Slices,2021,IEEE JOURNAL ON SELECTED AREAS IN COMMUNICATIONS,WOS:000685891700009,10.1109/JSAC.2021.3064643,excl_only_lifeline,False,True,,,,,excl_only_lifeline,False,False,,,,,,,,,,,,
803,Arc routing problems to restore connectivity of a road network,2016,TRANSPORTATION RESEARCH PART E-LOGISTICS AND TRANSPORTATION REVIEW,WOS:000388247000010,10.1016/j.tre.2016.09.012,survivor,False,False,debris-clearance,road/highway-network,,,kept,True,False,connectivity/reachability,topological/graph-metric,exact/MILP/math-programming; heuristic/metaheuristic/GA,a-priori/static-schedule,static-demand,deterministic,ok,77,7.0,True,,False
804,Sequencing post-disruption concurrent restoration via a network flow approach,2024,TRANSPORTATION RESEARCH PART D-TRANSPORT AND ENVIRONMENT,WOS:001275152000001,10.1016/j.trd.2024.104234,survivor,False,False,restoration-scheduling/sequencing,other,,,removed_filterB,False,False,,,,,,,,,,,,
805,A two-stage algorithm for vehicle routing problem with charging relief in post-disaster,2023,IET INTELLIGENT TRANSPORT SYSTEMS,WOS:000946664500001,10.1049/itr2.12344,survivor,False,False,crew/resource-routing-dispatch,interdependent-infrastructure-incl-transport,power-electricity-system,drop,removed_filterB_refined,False,False,,,,,,,,,,,,
806,Integrated reinforcement and repair of interdependent infrastructure networks under disaster-related uncertainties,2023,EUROPEAN JOURNAL OF OPERATIONAL RESEARCH,WOS:000992042900001,10.1016/j.ejor.2022.10.043,excl_only_lifeline,False,True,,,,,excl_only_lifeline,False,False,,,,,,,,,,,,
807,Stochastic optimization for investment in facilities in emergency prevention,2016,TRANSPORTATION RESEARCH PART E-LOGISTICS AND TRANSPORTATION REVIEW,WOS:000376798300002,10.1016/j.tre.2016.02.006,survivor,False,False,network-design/retrofit/protection,road/highway-network,,,removed_filterA,False,False,,,,,,,,,,,,
808,Application of clustering algorithms for dimensionality reduction in infrastructure resilience prediction models,2026,STRUCTURE AND INFRASTRUCTURE ENGINEERING,WOS:001251346800001,10.1080/15732479.2024.2366958,survivor,False,False,empirical-recovery-analysis/prediction,interdependent-infrastructure-incl-transport,transport-and-lifeline-jointly,,removed_filterA,False,False,,,,,,,,,,,,
809,Bridge Seismic Retrofit Program Planning to Maximize Postearthquake Transportation Network Capacity,2012,JOURNAL OF INFRASTRUCTURE SYSTEMS,WOS:000304825900003,10.1061/(ASCE)IS.1943-555X.0000082,survivor,False,False,network-design/retrofit/protection,bridge/bridge-network,,,removed_filterA,False,False,,,,,,,,,,,,
810,Analysis of Transportation Hypernetwork Robustness Based on the Internal Structure of Hyperedges: A Case Study of China's High-Speed Railway,2025,APPLIED SCIENCES-BASEL,WOS:001646137800001,10.3390/app152412889,survivor,False,False,resilience-quantification/assessment,railway/transit,,,removed_filterA,False,False,,,,,,,,,,,,
811,Functional Loss Assessment and Restoration Analysis to Quantify Indirect Consequences of Hazards,2016,ASCE-ASME JOURNAL OF RISK AND UNCERTAINTY IN ENGINEERING SYSTEMS PART A-CIVIL ENGINEERING,WOS:000404970400006,10.1061/AJRUA6.0000877,survivor,False,False,resilience-quantification/assessment,general-transportation-network,,,removed_filterA,False,False,,,,,,,,,,,,
812,Optimized Restoration Schedule for Disrupted Railroad Network,2021,JOURNAL OF TRANSPORTATION ENGINEERING PART A-SYSTEMS,WOS:000683836700003,10.1061/JTEPBS.0000560,survivor,False,False,restoration-scheduling/sequencing,railway/transit,,,kept,True,False,economic-cost/loss,network-flow/capacity,heuristic/metaheuristic/GA,a-priori/static-schedule,static-demand,deterministic,ok,6,1.0,False,,False
813,Bayesian network-based resilience assessment of interdependent infrastructure systems under optimal resource allocation strategies,2024,RESILIENT CITIES AND STRUCTURES,WOS:001533674600005,10.1016/j.rcns.2024.06.001,survivor,False,False,resilience-quantification/assessment,interdependent-infrastructure-incl-transport,uncertain,,removed_filterA,False,False,,,,,,,,,,,,
814,Deep reinforcement learning-based resilience optimization for infrastructure networks restoration with multiple crews,2025,FRONTIERS OF ENGINEERING MANAGEMENT,WOS:001401953000001,10.1007/s42524-025-4091-5,survivor,False,False,restoration-scheduling/sequencing,lifeline-only-power-water-gas-telecom,,,removed_filterB,False,False,,,,,,,,,,,,
815,Braess Paradox in Optimal Multiperiod Resource-Constrained Restoration Scheduling Problem,2024,INTERNATIONAL JOURNAL OF CIVIL ENGINEERING,WOS:001196882700001,10.1007/s40999-024-00963-4,survivor,False,False,restoration-scheduling/sequencing,road/highway-network,,,kept,True,False,travel-time/accessibility,user-equilibrium,heuristic/metaheuristic/GA; exact/MILP/math-programming,a-priori/static-schedule,static-demand,deterministic,ok,2,0.7,False,,False
816,A Novel Method for Seismic Resilience Assessment of Urban Hospital Network Systems Based on a Real-Time Simulation Model,2024,INTERNATIONAL JOURNAL OF STRUCTURAL STABILITY AND DYNAMICS,WOS:001187076100011,,survivor,False,False,resilience-quantification/assessment,building/urban-area/community,,,removed_filterA+B,False,False,,,,,,,,,,,,
817,Convergence of AI and Urban Emergency Responses: Emerging Pathway toward Resilient and Equitable Communities,2024,APPLIED SCIENCES-BASEL,WOS:001311236500001,10.3390/app14177949,survivor,False,False,other,building/urban-area/community,,,removed_filterA+B,False,True,,,,,,,,,,,,
818,Co-optimize recovery modeling for transportation and power network with multi-type mobile resources dispatching,2024,APPLIED ENERGY,WOS:001239034500001,10.1016/j.apenergy.2024.123074,survivor,False,False,restoration-scheduling/sequencing,interdependent-infrastructure-incl-transport,transport-and-lifeline-jointly,keep,kept,True,False,flow/demand-served,shortest-path/AON,exact/MILP/math-programming,sequential/adaptive/rolling-policy,dynamic/time-varying-demand,deterministic,ok,18,6.0,False,"MILP co-optimizing transport and distribution-power recovery with mobile resources over a rolling horizon; shares adaptive/rolling architecture + dynamic demand, but power-coupled and shortest-path, no UE/learning.",False
819,Resilience-oriented recovery strategies for crude oil maritime transportation networks of importing countries using mass tanker trajectory data,2026,TRANSPORT POLICY,WOS:001707126100001,10.1016/j.tranpol.2026.104088,survivor,False,False,restoration-scheduling/sequencing,port/airport/maritime/waterway,,,removed_filterB,False,False,,,,,,,,,,,,
820,Robust hierarchical control plane for Transport Software-Defined Networks,2018,OPTICAL SWITCHING AND NETWORKING,WOS:000444667000002,10.1016/j.osn.2018.05.004,excl_only_lifeline,False,True,,,,,excl_only_lifeline,False,False,,,,,,,,,,,,
821,Modelling the neighbour aid phenomenon for installing costly complex networks,2015,JOURNAL OF COMPLEX NETWORKS,WOS:000434604700006,10.1093/comnet/cnu033,survivor,False,False,restoration-scheduling/sequencing,other,,,removed_filterB,False,False,,,,,,,,,,,,
822,Estimation of impacts of volcanic ash fall from Mt. Fuji eruption on freight transport and effects of partial restoration of highways,2024,ANNALS OF REGIONAL SCIENCE,WOS:001093126300001,10.1007/s00168-023-01251-0,survivor,False,False,empirical-recovery-analysis/prediction,road/highway-network,,,removed_filterA,False,False,,,,,,,,,,,,
823,Risk and resilience-based optimal post-disruption restoration for critical infrastructures under uncertainty,2022,EUROPEAN JOURNAL OF OPERATIONAL RESEARCH,WOS:000691200300013,10.1016/j.ejor.2021.04.025,survivor,False,False,restoration-scheduling/sequencing,interdependent-infrastructure-incl-transport,power-electricity-system,drop,removed_filterB_refined,False,False,,,,,,,,,,,,
824,Strengthening Infrastructure Resilience to Hurricanes by Modeling Transportation and Electric Power Network Interdependencies,2025,NATURAL HAZARDS REVIEW,WOS:001509491700013,10.1061/NHREFO.NHENG-2236,survivor,False,False,resilience-quantification/assessment,interdependent-infrastructure-incl-transport,power-electricity-system,,removed_filterA,False,False,,,,,,,,,,,,
825,"An integrative framework for coordination of damage assessment, road restoration, and relief distribution in disasters",2023,OMEGA-INTERNATIONAL JOURNAL OF MANAGEMENT SCIENCE,WOS:000857240300002,10.1016/j.omega.2022.102748,survivor,False,False,restoration-scheduling/sequencing,road/highway-network,,,kept,True,False,economic-cost/loss,network-flow/capacity,exact/MILP/math-programming; heuristic/metaheuristic/GA,sequential/adaptive/rolling-policy,static-demand,adaptive/multistage-revelation,ok,37,7.4,False,,False
826,A vulnerability assessment with freight flow data of railway freight transportation network in Northeast China,2025,JOURNAL OF TRANSPORT GEOGRAPHY,WOS:001574151600001,10.1016/j.jtrangeo.2025.104416,survivor,False,False,vulnerability/risk/fragility-assessment,railway/transit,,,removed_filterA,False,False,,,,,,,,,,,,
827,A mathematical model for post-disaster road restoration: Enabling accessibility and evacuation,2014,TRANSPORTATION RESEARCH PART E-LOGISTICS AND TRANSPORTATION REVIEW,WOS:000331021300005,10.1016/j.tre.2013.10.009,survivor,False,False,debris-clearance,road/highway-network,,,kept,True,False,travel-time/accessibility,shortest-path/AON,exact/MILP/math-programming,a-priori/static-schedule,static-demand,deterministic,ok,158,11.3,True,,False
828,Mobile Emergency Generator Pre-Positioning and Real-Time Allocation for Resilient Response to Natural Disasters,2018,IEEE TRANSACTIONS ON SMART GRID,WOS:000430715400046,10.1109/TSG.2016.2605692,survivor,False,False,crew/resource-routing-dispatch,interdependent-infrastructure-incl-transport,power-electricity-system,drop,removed_filterB_refined,False,False,,,,,,,,,,,,
829,Contraflow transportation network reconfiguration for evacuation route planning,2008,IEEE TRANSACTIONS ON KNOWLEDGE AND DATA ENGINEERING,WOS:000256894000013,10.1109/TKDE.2007.190722,survivor,False,False,evacuation,road/highway-network,,,removed_filterA,False,False,,,,,,,,,,,,
830,Coordinated emergency resource allocation for resilience enhancement in post-disaster electrified transportation networks,2026,JOURNAL OF TRANSPORT GEOGRAPHY,WOS:001634476300001,10.1016/j.jtrangeo.2025.104503,survivor,False,False,other,interdependent-infrastructure-incl-transport,transport-and-lifeline-jointly,,removed_filterA,False,False,,,,,,,,,,,,
831,A MULTI-OBJECTIVE NETWORK DESIGN MODEL FOR POST-DISASTER TRANSPORTATION NETWORK MANAGEMENT,2019,PROMET-TRAFFIC \& TRANSPORTATION,WOS:000462346600002,10.7307/ptt.v31i1.2743,survivor,False,False,other,general-transportation-network,,,removed_filterA,False,False,,,,,,,,,,,,
832,PANDA: predicting road risks after natural disasters leveraging heterogeneous urban data,2022,CCF TRANSACTIONS ON PERVASIVE COMPUTING AND INTERACTION,WOS:000765716400001,10.1007/s42486-022-00095-5,survivor,False,False,empirical-recovery-analysis/prediction,road/highway-network,,,removed_filterA,False,False,,,,,,,,,,,,
833,Improving the resilience of inland waterway freight consolidation during disruptions through subsidies☆,2025,JOURNAL OF SEA RESEARCH,WOS:001554742000001,10.1016/j.seares.2025.102607,survivor,False,False,other,port/airport/maritime/waterway,,,removed_filterA+B,False,False,,,,,,,,,,,,
834,Rapid post-earthquake assessment of bridge portfolios using damage-state augmentation,2026,COMPUTER-AIDED CIVIL AND INFRASTRUCTURE ENGINEERING,WOS:001767269600001,10.1016/j.cacaie.2026.100061,survivor,False,False,hazard/damage-modeling,bridge/bridge-network,,,removed_filterA,False,False,,,,,,,,,,,,
835,Optimizing urban infrastructure resilience: Analyzing cascading failures and critical node dependencies through multilayer network models,2026,JOURNAL OF SAFETY SCIENCE AND RESILIENCE,WOS:001600686400001,10.1016/j.jnlssr.2025.100245,survivor,False,False,resilience-quantification/assessment,interdependent-infrastructure-incl-transport,uncertain,,removed_filterA,False,False,,,,,,,,,,,,
836,A bi-level resilience-oriented islanding framework for an active distribution network incorporating electric vehicles parking lots,2023,ELECTRIC POWER SYSTEMS RESEARCH,WOS:000948958100001,10.1016/j.epsr.2023.109233,survivor,False,False,restoration-scheduling/sequencing,interdependent-infrastructure-incl-transport,power-electricity-system,drop,removed_filterB_refined,False,False,,,,,,,,,,,,
837,Transportable Energy Storage for More Resilient Distribution Systems With Multiple Microgrids,2019,IEEE TRANSACTIONS ON SMART GRID,WOS:000466603800087,10.1109/TSG.2018.2824820,survivor,False,False,restoration-scheduling/sequencing,interdependent-infrastructure-incl-transport,power-electricity-system,drop,removed_filterB_refined,False,False,,,,,,,,,,,,
838,Risk Analysis of Vulnerable Bridges on the National Road Network in France,2015,TRANSPORTATION RESEARCH RECORD,WOS:000362615100004,10.3141/2481-03,survivor,False,False,vulnerability/risk/fragility-assessment,bridge/bridge-network,,,removed_filterA,False,False,,,,,,,,,,,,
839,A Disruption Recovery Model for Time-Dependent Vehicle Routing Problem With Time Windows in Delivering Perishable Goods,2020,IEEE ACCESS,WOS:000584785200001,10.1109/ACCESS.2020.3032018,survivor,False,False,other,general-transportation-network,,,removed_filterA,False,False,,,,,,,,,,,,
840,Integrated air-rail multimodal strategy for aircraft and passenger recovery,2026,JOURNAL OF AIR TRANSPORT MANAGEMENT,WOS:001722739900001,10.1016/j.jairtraman.2026.103019,survivor,False,False,other,general-transportation-network,,,removed_filterA,False,False,,,,,,,,,,,,
841,LinkCrack\_IDL: a pixel-level tunnel crack segmentation algorithm based on deep learning,2025,MEASUREMENT SCIENCE AND TECHNOLOGY,WOS:001463425700001,10.1088/1361-6501/adc479,survivor,False,False,other,road/highway-network,,,removed_filterA,False,False,,,,,,,,,,,,
842,Auctions for resource allocation and decentralized restoration of interdependent networks,2023,RELIABILITY ENGINEERING \& SYSTEM SAFETY,WOS:000999873100001,10.1016/j.ress.2023.109301,survivor,False,False,restoration-scheduling/sequencing,interdependent-infrastructure-incl-transport,power-electricity-system,drop,removed_filterB_refined,False,False,,,,,,,,,,,,
843,Multi-Stage Control Strategy of IoT-Enabled Unmanned Vehicle Detection Systems,2025,IEEE TRANSACTIONS ON INTELLIGENT TRANSPORTATION SYSTEMS,WOS:001470512300001,10.1109/TITS.2025.3535737,survivor,False,False,other,other,,,removed_filterA+B,False,False,,,,,,,,,,,,
844,Datasets of disrupted transportation networks on Canada's West Coast in a plausible M9.0 Cascadia Subduction Zone earthquake scenario,2023,DATA IN BRIEF,WOS:001108916300001,10.1016/j.dib.2022.108762,survivor,False,False,other,road/highway-network,,,removed_filterA,False,False,,,,,,,,,,,,
845,CLARC: An Artificial Community for Modeling the Effects of Extreme Hazard Events on Interdependent Civil and Social Infrastructure Systems,2020,JOURNAL OF INFRASTRUCTURE SYSTEMS,WOS:000507633100002,10.1061/(ASCE)IS.1943-555X.0000519,survivor,False,False,other,interdependent-infrastructure-incl-transport,transport-and-lifeline-jointly,,removed_filterA,False,False,,,,,,,,,,,,
846,Impact of Operational and Restoration Interdependencies on Cost and Disruptive Effect in Multilayered Infrastructure Networks,2022,JOURNAL OF INFRASTRUCTURE SYSTEMS,WOS:000825759200001,10.1061/(ASCE)IS.1943-555X.0000680,survivor,False,False,restoration-scheduling/sequencing,interdependent-infrastructure-incl-transport,transport-and-lifeline-jointly,keep,kept,True,False,multi-criteria/composite,network-flow/capacity,exact/MILP/math-programming,a-priori/static-schedule,static-demand,deterministic,ok,3,0.6,False,,False
847,Research on the Resilience of a Railway Network Based on a Complex Structure Analysis of Physical and Service Networks,2025,APPLIED SCIENCES-BASEL,WOS:001486133800001,10.3390/app15095135,survivor,False,False,resilience-quantification/assessment,railway/transit,,,removed_filterA,False,False,,,,,,,,,,,,
848,A New Mathematical Framework and Spatial Decision Support System for Modeling Cascade Interdependency of Critical Infrastructure during Geo-Disasters,2017,JOURNAL OF EARTH SCIENCE,WOS:000391976700011,10.1007/s12583-017-0746-4,survivor,False,False,link-criticality/importance-ranking,interdependent-infrastructure-incl-transport,uncertain,,removed_filterA,False,False,,,,,,,,,,,,
849,Network repair crew scheduling for short-term disasters,2018,APPLIED MATHEMATICAL MODELLING,WOS:000447117200029,10.1016/j.apm.2018.07.047,survivor,False,False,restoration-scheduling/sequencing,road/highway-network,,,kept,True,False,multi-criteria/composite,topological/graph-metric,exact/MILP/math-programming; heuristic/metaheuristic/GA,a-priori/static-schedule,dynamic/time-varying-demand,deterministic,ok,42,4.7,False,,False
850,Resilience Decision-Making for Complex Systems,2020,ASCE-ASME JOURNAL OF RISK AND UNCERTAINTY IN ENGINEERING SYSTEMS PART B-MECHANICAL ENGINEERING,WOS:000530496300015,10.1115/1.4044907,survivor,False,False,resilience-quantification/assessment,railway/transit,,,removed_filterA,False,False,,,,,,,,,,,,
851,Sequential Disaster Recovery Strategy for Resilient Distribution Network Based on Cyber-Physical Collaborative Optimization,2023,IEEE TRANSACTIONS ON SMART GRID,WOS:000966529200001,10.1109/TSG.2022.3198696,survivor,False,False,restoration-scheduling/sequencing,interdependent-infrastructure-incl-transport,power-electricity-system,drop,removed_filterB_refined,False,False,,,,,,,,,,,,
852,"Transportation infrastructure asset management in the new millennium: continuing issues, and emerging challenges and opportunities",2017,TRANSPORTMETRICA A-TRANSPORT SCIENCE,WOS:000403724000001,10.1080/23249935.2017.1308977,survivor,False,False,other,general-transportation-network,,,removed_filterA,False,False,,,,,,,,,,,,
853,A new resilience-based component importance measure for multi-state networks,2020,RELIABILITY ENGINEERING \& SYSTEM SAFETY,WOS:000501641400024,10.1016/j.ress.2019.106591,survivor,False,False,link-criticality/importance-ranking,road/highway-network,,,removed_filterA,False,False,,,,,,,,,,,,
854,Supply Resilience Constrained Scheduling of MEGs for Distribution System Restoration: A Stochastic Model and FW-PH Algorithm,2025,IEEE TRANSACTIONS ON SMART GRID,WOS:001392825000006,10.1109/TSG.2024.3446873,survivor,False,False,restoration-scheduling/sequencing,interdependent-infrastructure-incl-transport,power-electricity-system,drop,removed_filterB_refined,False,False,,,,,,,,,,,,
855,Post-Disaster Distribution System Restoration With Logistics Support and Geographical Characteristics,2022,IEEE TRANSACTIONS ON INTELLIGENT TRANSPORTATION SYSTEMS,WOS:000732333500001,10.1109/TITS.2021.3089700,survivor,False,False,restoration-scheduling/sequencing,interdependent-infrastructure-incl-transport,power-electricity-system,drop,removed_filterB_refined,False,False,,,,,,,,,,,,
856,Robust post-disaster route restoration,2020,OR SPECTRUM,WOS:000560283100001,10.1007/s00291-020-00601-0,survivor,False,False,restoration-scheduling/sequencing,road/highway-network,,,kept,True,False,recovery-time/makespan,topological/graph-metric,exact/MILP/math-programming,sequential/adaptive/rolling-policy,static-demand,robust/distributionally-robust,ok,26,3.7,False,,False
857,Proactive soft-failure prediction in optical transport networks via physics-inspired features and Infrastructure-as-Code orchestration,2026,SCIENTIFIC REPORTS,WOS:001776261700015,10.1038/s41598-026-52186-3,excl_only_lifeline,False,True,,,,,excl_only_lifeline,False,False,,,,,,,,,,,,
858,Resilience-based post-disaster repair strategy for integrated public transit networks,2024,TRANSPORTMETRICA B-TRANSPORT DYNAMICS,WOS:001217900300001,10.1080/21680566.2024.2352494,survivor,False,False,restoration-scheduling/sequencing,railway/transit,,,kept,True,False,resilience-area/functionality,user-equilibrium,heuristic/metaheuristic/GA,a-priori/static-schedule,static-demand,stochastic/scenario-based,ok,19,6.3,False,,False
859,Resilience enhancement strategies for power distribution network based on hydrogen storage and hydrogen vehicle,2024,IET ENERGY SYSTEMS INTEGRATION,WOS:001314032800001,10.1049/esi2.12168,survivor,False,False,restoration-scheduling/sequencing,interdependent-infrastructure-incl-transport,power-electricity-system,drop,removed_filterB_refined,False,False,,,,,,,,,,,,
860,A GRASP metaheuristic to improve accessibility after a disaster,2011,OR SPECTRUM,WOS:000292213700005,10.1007/s00291-011-0247-2,survivor,False,False,restoration-scheduling/sequencing,road/highway-network,,,kept,True,False,travel-time/accessibility,shortest-path/AON,heuristic/metaheuristic/GA,a-priori/static-schedule,static-demand,deterministic,ok,71,4.4,True,,False
861,Optimizing one-way traffic network reconfiguration and lane-based non-diversion routing for evacuation,2016,JOURNAL OF ADVANCED TRANSPORTATION,WOS:000377211700014,10.1002/atr.1362,survivor,False,False,evacuation,road/highway-network,,,removed_filterA,False,False,,,,,,,,,,,,
862,BETTER RESILIENCE EVALUATION: REFLECTIONS ON INVESTMENTS IN SEISMIC RESILIENCE FOR INFRASTRUCTURE,2020,BULLETIN OF THE NEW ZEALAND SOCIETY FOR EARTHQUAKE ENGINEERING,WOS:000592384300003,10.5459/bnzsee.53.4.203-214,survivor,False,False,other,other,,,removed_filterA+B,False,False,,,,,,,,,,,,
863,Bottom-Up Resource and Cost Estimation for Restoration of Supply Chain Interdependent Critical Infrastructure,2021,ENGINEERING MANAGEMENT JOURNAL,WOS:000560847300001,10.1080/10429247.2020.1800387,survivor,False,False,empirical-recovery-analysis/prediction,interdependent-infrastructure-incl-transport,uncertain,,removed_filterA,False,False,,,,,,,,,,,,
864,Enhancing resilient distribution networks through proactive topology optimization and robotaxi dispatch coordination,2026,INTERNATIONAL JOURNAL OF ELECTRICAL POWER \& ENERGY SYSTEMS,WOS:001693331100002,10.1016/j.ijepes.2026.111682,survivor,False,False,restoration-scheduling/sequencing,interdependent-infrastructure-incl-transport,power-electricity-system,drop,removed_filterB_refined,False,False,,,,,,,,,,,,
865,Resilience-based Machine Learning Models for Restoring Interdependent Infrastructure Networks: Nodes Assessment Strategy for Post-Disruption Restoration,2025,ARABIAN JOURNAL FOR SCIENCE AND ENGINEERING,WOS:001493351800001,10.1007/s13369-025-10281-z,survivor,False,False,empirical-recovery-analysis/prediction,interdependent-infrastructure-incl-transport,uncertain,,removed_filterA,False,False,,,,,,,,,,,,
866,Decision-Making Analytics Using Plural Resilience Parameters for Adaptive Management of Complex Systems,2019,RISK ANALYSIS,WOS:000466403100011,10.1111/risa.13209,survivor,False,False,resilience-quantification/assessment,other,,,removed_filterA+B,False,False,,,,,,,,,,,,
867,Resilience analysis of multi-level highway networks under disruptions,2026,CHAOS SOLITONS \& FRACTALS,WOS:001638693900001,10.1016/j.chaos.2025.117728,survivor,False,False,restoration-scheduling/sequencing,road/highway-network,,,kept,True,False,resilience-area/functionality,topological/graph-metric,heuristic/metaheuristic/GA,a-priori/static-schedule,static-demand,deterministic,ok,2,1.0,False,,False
868,Emergency power supply scheme and fault repair strategy for distribution networks considering electric -traffic synergy,2024,SUSTAINABLE ENERGY GRIDS \& NETWORKS,WOS:001367595400001,10.1016/j.segan.2024.101575,survivor,False,False,restoration-scheduling/sequencing,interdependent-infrastructure-incl-transport,power-electricity-system,drop,removed_filterB_refined,False,False,,,,,,,,,,,,
869,Why should we bother about urban risk reduction? ERS instrument and a methodology to assess its impact on urban functionality,2026,INTERNATIONAL JOURNAL OF DISASTER RESILIENCE IN THE BUILT ENVIRONMENT,WOS:001625787800001,10.1108/IJDRBE-11-2024-0122,survivor,False,False,network-design/retrofit/protection,building/urban-area/community,,,removed_filterA+B,False,False,,,,,,,,,,,,
870,A GIS-Based Multi-Criteria Analysis Framework to Evaluate Urban Physical Resilience against Earthquakes,2022,SUSTAINABILITY,WOS:000795418100001,10.3390/su14095034,survivor,False,False,resilience-quantification/assessment,building/urban-area/community,,,removed_filterA+B,False,False,,,,,,,,,,,,
871,ResQ-IOS: An iterative optimization-based simulation framework for quantifying the resilience of interdependent critical infrastructure systems to natural hazards,2023,APPLIED ENERGY,WOS:001053559900001,10.1016/j.apenergy.2023.121558,excl_only_lifeline,False,True,,,,,excl_only_lifeline,False,False,,,,,,,,,,,,
872,A novel carrier-cooperation scheme with an incentive to offer emergency lightpath support during disaster recovery,2020,PHOTONIC NETWORK COMMUNICATIONS,WOS:000545182000001,10.1007/s11107-020-00898-5,excl_only_lifeline,False,True,,,,,excl_only_lifeline,False,False,,,,,,,,,,,,
873,Landscape-Scale Green Infrastructure Investments as a Climate Adaptation Strategy: A Case Example for the Midwest United States,2012,ENVIRONMENTAL PRACTICE,WOS:000212167900005,10.1017/S146604661100055X,survivor,False,False,other,other,,,removed_filterA+B,False,False,,,,,,,,,,,,
874,A cascading risk and resilience assessment framework for urban lifeline systems under extreme flooding,2026,JOURNAL OF ENVIRONMENTAL MANAGEMENT,WOS:001739963300001,10.1016/j.jenvman.2026.129582,survivor,False,False,resilience-quantification/assessment,interdependent-infrastructure-incl-transport,uncertain,,removed_filterA,False,False,,,,,,,,,,,,
875,A Two-Stage Robust Approach for Resilient Unit Commitment With Rail-Based Mobile Energy Storage Under Diffusional Uncertainties,2025,IEEE TRANSACTIONS ON SUSTAINABLE ENERGY,WOS:001512585600043,10.1109/TSTE.2024.3519218,survivor,False,False,restoration-scheduling/sequencing,interdependent-infrastructure-incl-transport,power-electricity-system,drop,removed_filterB_refined,False,False,,,,,,,,,,,,
876,To be or not to be cooperative: Exploring the post-disaster recovery game among interdependent infrastructure networks,2026,RELIABILITY ENGINEERING \& SYSTEM SAFETY,WOS:001699333600001,10.1016/j.ress.2026.112383,survivor,False,False,restoration-scheduling/sequencing,interdependent-infrastructure-incl-transport,power-electricity-system,drop,removed_filterB_refined,False,False,,,,,,,,,,,,
877,Resilience enhancement strategy for port distribution networks considering mobile energy storage,2025,ELECTRIC POWER SYSTEMS RESEARCH,WOS:001481392300001,10.1016/j.epsr.2025.111685,survivor,False,False,restoration-scheduling/sequencing,interdependent-infrastructure-incl-transport,power-electricity-system,drop,removed_filterB_refined,False,False,,,,,,,,,,,,
878,Dynamic post-disaster debris clearance problem with re-positioning of clearance equipment items under partially observable information,2020,TRANSPORTATION RESEARCH PART B-METHODOLOGICAL,WOS:000545532200014,10.1016/j.trb.2020.05.011,survivor,False,False,debris-clearance,road/highway-network,,,kept,True,False,flow/demand-served,network-flow/capacity,exact/dynamic-programming; simulation-optimization,sequential/adaptive/rolling-policy,dynamic/time-varying-demand,adaptive/multistage-revelation,ok,31,4.4,False,"POMDP solved by approximate dynamic programming: an adaptive debris-clearance policy under partial observability with time-varying queued demand; shares adaptive + dynamic demand + multistage uncertainty, but debris (not link repair) and no UE/learned policy.",False
879,Population as a Proxy for Infrastructure in the Determination of Event Response and Recovery Resource Allocations,2016,JOURNAL OF HOMELAND SECURITY AND EMERGENCY MANAGEMENT,WOS:000374957700003,10.1515/jhsem-2015-0023,survivor,False,False,empirical-recovery-analysis/prediction,interdependent-infrastructure-incl-transport,uncertain,,removed_filterA,False,False,,,,,,,,,,,,
880,Interdependent network restoration: On the value of information-sharing,2015,EUROPEAN JOURNAL OF OPERATIONAL RESEARCH,WOS:000352667900029,10.1016/j.ejor.2014.12.051,survivor,False,False,restoration-scheduling/sequencing,interdependent-infrastructure-incl-transport,power-electricity-system,drop,removed_filterB_refined,False,False,,,,,,,,,,,,
881,Formulating infrastructure restoration as a geospatial multi-project scheduling problem using agent-based simulation,2026,AUTOMATION IN CONSTRUCTION,WOS:001598726300002,10.1016/j.autcon.2025.106595,survivor,False,False,restoration-scheduling/sequencing,road/highway-network,,,kept,True,False,travel-time/accessibility,shortest-path/AON,reinforcement-learning/DRL; simulation-optimization,sequential/adaptive/rolling-policy,static-demand,stochastic/scenario-based,ok,1,0.5,False,,False
882,Adaptive Capacity Planning Formulation for Infrastructure Networks,2018,JOURNAL OF INFRASTRUCTURE SYSTEMS,WOS:000447254800001,10.1061/(ASCE)IS.1943-555X.0000432,excl_only_lifeline,False,True,,,,,excl_only_lifeline,False,False,,,,,,,,,,,,
883,Crew Scheduling and Routing Problem in Road Restoration via Branch-and-Price Algorithms,2024,TRANSPORTATION SCIENCE,WOS:001218308000001,10.1287/trsc.2023.0227,survivor,False,False,crew/resource-routing-dispatch,road/highway-network,,,kept,True,False,resilience-area/functionality,shortest-path/AON,exact/MILP/math-programming; decomposition/Benders/Lagrangian,a-priori/static-schedule,static-demand,deterministic,ok,14,4.7,False,,False
884,Topological Approach for Optimizing Railroad Freight Network Restoration after Disruptions,2022,TRANSPORTATION RESEARCH RECORD,WOS:000817098100001,10.1177/03611981221097397,survivor,False,False,restoration-scheduling/sequencing,railway/transit,,,kept,True,False,resilience-area/functionality,topological/graph-metric,heuristic/metaheuristic/GA; exact/dynamic-programming,a-priori/static-schedule,static-demand,deterministic,ok,12,2.4,False,,False
885,Integrating Operational and Organizational Aspects in Interdependent Infrastructure Network Recovery,2019,RISK ANALYSIS,WOS:000484531200005,10.1111/risa.13340,excl_only_lifeline,False,True,,,,,excl_only_lifeline,False,False,,,,,,,,,,,,
886,Measuring and maximizing resilience of freight transportation networks,2012,COMPUTERS \& OPERATIONS RESEARCH,WOS:000298532900033,10.1016/j.cor.2011.09.017,survivor,False,False,restoration-scheduling/sequencing,general-transportation-network,,,kept,True,False,resilience-area/functionality,network-flow/capacity,exact/MILP/math-programming; decomposition/Benders/Lagrangian,a-priori/static-schedule,static-demand,stochastic/scenario-based,ok,378,23.6,True,,False
887,Multilayer Network Analytics With SDN-Based Monitoring Framework,2017,JOURNAL OF OPTICAL COMMUNICATIONS AND NETWORKING,WOS:000395889500020,10.1364/JOCN.9.00A271,excl_only_lifeline,False,True,,,,,excl_only_lifeline,False,False,,,,,,,,,,,,
888,An online optimization approach for post-disaster relief distribution with online blocked edges,2022,COMPUTERS \& OPERATIONS RESEARCH,WOS:000704296500005,10.1016/j.cor.2021.105533,survivor,False,False,post-disaster-relief-logistics/distribution,road/highway-network,,,removed_filterA,False,False,,,,,,,,,,,,
889,Resilience assessment of railway networks: Combining infrastructure restoration and transport management,2022,RELIABILITY ENGINEERING \& SYSTEM SAFETY,WOS:000797595300003,10.1016/j.ress.2022.108538,survivor,False,False,restoration-scheduling/sequencing,railway/transit,,,kept,True,False,resilience-area/functionality,network-flow/capacity,exact/MILP/math-programming; heuristic/metaheuristic/GA,a-priori/static-schedule,dynamic/time-varying-demand,deterministic,ok,97,19.4,True,"MILP disruption-management plus full-enumeration restoration sequencing of a railway network with management-adjusted demand; shares dynamic demand, but rail, static, deterministic, no UE/learning.",False
890,Resilience Enhancement Strategies For and Through Electric Vehicles,2022,SUSTAINABLE CITIES AND SOCIETY,WOS:000782115000002,10.1016/j.scs.2022.103788,survivor,False,False,other,interdependent-infrastructure-incl-transport,uncertain,,removed_filterA,False,True,,,,,,,,,,,,
891,Quasi real-time post-earthquake damage assessment of lifeline systems based on available intensity measure maps,2015,SMART STRUCTURES AND SYSTEMS,WOS:000367898300006,,survivor,False,False,vulnerability/risk/fragility-assessment,road/highway-network,,,removed_filterA,False,False,,,,,,,,,,,,
892,Resilience and Sustainability of Civil Infrastructure: Toward a Unified Approach,2014,JOURNAL OF INFRASTRUCTURE SYSTEMS,WOS:000336256300004,10.1061/(ASCE)IS.1943-555X.0000177,survivor,False,False,resilience-quantification/assessment,bridge/bridge-network,,,removed_filterA,False,False,,,,,,,,,,,,
893,The planning of the distribution of relief items and road network repair through multiple heterogeneous crews and prioritizing damaged roads under a flexible and uncertain environment,2024,COMPUTERS \& INDUSTRIAL ENGINEERING,WOS:001302634800001,10.1016/j.cie.2024.110481,survivor,False,False,restoration-scheduling/sequencing,road/highway-network,,,kept,True,False,multi-criteria/composite,network-flow/capacity,exact/MILP/math-programming,a-priori/static-schedule,dynamic/time-varying-demand,robust/distributionally-robust,ok,7,2.3,False,"Distributionally-robust multi-period MILP integrating relief distribution and road repair with time-varying daily demand; shares dynamic demand + robustness, but static and shortest-path, no UE/learning.",False
894,Multi-objective model to protect infrastructure networks from disinformation diffusion,2025,SOCIAL NETWORK ANALYSIS AND MINING,WOS:001451647300001,10.1007/s13278-025-01448-5,survivor,False,False,other,other,,,removed_filterA+B,False,False,,,,,,,,,,,,
895,Probabilistic analysis of settlement-induced damage to bridges in the city of Amsterdam (The Netherlands),2018,TRANSPORTATION GEOTECHNICS,WOS:000427928700018,10.1016/j.trgeo.2018.01.002,survivor,False,False,vulnerability/risk/fragility-assessment,bridge/bridge-network,,,removed_filterA,False,False,,,,,,,,,,,,
896,Resilience assessment and recovery strategy optimization for bus-metro composite network under emergency scenarios,2026,TRANSPORTATION LETTERS-THE INTERNATIONAL JOURNAL OF TRANSPORTATION RESEARCH,WOS:001706263700001,10.1080/19427867.2026.2638411,survivor,False,False,restoration-scheduling/sequencing,railway/transit,,,kept,True,False,resilience-area/functionality,topological/graph-metric,reinforcement-learning/DRL,sequential/adaptive/rolling-policy,static-demand,stochastic/scenario-based,ok,0,0.0,False,,False
897,Disruption propagation and repair response in interdependent system: Network model and simulation approach,2023,SIMULATION MODELLING PRACTICE AND THEORY,WOS:000993121800001,10.1016/j.simpat.2023.102730,excl_only_lifeline,False,True,,,,,excl_only_lifeline,False,False,,,,,,,,,,,,
898,A framework to managing disruption risk in rail-truck intermodal transportation networks,2021,TRANSPORTATION RESEARCH PART E-LOGISTICS AND TRANSPORTATION REVIEW,WOS:000691791000004,10.1016/j.tre.2021.102340,survivor,False,False,link-criticality/importance-ranking,general-transportation-network,,,removed_filterA,False,False,,,,,,,,,,,,
899,"Identification of human-made physical barriers to fish passage in the Wet Tropics region, Australia",2016,MARINE AND FRESHWATER RESEARCH,WOS:000375094200015,10.1071/MF14397,survivor,False,False,other,other,,,removed_filterA+B,False,False,,,,,,,,,,,,
900,A Machine Learning Framework for Joint Reliability Improvement and Maintenance of All-Terminal Networks,2026,IEEE TRANSACTIONS ON RELIABILITY,WOS:001731025600002,10.1109/TR.2026.3674032,survivor,False,False,restoration-scheduling/sequencing,interdependent-infrastructure-incl-transport,transport-and-lifeline-jointly,keep,kept,True,False,connectivity/reachability,topological/graph-metric,reinforcement-learning/DRL; graph-neural-network/GNN; learn+optimize-hybrid/warmstart-pretraining,sequential/adaptive/rolling-policy,not-applicable,stochastic/scenario-based,ok,0,0.0,False,,False
901,A Local-Transit Percolation and Clustering-Based Method for Highway Segment Importance Ranking,2025,SYSTEMS,WOS:001405423600001,10.3390/systems13010028,survivor,False,False,link-criticality/importance-ranking,road/highway-network,,,removed_filterA,False,False,,,,,,,,,,,,
902,Cost-optimal operation and recovery method for power distribution systems considering multiple flexible resources and logistics restrictions,2022,SUSTAINABLE ENERGY TECHNOLOGIES AND ASSESSMENTS,WOS:000853997200005,10.1016/j.seta.2021.101761,survivor,False,False,restoration-scheduling/sequencing,interdependent-infrastructure-incl-transport,power-electricity-system,drop,removed_filterB_refined,False,False,,,,,,,,,,,,
903,"Susceptibility assessment and driving factor analysis of geological hazards in complex landform areas: insights from sichuan, China",2025,BULLETIN OF ENGINEERING GEOLOGY AND THE ENVIRONMENT,WOS:001591866100002,10.1007/s10064-025-04490-x,survivor,False,False,hazard/damage-modeling,other,,,removed_filterA+B,False,False,,,,,,,,,,,,
904,Use of UAV-based photogrammetry products for semi-automatic detection and classification of asphalt road damage in landslide-affected areas,2021,ENGINEERING GEOLOGY,WOS:000696835400014,10.1016/j.enggeo.2021.106363,survivor,False,False,hazard/damage-modeling,road/highway-network,,,removed_filterA,False,False,,,,,,,,,,,,
905,Multi-vehicle synchronized arc routing problem to restore post-disaster network connectivity,2017,EUROPEAN JOURNAL OF OPERATIONAL RESEARCH,WOS:000388776500021,10.1016/j.ejor.2016.07.043,survivor,False,False,debris-clearance,road/highway-network,,,kept,True,False,recovery-time/makespan,topological/graph-metric,exact/MILP/math-programming; heuristic/metaheuristic/GA,a-priori/static-schedule,not-applicable,deterministic,ok,112,10.2,True,,False
906,Freight route planning in intermodal transportation network to deal with combinational disruptions,2020,COGENT ENGINEERING,WOS:000562499300001,10.1080/23311916.2020.1805156,survivor,False,False,other,general-transportation-network,,,removed_filterA,False,False,,,,,,,,,,,,
907,The Interdependent Network Design Problem for Optimal Infrastructure System Restoration,2016,COMPUTER-AIDED CIVIL AND INFRASTRUCTURE ENGINEERING,WOS:000373609000002,10.1111/mice.12171,survivor,False,False,restoration-scheduling/sequencing,interdependent-infrastructure-incl-transport,power-electricity-system,drop,removed_filterB_refined,False,False,,,,,,,,,,,,
908,Enhancing resilience of power-transportation coupled networks to typhoons: A tri-stage integration strategy of multi-resources,2025,SUSTAINABLE ENERGY GRIDS \& NETWORKS,WOS:001501689700001,10.1016/j.segan.2025.101747,survivor,False,False,restoration-scheduling/sequencing,interdependent-infrastructure-incl-transport,power-electricity-system,drop,removed_filterB_refined,False,False,,,,,,,,,,,,
909,Failure Mitigation and Restoration in Interdependent Networks via Mixed-Integer Optimization,2021,IEEE TRANSACTIONS ON NETWORK SCIENCE AND ENGINEERING,WOS:000680892400043,10.1109/TNSE.2020.3005193,survivor,False,False,restoration-scheduling/sequencing,interdependent-infrastructure-incl-transport,power-electricity-system,drop,removed_filterB_refined,False,False,,,,,,,,,,,,
910,The interdependent networked community resilience modeling environment (IN-CORE),2023,RESILIENT CITIES AND STRUCTURES,WOS:001533672900006,10.1016/j.rcns.2023.07.004,survivor,False,False,resilience-quantification/assessment,interdependent-infrastructure-incl-transport,transport-and-lifeline-jointly,,removed_filterA,False,False,,,,,,,,,,,,
911,The Robust Multicrew Scheduling and Routing Problem in road restoration,2026,COMPUTERS \& OPERATIONS RESEARCH,WOS:001665313400001,10.1016/j.cor.2025.107379,survivor,False,False,crew/resource-routing-dispatch,road/highway-network,,,kept,True,False,travel-time/accessibility,shortest-path/AON,exact/MILP/math-programming; decomposition/Benders/Lagrangian; heuristic/metaheuristic/GA,a-priori/static-schedule,static-demand,robust/distributionally-robust,ok,1,1.0,False,,False
912,Automated Pavement Patch Detection and Quantification Using Support Vector Machines,2018,JOURNAL OF COMPUTING IN CIVIL ENGINEERING,WOS:000425257300008,10.1061/(ASCE)CP.1943-5487.0000724,survivor,False,False,other,road/highway-network,,,removed_filterA,False,False,,,,,,,,,,,,
913,CRISIS: Modeling the Restoration of Interdependent Civil and Social Infrastructure Systems Following an Extreme Event,2019,NATURAL HAZARDS REVIEW,WOS:000463669100001,10.1061/(ASCE)NH.1527-6996.0000326,survivor,False,False,restoration-scheduling/sequencing,interdependent-infrastructure-incl-transport,transport-and-lifeline-jointly,keep,kept,True,False,flow/demand-served,none/not-modeled,exact/MILP/math-programming,a-priori/static-schedule,static-demand,deterministic,ok,52,6.5,True,,False
914,Green port oriented resilience improvement for traffic-power coupled networks,2022,RELIABILITY ENGINEERING \& SYSTEM SAFETY,WOS:000804963800007,10.1016/j.ress.2022.108569,survivor,False,False,restoration-scheduling/sequencing,port/airport/maritime/waterway,,,removed_filterB,False,False,,,,,,,,,,,,
915,Max-Min Fair Restoration of Infrastructure Networks,2025,MATHEMATICS,WOS:001593757400001,10.3390/math13193112,survivor,False,False,restoration-scheduling/sequencing,other,,,removed_filterB,False,False,,,,,,,,,,,,
916,Human-Centered Infrastructure Restoration: An Integrated Framework for Demand Estimation and Resource Allocation,2026,RISK ANALYSIS,WOS:001649014100001,10.1111/risa.70169,excl_only_lifeline,False,True,,,,,excl_only_lifeline,False,False,,,,,,,,,,,,
917,Resilience-oriented optimal post-disruption reconfiguration for coupled traffic-power systems,2022,RELIABILITY ENGINEERING \& SYSTEM SAFETY,WOS:000771562000026,10.1016/j.ress.2022.108408,survivor,False,False,other,interdependent-infrastructure-incl-transport,transport-and-lifeline-jointly,,removed_filterA,False,False,,,,,,,,,,,,
918,Invited perspectives: Challenges and future directions in improving bridge flood resilience,2022,NATURAL HAZARDS AND EARTH SYSTEM SCIENCES,WOS:000768718100001,10.5194/nhess-22-795-2022,survivor,False,False,other,bridge/bridge-network,,,removed_filterA,False,True,,,,,,,,,,,,
919,Resilience-Oriented Coordinated Topology Reconfiguration of Electricity and Drainage Networks With Distributed Mobile Emergency Resources,2025,IEEE TRANSACTIONS ON SMART GRID,WOS:001392825000013,10.1109/TSG.2024.3419086,survivor,False,False,restoration-scheduling/sequencing,interdependent-infrastructure-incl-transport,power-electricity-system,drop,removed_filterB_refined,False,False,,,,,,,,,,,,
920,Resilience-Based Restoration Sequence Optimization for Metro Networks: A Case Study in China,2022,JOURNAL OF ADVANCED TRANSPORTATION,WOS:000783717200001,10.1155/2022/8595356,survivor,False,False,restoration-scheduling/sequencing,railway/transit,,,kept,True,False,resilience-area/functionality,topological/graph-metric,heuristic/metaheuristic/GA,a-priori/static-schedule,not-applicable,stochastic/scenario-based,ok,25,5.0,False,,False
921,A resilient network recovery framework against cascading failures with deep graph learning,2024,PROCEEDINGS OF THE INSTITUTION OF MECHANICAL ENGINEERS PART O-JOURNAL OF RISK AND RELIABILITY,WOS:000873320300001,10.1177/1748006X221128869,survivor,False,False,restoration-scheduling/sequencing,port/airport/maritime/waterway,,,removed_filterB,False,False,,,,,,,,,,,,
922,Decentralized Decision Making for the Restoration of Interdependent Networks,2020,ASCE-ASME JOURNAL OF RISK AND UNCERTAINTY IN ENGINEERING SYSTEMS PART A-CIVIL ENGINEERING,WOS:000527936400008,10.1061/AJRUA6.0001035,survivor,False,False,restoration-scheduling/sequencing,interdependent-infrastructure-incl-transport,power-electricity-system,drop,removed_filterB_refined,False,False,,,,,,,,,,,,
923,Efficient continuous contraflow algorithms for evacuation planning problems,2017,ANNALS OF OPERATIONS RESEARCH,WOS:000404290300016,10.1007/s10479-017-2427-1,survivor,False,False,evacuation,road/highway-network,,,removed_filterA,False,False,,,,,,,,,,,,
924,Optimizing Height Above Nearest Drainage parameters to enable rapid flood mapping in North Carolina,2024,FRONTIERS IN WATER,WOS:001144551000001,10.3389/frwa.2023.1296434,survivor,False,False,hazard/damage-modeling,other,,,removed_filterA+B,False,False,,,,,,,,,,,,
925,A methodology for the analysis of timetables' resilience in railway rapid transit lines: The case of regular timetables,2026,RELIABILITY ENGINEERING \& SYSTEM SAFETY,WOS:001634755200001,10.1016/j.ress.2025.112023,survivor,False,False,other,railway/transit,,,removed_filterA,False,False,,,,,,,,,,,,
926,Hybrid multi-agent deep reinforcement learning for multi-type mobile resources dispatching under transportation and power network recovery,2025,APPLIED ENERGY,WOS:001548240500002,10.1016/j.apenergy.2025.126423,survivor,False,False,restoration-scheduling/sequencing,interdependent-infrastructure-incl-transport,transport-and-lifeline-jointly,keep,kept,True,False,flow/demand-served,shortest-path/AON,reinforcement-learning/DRL,sequential/adaptive/rolling-policy,dynamic/time-varying-demand,deterministic,ok,7,3.5,False,"Hierarchical multi-agent DRL adaptively dispatching crews and mobile power/EV under coupled transport-power recovery with time-varying load; shares learning + adaptive + dynamic demand, but power-coupled and shortest-path, no UE.",False
927,Protection-interdiction-restoration: Tri-level optimization for enhancing interdependent network resilience,2020,RELIABILITY ENGINEERING \& SYSTEM SAFETY,WOS:000534159800027,10.1016/j.ress.2020.106907,excl_only_lifeline,False,True,,,,,excl_only_lifeline,False,False,,,,,,,,,,,,
928,Probabilistic assessment of dynamic urban evacuation-sheltering functionality under typhoons based on interdependent road-shelter network,2026,RELIABILITY ENGINEERING \& SYSTEM SAFETY,WOS:001676221000001,10.1016/j.ress.2026.112240,survivor,False,False,resilience-quantification/assessment,road/highway-network,,,removed_filterA,False,False,,,,,,,,,,,,
929,Multiobjective Formulation for Protection Allocation in Interdependent Infrastructure Networks Using an Attack-Diffusion Model,2018,JOURNAL OF INFRASTRUCTURE SYSTEMS,WOS:000422882500017,10.1061/(ASCE)IS.1943-555X.0000415,excl_only_lifeline,False,True,,,,,excl_only_lifeline,False,False,,,,,,,,,,,,
930,Network installation under convex costs,2016,JOURNAL OF COMPLEX NETWORKS,WOS:000447239400002,10.1093/comnet/cnv020,survivor,False,False,restoration-scheduling/sequencing,other,,,removed_filterB,False,False,,,,,,,,,,,,
931,Enhancing resilience of integrated electricity-gas systems: A skeleton-network based strategy,2022,ADVANCES IN APPLIED ENERGY,WOS:001022700700005,10.1016/j.adapen.2022.100101,excl_only_lifeline,False,True,,,,,excl_only_lifeline,False,False,,,,,,,,,,,,
932,Pre-positioning commodities to repair maritime navigational aids,2013,JOURNAL OF HUMANITARIAN LOGISTICS AND SUPPLY CHAIN MANAGEMENT,WOS:000214117800007,10.1108/20426741311328529,survivor,False,False,post-disaster-relief-logistics/distribution,port/airport/maritime/waterway,,,removed_filterA+B,False,False,,,,,,,,,,,,
933,Emergency path restoration problems,2012,DISCRETE OPTIMIZATION,WOS:000301878700006,10.1016/j.disopt.2012.01.001,survivor,False,False,restoration-scheduling/sequencing,general-transportation-network,,,kept,True,False,recovery-time/makespan,none/not-modeled,exact/dynamic-programming,a-priori/static-schedule,static-demand,deterministic,ok,35,2.3,False,,False
934,Seismic retrofit and performance evaluation of controlled dual-fused strengthening system for bridges,2025,SOIL DYNAMICS AND EARTHQUAKE ENGINEERING,WOS:001522472000001,10.1016/j.soildyn.2025.109631,survivor,False,False,network-design/retrofit/protection,bridge/bridge-network,,,removed_filterA,False,False,,,,,,,,,,,,
935,MiniRocket-MARL synergy for storm tide resilience: MESS-DV enhanced recovery in coastal distribution networks,2025,APPLIED ENERGY,WOS:001572118900001,10.1016/j.apenergy.2025.126710,survivor,False,False,restoration-scheduling/sequencing,interdependent-infrastructure-incl-transport,power-electricity-system,drop,removed_filterB_refined,False,False,,,,,,,,,,,,
936,Conflict-resilience framework for critical infrastructure peacebuilding,2023,SUSTAINABLE CITIES AND SOCIETY,WOS:000964271800001,10.1016/j.scs.2023.104405,survivor,False,False,resilience-quantification/assessment,general-transportation-network,,,removed_filterA,False,False,,,,,,,,,,,,
937,Machine learning-based framework for rapid assessment of seismic resilience and sustainability metrics for regional RC bridges,2025,ENGINEERING STRUCTURES,WOS:001550413200008,10.1016/j.engstruct.2025.121046,survivor,False,False,resilience-quantification/assessment,bridge/bridge-network,,,removed_filterA,False,False,,,,,,,,,,,,
938,Towards a resilience assessment framework for the airport passenger terminal operations,2024,JOURNAL OF AIR TRANSPORT MANAGEMENT,WOS:001107063200001,10.1016/j.jairtraman.2023.102508,survivor,False,False,resilience-quantification/assessment,port/airport/maritime/waterway,,,removed_filterA+B,False,False,,,,,,,,,,,,
939,"Assessing public transit performance using real-time data: spatiotemporal patterns of bus operation delays in Columbus, Ohio, USA",2020,INTERNATIONAL JOURNAL OF GEOGRAPHICAL INFORMATION SCIENCE,WOS:000469731000001,10.1080/13658816.2019.1608997,survivor,False,False,empirical-recovery-analysis/prediction,railway/transit,,,removed_filterA,False,False,,,,,,,,,,,,
940,A complex network approach to quantifying flood resilience in high-density coastal urban areas: A case study of Macau,2025,INTERNATIONAL JOURNAL OF DISASTER RISK REDUCTION,WOS:001437311600001,10.1016/j.ijdrr.2025.105335,survivor,False,False,resilience-quantification/assessment,road/highway-network,,,removed_filterA,False,False,,,,,,,,,,,,
941,Optimizing Bus Bridging Services in Response to Disruptions of Urban Transit Rail Networks,2016,TRANSPORTATION SCIENCE,WOS:000381289900002,10.1287/trsc.2014.0577,survivor,False,False,other,railway/transit,,,removed_filterA,False,False,,,,,,,,,,,,
942,Measurement and Communication of Bridge Performance with Remote Sensing Technologies,2012,TRANSPORTATION RESEARCH RECORD,WOS:000313316700017,10.3141/2292-17,survivor,False,False,other,bridge/bridge-network,,,removed_filterA,False,False,,,,,,,,,,,,
943,From volatility to concentration: Spatio-temporal heterogeneity and evolution in global freighter networks,2026,JOURNAL OF TRANSPORT GEOGRAPHY,WOS:001757403900001,10.1016/j.jtrangeo.2026.104689,survivor,False,False,empirical-recovery-analysis/prediction,port/airport/maritime/waterway,,,removed_filterA+B,False,False,,,,,,,,,,,,
944,Enhancing port resilience to typhoon disasters: A framework for recovery optimization and shipping network impact assessment,2026,TRANSPORT POLICY,WOS:001680056900001,10.1016/j.tranpol.2026.104029,survivor,False,False,restoration-scheduling/sequencing,port/airport/maritime/waterway,,,removed_filterB,False,False,,,,,,,,,,,,
945,A Fuzzy Multi-Criteria Model applied of the environmental restoration of to the management paved highways,2007,TRANSPORTATION RESEARCH PART D-TRANSPORT AND ENVIRONMENT,WOS:000249070800004,10.1016/j.trd.2007.05.004,survivor,False,False,other,road/highway-network,,,removed_filterA,False,False,,,,,,,,,,,,
946,From Reliability to Resilience: More Than Just Taking One Step Further,2024,IEEE TRANSACTIONS ON RELIABILITY,WOS:001122761800001,10.1109/TR.2023.3330960,survivor,False,False,other,interdependent-infrastructure-incl-transport,uncertain,,removed_filterA,False,True,,,,,,,,,,,,
947,Holistic Benefit-Cost Analysis of Bridge Seismic Retrofitting Coupled with Artificial Intelligence-Based Decision Policy,2025,TRANSPORTATION RESEARCH RECORD,WOS:001484320600001,10.1177/03611981251328984,survivor,False,False,network-design/retrofit/protection,bridge/bridge-network,,,removed_filterA,False,False,,,,,,,,,,,,
948,Network Science Based Quantification of Resilience Demonstrated on the Indian Railways Network,2015,PLOS ONE,WOS:000364298400098,10.1371/journal.pone.0141890,survivor,False,False,resilience-quantification/assessment,railway/transit,,,removed_filterA,False,False,,,,,,,,,,,,
949,Solving the Towers of Hanoi - how an amoeboid organism efficiently constructs transport networks,2013,JOURNAL OF EXPERIMENTAL BIOLOGY,WOS:000317722700012,10.1242/jeb.081158,survivor,False,False,other,other,,,removed_filterA+B,False,False,,,,,,,,,,,,
950,Coordinated Multitask Scheduling of Electric Buses in Postdisaster Transportation-Power Distribution Systems,2025,IEEE TRANSACTIONS ON TRANSPORTATION ELECTRIFICATION,WOS:001453243400046,10.1109/TTE.2024.3504855,survivor,False,False,restoration-scheduling/sequencing,interdependent-infrastructure-incl-transport,power-electricity-system,drop,removed_filterB_refined,False,False,,,,,,,,,,,,
951,Evaluating and Visualizing the Economic Impact of Commercial Districts Due to an Electric Power Network Disruption,2019,RISK ANALYSIS,WOS:000484531200011,10.1111/risa.13372,excl_only_lifeline,False,True,,,,,excl_only_lifeline,False,False,,,,,,,,,,,,
952,Heuristic-Guided Safe Multi-Agent Reinforcement Learning for Resilient Spatio-Temporal Dispatch of Energy-Mobility Nexus Under Grid Faults,2026,ELECTRONICS,WOS:001763384400001,10.3390/electronics15091868,survivor,False,False,restoration-scheduling/sequencing,interdependent-infrastructure-incl-transport,power-electricity-system,drop,removed_filterB_refined,False,False,,,,,,,,,,,,
953,"A bi-objective, reliable single allocation p-hub maximal covering location problem: Mathematical formulation and solution approach",2018,JOURNAL OF AIR TRANSPORT MANAGEMENT,WOS:000430782400011,10.1016/j.jairtraman.2017.09.001,survivor,False,False,network-design/retrofit/protection,general-transportation-network,,,removed_filterA,False,False,,,,,,,,,,,,
954,Modeling and assessing interdependencies between critical infrastructures using Bayesian network: A case study of inland waterway port and surrounding supply chain network,2020,RELIABILITY ENGINEERING \& SYSTEM SAFETY,WOS:000527843700029,10.1016/j.ress.2020.106898,survivor,False,False,resilience-quantification/assessment,port/airport/maritime/waterway,,,removed_filterA+B,False,False,,,,,,,,,,,,
955,Assessing resilience of transit networks: An activity-based space-time accessibility analysis,2025,SUSTAINABLE CITIES AND SOCIETY,WOS:001585554400001,10.1016/j.scs.2025.106676,survivor,False,False,resilience-quantification/assessment,railway/transit,,,removed_filterA,False,False,,,,,,,,,,,,
956,Research on truck-drone collaborative emergency routing optimization considering road blockage in large-scale disaster scenarios,2026,INTERNATIONAL JOURNAL OF INDUSTRIAL ENGINEERING COMPUTATIONS,WOS:001780798900001,10.5267/j.ijiec.2026.5.008,survivor,False,False,post-disaster-relief-logistics/distribution,road/highway-network,,,removed_filterA,False,False,,,,,,,,,,,,
957,Resilient transportation network design with disruption uncertainty and lead times,2025,EUROPEAN JOURNAL OF OPERATIONAL RESEARCH,WOS:001423868400001,10.1016/j.ejor.2024.11.021,survivor,False,False,network-design/retrofit/protection,general-transportation-network,,,removed_filterA,False,False,,,,,,,,,,,,
958,Seismic resilience of a hospital system,2010,STRUCTURE AND INFRASTRUCTURE ENGINEERING,WOS:000274256300010,10.1080/15732470802663847,survivor,False,False,resilience-quantification/assessment,building/urban-area/community,,,removed_filterA+B,False,False,,,,,,,,,,,,
959,Coordinated Optimization of Emergency Response Resources in Transportation-Power Distribution Networks Under Extreme Events,2023,IEEE TRANSACTIONS ON SMART GRID,WOS:001160583000034,10.1109/TSG.2023.3257040,survivor,False,False,other,interdependent-infrastructure-incl-transport,transport-and-lifeline-jointly,,removed_filterA,False,False,,,,,,,,,,,,
960,Assessing nuclear power plant safety and recovery from earthquakes using a system-of-systems approach,2014,RELIABILITY ENGINEERING \& SYSTEM SAFETY,WOS:000333790600011,10.1016/j.ress.2013.07.006,survivor,False,False,vulnerability/risk/fragility-assessment,interdependent-infrastructure-incl-transport,uncertain,,removed_filterA,False,False,,,,,,,,,,,,
961,Evaluation of Artificial Surface-Urban Ecosystem Relations by Using Analytical Hierarchy Process: The Urban Landscape of Istanbul,2023,FORESTIST,WOS:000925176200009,10.5152/forestist.2022.22018,survivor,False,False,other,other,,,removed_filterA+B,False,False,,,,,,,,,,,,
962,Impact of earthquake-induced building debris on urban network functionality and citizen accessibility to urban functions,2025,FRONTIERS IN BUILT ENVIRONMENT,WOS:001609932400001,10.3389/fbuil.2025.1602963,survivor,False,False,resilience-quantification/assessment,building/urban-area/community,,,removed_filterA+B,False,False,,,,,,,,,,,,
963,Estimating the costs for the airport operator and airlines of a drone-related shutdown: an application to Frankfurt international airport,2020,JOURNAL OF TRANSPORTATION SECURITY,WOS:000546506400001,10.1007/s12198-020-00212-4,survivor,False,False,empirical-recovery-analysis/prediction,port/airport/maritime/waterway,,,removed_filterA+B,False,False,,,,,,,,,,,,
964,Vehicle Route Planning for Relief Item Distribution under Flood Uncertainty,2024,APPLIED SCIENCES-BASEL,WOS:001245460500001,10.3390/app14114482,survivor,False,False,post-disaster-relief-logistics/distribution,road/highway-network,,,removed_filterA,False,False,,,,,,,,,,,,
965,Learn to decompose multiobjective optimization models for large-scale networks,2024,INTERNATIONAL TRANSACTIONS IN OPERATIONAL RESEARCH,WOS:000815139200001,10.1111/itor.13169,survivor,False,False,restoration-scheduling/sequencing,interdependent-infrastructure-incl-transport,transport-and-lifeline-jointly,keep,kept,True,False,multi-criteria/composite,network-flow/capacity,heuristic/metaheuristic/GA; other-ML/supervised-learning,a-priori/static-schedule,static-demand,deterministic,ok,9,1.8,False,,False
966,A Bi-Level Optimization Framework for Water Supply Network Repairs Considering Traffic Impact,2025,WATER,WOS:001453315200001,10.3390/w17060832,survivor,False,False,restoration-scheduling/sequencing,interdependent-infrastructure-incl-transport,water-gas-telecom-lifeline,drop,removed_filterB_refined,False,False,,,,,,,,,,,,
967,Optimal Siting of EV Fleet Charging Station Considering EV Mobility and Microgrid Formation for Enhanced Grid Resilience,2023,APPLIED SCIENCES-BASEL,WOS:001107919300001,10.3390/app132212181,survivor,False,False,restoration-scheduling/sequencing,interdependent-infrastructure-incl-transport,power-electricity-system,drop,removed_filterB_refined,False,False,,,,,,,,,,,,
968,Strategies for ensuring required service level for COVID-19 herd immunity in Indian vaccine supply chain,2023,EUROPEAN JOURNAL OF OPERATIONAL RESEARCH,WOS:000861383000010,10.1016/j.ejor.2021.03.030,survivor,False,False,other,supply-chain/facility,,,removed_filterA+B,False,False,,,,,,,,,,,,
969,Combining robustness and recovery in rapid transit network design,2016,TRANSPORTMETRICA A-TRANSPORT SCIENCE,WOS:000378153400001,10.1080/23249935.2015.1123323,survivor,False,False,network-design/retrofit/protection,railway/transit,,,removed_filterA,False,False,,,,,,,,,,,,
970,"Evaluating the cumulative costs of small-scale flash floods in Kuala Lumpur, Malaysia",2022,JOURNAL OF HYDROLOGY,WOS:000860595100006,10.1016/j.jhydrol.2022.128181,survivor,False,False,empirical-recovery-analysis/prediction,road/highway-network,,,removed_filterA,False,False,,,,,,,,,,,,
971,Optimal schedule recovery for the aircraft gate assignment with constrained resources,2021,COMPUTERS \& INDUSTRIAL ENGINEERING,WOS:000757022700005,10.1016/j.cie.2021.107682,survivor,False,False,other,port/airport/maritime/waterway,,,removed_filterA+B,False,False,,,,,,,,,,,,
972,A Coordinated Restoration Scheduling Strategy for Distribution Network Sources Under Typhoon Weather Considering Correlation Effects,2026,APPLIED SCIENCES-BASEL,WOS:001774212000001,10.3390/app16105054,survivor,False,False,restoration-scheduling/sequencing,interdependent-infrastructure-incl-transport,power-electricity-system,drop,removed_filterB_refined,False,False,,,,,,,,,,,,
973,"Proposed Framework for Sustainable Flood Risk-Based Design, Construction and Rehabilitation of Culverts and Bridges Under Climate Change",2025,WATER,WOS:001507559200001,10.3390/w17111663,survivor,False,False,network-design/retrofit/protection,bridge/bridge-network,,,removed_filterA,False,False,,,,,,,,,,,,
974,"Approaching the challenge of multi-phase, multi-hazard volcanic impact assessment through the lens of systemic risk: application to Taranaki Mounga",2024,NATURAL HAZARDS,WOS:001152218700001,10.1007/s11069-023-06386-z,survivor,False,False,vulnerability/risk/fragility-assessment,interdependent-infrastructure-incl-transport,uncertain,,removed_filterA,False,False,,,,,,,,,,,,
975,Deep Learning-Based Detection and Assessment of Road Damage Caused by Disaster with Satellite Imagery,2025,APPLIED SCIENCES-BASEL,WOS:001549381000001,10.3390/app15147669,survivor,False,False,hazard/damage-modeling,road/highway-network,,,removed_filterA,False,False,,,,,,,,,,,,
976,Resilient Critical Infrastructure Planning Under Disruptions Considering Recovery Scheduling,2021,IEEE TRANSACTIONS ON ENGINEERING MANAGEMENT,WOS:000632443100012,10.1109/TEM.2019.2902916,excl_only_lifeline,False,True,,,,,excl_only_lifeline,False,False,,,,,,,,,,,,
977,Enhancing metro network resilience via localized integration with bus services,2014,TRANSPORTATION RESEARCH PART E-LOGISTICS AND TRANSPORTATION REVIEW,WOS:000332814100002,10.1016/j.tre.2014.01.002,survivor,False,False,other,railway/transit,,,removed_filterA,False,False,,,,,,,,,,,,
978,Blue-Green Infrastructure Network Planning in Urban Small Watersheds Based on Water Balance,2025,LAND,WOS:001558641000001,10.3390/land14081652,survivor,False,False,other,other,,,removed_filterA+B,False,False,,,,,,,,,,,,
979,Managing sudden transportation disruptions in supply chains under delivery delay and quantity loss,2019,ANNALS OF OPERATIONS RESEARCH,WOS:000456384300026,10.1007/s10479-017-2684-z,survivor,False,False,other,supply-chain/facility,,,removed_filterA+B,False,False,,,,,,,,,,,,
980,Evaluation of Urban Transportation Resilience under Extreme Weather Events,2024,APPLIED SCIENCES-BASEL,WOS:001245251800001,10.3390/app14114947,survivor,False,False,resilience-quantification/assessment,road/highway-network,,,removed_filterA,False,False,,,,,,,,,,,,
981,Disruption management for the electric vehicle routing problem in a geographically flexible network,2023,EXPERT SYSTEMS WITH APPLICATIONS,WOS:000890966100004,10.1016/j.eswa.2022.119172,survivor,False,False,other,general-transportation-network,,,removed_filterA,False,False,,,,,,,,,,,,
982,"Deployable Emergency Scheduling for Bidirectional Metro Disruptions: Dynamic Zoning, Periodic Timetabling, and DQN Coordination",2026,IEEE TRANSACTIONS ON INTELLIGENT TRANSPORTATION SYSTEMS,WOS:001805642500001,10.1109/TITS.2026.3700508,survivor,False,False,other,railway/transit,,,removed_filterA,False,False,,,,,,,,,,,,
983,Construction material supply for post-Cyclone Gabrielle transport infrastructure recovery in New Zealand: Challenges and strategies,2026,INTERNATIONAL JOURNAL OF DISASTER RISK REDUCTION,WOS:001668515300002,10.1016/j.ijdrr.2026.106005,survivor,False,False,empirical-recovery-analysis/prediction,general-transportation-network,,,removed_filterA,False,False,,,,,,,,,,,,
984,Does ridesourcing respond to unplanned rail disruptions? A natural experiment analysis of mobility resilience and disparity,2023,CITIES,WOS:001034375600001,10.1016/j.cities.2023.104439,survivor,False,False,empirical-recovery-analysis/prediction,railway/transit,,,removed_filterA,False,False,,,,,,,,,,,,
985,An enhanced PSO algorithm for integrated irregular flight recovery with heterogeneity and multi-runway considerations,2026,EXPERT SYSTEMS WITH APPLICATIONS,WOS:001612509000003,10.1016/j.eswa.2025.130000,survivor,False,False,other,port/airport/maritime/waterway,,,removed_filterA+B,False,False,,,,,,,,,,,,
986,Storm Damage Risk Reduction Storm Proofing Low-Volume Roads,2011,TRANSPORTATION RESEARCH RECORD,WOS:000294743400028,10.3141/2203-26,survivor,False,False,network-design/retrofit/protection,road/highway-network,,,removed_filterA,False,False,,,,,,,,,,,,
987,On the Parallelization of Spectrum Defragmentation Reconfigurations in Elastic Optical Networks,2016,IEEE-ACM TRANSACTIONS ON NETWORKING,WOS:000386238600021,10.1109/TNET.2015.2487366,excl_only_lifeline,False,True,,,,,excl_only_lifeline,False,False,,,,,,,,,,,,
988,Enhancing resilience of emergency heat and power supply via deployment of LNG tube trailers: A mean-risk optimization approach,2022,APPLIED ENERGY,WOS:000799559500001,10.1016/j.apenergy.2022.119204,survivor,False,False,restoration-scheduling/sequencing,interdependent-infrastructure-incl-transport,power-electricity-system,drop,removed_filterB_refined,False,False,,,,,,,,,,,,
989,Multidimensional resilience decision-making for complex and substructured systems,2022,RESILIENT CITIES AND STRUCTURES,WOS:001524764400006,10.1016/j.rcns.2022.10.005,survivor,False,False,resilience-quantification/assessment,other,,,removed_filterA+B,False,False,,,,,,,,,,,,
990,MULTI-DIMENSIONAL ANALYSIS OF SYNCHROMODAL LOGISTICS ON THE DEVELOPMENT OF SUSTAINABLE TRANSPORT CORRIDORS FROM THE PERSPECTIVE OF RECONFIGURING EUROPEAN-ASIAN SUPPLY CHAINS,2022,LOGFORUM,WOS:000866714600006,10.17270/J.LOG.2021.728,survivor,False,False,other,general-transportation-network,,,removed_filterA,False,False,,,,,,,,,,,,
991,"Regional seismic risk and resilience assessment: Methodological development, applicability, and future research needs-An earthquake engineering perspective",2023,RELIABILITY ENGINEERING \& SYSTEM SAFETY,WOS:000963040200001,10.1016/j.ress.2023.109104,survivor,False,False,other,building/urban-area/community,,,removed_filterA+B,False,True,,,,,,,,,,,,
992,Quantitative analysis of consequences to masonry buildings interacting with slow-moving landslide mechanisms: a case study,2018,LANDSLIDES,WOS:000444120100010,10.1007/s10346-018-1014-0,survivor,False,False,vulnerability/risk/fragility-assessment,building/urban-area/community,,,removed_filterA+B,False,False,,,,,,,,,,,,
993,Towards resilient roads to storm-surge flooding: case study of Bangladesh,2020,INTERNATIONAL JOURNAL OF PAVEMENT ENGINEERING,WOS:000495795100007,10.1080/10298436.2018.1436706,survivor,False,False,network-design/retrofit/protection,road/highway-network,,,removed_filterA,False,False,,,,,,,,,,,,
994,Frontiers in Operations: Prioritizing Disaster Recovery Under Budget Uncertainty,2026,M\&SOM-MANUFACTURING \& SERVICE OPERATIONS MANAGEMENT,WOS:001767921800001,10.1287/msom.2024.1574,survivor,False,False,restoration-scheduling/sequencing,road/highway-network,,,kept,True,False,resilience-area/functionality,none/not-modeled,exact/MILP/math-programming; heuristic/metaheuristic/GA,a-priori/static-schedule,static-demand,stochastic/scenario-based,paywalled,0,0.0,False,,False
995,Decision-making criteria to shape mulching techniques for fire-prone landscapes,2023,LANDSCAPE ECOLOGY,WOS:000972768200001,10.1007/s10980-023-01659-1,survivor,False,False,other,other,,,removed_filterA+B,False,False,,,,,,,,,,,,
996,Efficient Post-Disaster Emergency Energy Delivery Under Dynamic Constraints: An Electric Vehicle Routing Approach,2026,IEEE TRANSACTIONS ON INTELLIGENT TRANSPORTATION SYSTEMS,WOS:001696704300001,10.1109/TITS.2026.3656337,survivor,False,False,crew/resource-routing-dispatch,interdependent-infrastructure-incl-transport,power-electricity-system,drop,removed_filterB_refined,False,False,,,,,,,,,,,,
997,Research on Restoring Urban Flood Community Resilience Based on Hydrodynamic Models,2026,WATER,WOS:001749366900001,10.3390/w18080903,survivor,False,False,resilience-quantification/assessment,building/urban-area/community,,,removed_filterA+B,False,False,,,,,,,,,,,,
998,Spatial-Temporal Evolution of Ecological Network Structure During 1967-2021 in Yongding River Floodplain,2025,LAND,WOS:001496819400001,10.3390/land14050930,survivor,False,False,other,other,,,removed_filterA+B,False,False,,,,,,,,,,,,
999,INITIAL-LEVEL REPORTS OF LANDSLIDES INVOLVING BRIDGES AND VIADUCTS: THE CASE STUDY OF VILLA ILII (CENTRAL ITALY),2024,ITALIAN JOURNAL OF ENGINEERING GEOLOGY AND ENVIRONMENT,WOS:001261985700003,10.4408/IJEGE.2024-01.S-20,survivor,False,False,hazard/damage-modeling,bridge/bridge-network,,,removed_filterA,False,False,,,,,,,,,,,,
1000,Proteus: A system for combining paths collected using crowdsensing,2026,GEOINFORMATICA,WOS:001702691000001,10.1007/s10707-026-00567-1,survivor,False,False,other,road/highway-network,,,removed_filterA,False,False,,,,,,,,,,,,
1001,Case Studies of Fish Habitat Compensation in Eeyou Istchee: Compensation Projects Prioritize Facility over Effectiveness,2025,ENVIRONMENTAL MANAGEMENT,WOS:001571194900001,10.1007/s00267-025-02276-1,survivor,False,False,other,other,,,removed_filterA+B,False,False,,,,,,,,,,,,
1002,Automatic Mapping Between Real Hardware Composition and ROADM Model for Agile Node Updates,2021,JOURNAL OF LIGHTWAVE TECHNOLOGY,WOS:000612137500015,10.1109/JLT.2020.3048424,excl_only_lifeline,False,True,,,,,excl_only_lifeline,False,False,,,,,,,,,,,,
1003,Multi-source data-based quantitative risk analysis of road networks to slow-moving landslides,2025,ENGINEERING GEOLOGY,WOS:001449046700001,10.1016/j.enggeo.2025.108011,survivor,False,False,vulnerability/risk/fragility-assessment,road/highway-network,,,removed_filterA,False,False,,,,,,,,,,,,
1004,Reducing elderly vulnerability to climate change risks using an integrated infrastructure recovery planning,2026,INTERNATIONAL JOURNAL OF DISASTER RISK REDUCTION,WOS:001646106500001,10.1016/j.ijdrr.2025.105963,survivor,False,False,resilience-quantification/assessment,building/urban-area/community,,,removed_filterA+B,False,False,,,,,,,,,,,,
1005,System-reliability-based disaster resilience analysis: Framework and applications to structural systems,2022,STRUCTURAL SAFETY,WOS:000788140300003,10.1016/j.strusafe.2022.102202,survivor,False,False,resilience-quantification/assessment,other,,,removed_filterA+B,False,False,,,,,,,,,,,,
1006,Routing multiple work teams to minimize latency in post-disaster road network restoration,2022,EUROPEAN JOURNAL OF OPERATIONAL RESEARCH,WOS:000793676300017,10.1016/j.ejor.2021.07.048,survivor,False,False,crew/resource-routing-dispatch,road/highway-network,,,kept,True,False,travel-time/accessibility,shortest-path/AON,exact/MILP/math-programming; heuristic/metaheuristic/GA,a-priori/static-schedule,static-demand,deterministic,ok,41,6.8,False,,False
1007,Green-Resilient Supplier Selection and Order Allocation Under Disruption by Utilizing Conditional Value at Risk: Mixed Response Strategies,2023,PROCESS INTEGRATION AND OPTIMIZATION FOR SUSTAINABILITY,WOS:000893046100001,10.1007/s41660-022-00298-4,survivor,False,False,other,supply-chain/facility,,,removed_filterA+B,False,False,,,,,,,,,,,,
1008,A study of rationality of slopeland use in view of land preservation,2011,PADDY AND WATER ENVIRONMENT,WOS:000290171400008,10.1007/s10333-010-0231-5,survivor,False,False,hazard/damage-modeling,other,,,removed_filterA+B,False,False,,,,,,,,,,,,
1009,Intelligent decision support for tunnel fire incidents: integrating dynamic knowledge graph with large language models,2026,TUNNELLING AND UNDERGROUND SPACE TECHNOLOGY,WOS:001709710700001,10.1016/j.tust.2026.107569,survivor,False,False,other,other,,,removed_filterA+B,False,False,,,,,,,,,,,,
1010,Application of decision analysis to forest road deactivation in unstable terrain,2004,ENVIRONMENTAL MANAGEMENT,WOS:000221223400002,10.1007/s00267-003-0142-y,survivor,False,False,other,road/highway-network,,,removed_filterA,False,False,,,,,,,,,,,,
1011,Modelling geographical accessibility to support disaster response and rehabilitation of a healthcare system: an impact analysis of Cyclones Idai and Kenneth in Mozambique,2020,BMJ OPEN,WOS:000591360100018,10.1136/bmjopen-2020-039138,survivor,False,False,vulnerability/risk/fragility-assessment,road/highway-network,,,removed_filterA,False,False,,,,,,,,,,,,
1012,Action plan for implementation of an ecosystem-based coastal management approach in Ghana,2025,JOURNAL OF COASTAL CONSERVATION,WOS:001412903600001,10.1007/s11852-025-01103-3,survivor,False,False,other,other,,,removed_filterA+B,False,False,,,,,,,,,,,,
1013,Recovery planning model for roadways network after natural hazards,2017,NATURAL HAZARDS,WOS:000401072600007,10.1007/s11069-017-2788-4,survivor,False,False,restoration-scheduling/sequencing,road/highway-network,,,kept,True,False,multi-criteria/composite,none/not-modeled,other,a-priori/static-schedule,not-applicable,fuzzy/other,ok,14,1.4,False,,False
1014,Study on Stress Testing and the Evaluation of Flood Resilience in Mountain Communities,2025,SUSTAINABILITY,WOS:001560046000001,10.3390/su17167463,survivor,False,False,resilience-quantification/assessment,building/urban-area/community,,,removed_filterA+B,False,False,,,,,,,,,,,,
1015,A COLLAPSED HISTORICAL WOODEN BRIDGE IN KASTAMONU: BOZKURT - CUMAYANI BRIDGE IN ILISI VILLAGE,2022,SANAT TARIHI DERGISI-JOURNAL OF ART HISTORY,WOS:000829002700003,10.29135/std.1009589,survivor,False,False,other,other,,,removed_filterA+B,False,False,,,,,,,,,,,,
1016,Probabilistic framework for evaluating food security of households in the aftermath of a disaster,2019,STRUCTURE AND INFRASTRUCTURE ENGINEERING,WOS:000466306400001,10.1080/15732479.2019.1584824,survivor,False,False,resilience-quantification/assessment,building/urban-area/community,,,removed_filterA+B,False,False,,,,,,,,,,,,
1017,"Study on the deformation of a tunnel underlying a hardened layer subjected to a non-continuous, uniformly distributed load",2026,ENGINEERING COMPUTATIONS,WOS:001752829200001,10.1108/EC-07-2025-0841,survivor,False,False,other,other,,,removed_filterA+B,False,False,,,,,,,,,,,,
1018,Modeling Hurricane Hazards and Damage on Florida Bridges,2013,TRANSPORTATION RESEARCH RECORD,WOS:000328239200009,10.3141/2360-08,survivor,False,False,hazard/damage-modeling,bridge/bridge-network,,,removed_filterA,False,False,,,,,,,,,,,,
1019,The impacts of natural hazards on Taiwan's tourism industry,2012,NATURAL HAZARDS,WOS:000302408500008,10.1007/s11069-011-0034-z,survivor,False,False,empirical-recovery-analysis/prediction,other,,,removed_filterA+B,False,False,,,,,,,,,,,,
1020,A decision-making tool to assess external costs of disaster induced bridge failure,2021,INTERNATIONAL JOURNAL OF DISASTER RISK REDUCTION,WOS:000697413900005,10.1016/j.ijdrr.2021.102506,survivor,False,False,empirical-recovery-analysis/prediction,bridge/bridge-network,,,removed_filterA,False,False,,,,,,,,,,,,
1021,A cost-effective image-based system for 3D geomorphic monitoring: An application to rockfalls,2024,GEOMORPHOLOGY,WOS:001166219200001,10.1016/j.geomorph.2024.109065,survivor,False,False,other,other,,,removed_filterA+B,False,False,,,,,,,,,,,,
1022,Post-disaster reconstruction of road infrastructure: decision making processes in an Australian context,2020,EUROPEAN JOURNAL OF TRANSPORT AND INFRASTRUCTURE RESEARCH,WOS:000544327900001,,survivor,False,False,empirical-recovery-analysis/prediction,road/highway-network,,,removed_filterA,False,False,,,,,,,,,,,,
1023,Decision Support System for Optimum Repair Technique of Concrete Bridges Girders in Egypt,2024,JOURNAL OF INDUSTRIAL INTEGRATION AND MANAGEMENT-INNOVATION AND ENTREPRENEURSHIP,WOS:000866437200002,10.1142/S2424862222500233,survivor,False,False,other,bridge/bridge-network,,,removed_filterA,False,False,,,,,,,,,,,,
1024,Real-time bridge disaster management: Enabling technology and application framework,2025,AUTOMATION IN CONSTRUCTION,WOS:001458405700001,10.1016/j.autcon.2025.106150,survivor,False,False,other,bridge/bridge-network,,,removed_filterA,False,True,,,,,,,,,,,,
1025,Methods for representing regional disaster recovery estimates: modeling approaches and assessment tools for improving emergency planning and preparedness,2023,NATURAL HAZARDS,WOS:000943619100002,10.1007/s11069-023-05883-5,survivor,False,False,resilience-quantification/assessment,interdependent-infrastructure-incl-transport,transport-and-lifeline-jointly,,removed_filterA,False,False,,,,,,,,,,,,
1026,Strategies of investment in the management of urban bridges: a life-cycle approach illustrated for Paris,2013,STRUCTURE AND INFRASTRUCTURE ENGINEERING,WOS:000320574600001,10.1080/15732479.2012.665464,survivor,False,False,other,bridge/bridge-network,,,removed_filterA,False,False,,,,,,,,,,,,
1027,Scheduled service network redesign in freight transportation: Joint demand and service selection under disruption,2026,TRANSPORTATION RESEARCH PART C-EMERGING TECHNOLOGIES,WOS:001806172300001,10.1016/j.trc.2026.105810,survivor,False,False,other,general-transportation-network,,,removed_filterA,False,False,,,,,,,,,,,,
1028,Exploring the Potential for Incorporating Artificial Intelligence in Highway Resilience to Climate Change,2025,TRANSPORTATION RESEARCH RECORD,WOS:001236461700001,10.1177/03611981241253610,survivor,False,False,other,road/highway-network,,,removed_filterA,False,False,,,,,,,,,,,,
1029,"The 1717 eruption of Volcan de Fuego, Guatemala: Cascading hazards and societal response",2016,QUATERNARY INTERNATIONAL,WOS:000370811100006,10.1016/j.quaint.2014.09.050,survivor,False,False,other,other,,,removed_filterA+B,False,False,,,,,,,,,,,,
1030,Sustainability and climate resilience metrics and trade-offs in transport infrastructure asset recovery,2023,TRANSPORTATION RESEARCH PART D-TRANSPORT AND ENVIRONMENT,WOS:001147338200001,10.1016/j.trd.2023.103800,survivor,False,False,restoration-scheduling/sequencing,bridge/bridge-network,,,kept,True,False,multi-criteria/composite,none/not-modeled,other,a-priori/static-schedule,not-applicable,stochastic/scenario-based,ok,58,14.5,True,,False
1031,Coordination of network reconfiguration and mobile energy storage system fleets to facilitate active distribution network restoration under forecast uncertainty,2023,FRONTIERS IN ENERGY RESEARCH,WOS:000919501700001,10.3389/fenrg.2022.1024282,survivor,False,False,restoration-scheduling/sequencing,interdependent-infrastructure-incl-transport,power-electricity-system,drop,removed_filterB_refined,False,False,,,,,,,,,,,,
1032,Modeling urban rail transit system resilience under natural disasters: A two-layer network framework based on link flow,2024,RELIABILITY ENGINEERING \& SYSTEM SAFETY,WOS:001081383200001,10.1016/j.ress.2023.109619,survivor,False,False,resilience-quantification/assessment,railway/transit,,,removed_filterA,False,False,,,,,,,,,,,,
1033,Resilience-Oriented Recovery Optimization of Metro Systems Under Extreme Rainfall-Induced Urban Flooding Disruptions,2026,SUSTAINABILITY,WOS:001713844900001,10.3390/su18052597,survivor,False,False,restoration-scheduling/sequencing,railway/transit,,,kept,True,False,multi-criteria/composite,network-flow/capacity,simulation-optimization,a-priori/static-schedule,dynamic/time-varying-demand,deterministic,ok,1,1.0,False,"Simulation-optimization metro recovery prioritization scored by time-resolved AFC passenger-flow demand; shares dynamic demand + composite objective, but metro, static, no UE/learning.",False
1034,On-Demand HAPS-Assisted Communication System for Public Safety in Emergency and Disaster Response,2025,IEEE COMMUNICATIONS MAGAZINE,WOS:001575963700001,10.1109/MCOM.001.2500158,excl_only_lifeline,False,True,,,,,excl_only_lifeline,False,False,,,,,,,,,,,,
1035,"Multi-objective, multi-period location-routing model to distribute relief after earthquake by considering emergency roadway repair",2018,NEURAL COMPUTING \& APPLICATIONS,WOS:000438595400012,10.1007/s00521-016-2696-7,survivor,False,False,restoration-scheduling/sequencing,road/highway-network,,,kept,True,False,multi-criteria/composite,shortest-path/AON,heuristic/metaheuristic/GA,a-priori/static-schedule,dynamic/time-varying-demand,deterministic,ok,99,9.0,True,"NSGA-II/MOPSO multi-period location-routing with road repair and time-varying relief demand; shares dynamic demand + multi-objective, but shortest-path, static, deterministic.",False
1036,Development of a prototype deployable bridge based on origami skill,2013,AUTOMATION IN CONSTRUCTION,WOS:000318584100010,10.1016/j.autcon.2013.01.012,survivor,False,False,other,bridge/bridge-network,,,removed_filterA,False,False,,,,,,,,,,,,
1037,A Theoretical Framework for a Comprehensive Approach to Medical Humanitarianism,2012,PUBLIC HEALTH ETHICS,WOS:000302491700008,10.1093/phe/phs001,survivor,False,False,other,other,,,removed_filterA+B,False,False,,,,,,,,,,,,
1038,A novel and cost-effective model for cloud energy storage based on a dual storage setup in active distribution grid with resilience consideration,2024,JOURNAL OF CLEANER PRODUCTION,WOS:001301691300001,10.1016/j.jclepro.2024.143432,excl_only_lifeline,False,True,,,,,excl_only_lifeline,False,False,,,,,,,,,,,,
1039,A generalized combination of parallel machine scheduling and path,2025,OPTIMIZATION LETTERS,WOS:001338099500001,10.1007/s11590-024-02154-5,survivor,False,False,restoration-scheduling/sequencing,road/highway-network,,,kept,True,False,recovery-time/makespan,none/not-modeled,exact/dynamic-programming; other,a-priori/static-schedule,not-applicable,deterministic,ok,0,0.0,False,,False
1040,Energy system improvement planning under drought condition based on a two-stage optimization model: The desire for sustainability through the promoting of system's resilience,2021,ENERGY REPORTS,WOS:000701681900017,10.1016/j.egyr.2021.06.010,excl_only_lifeline,False,True,,,,,excl_only_lifeline,False,False,,,,,,,,,,,,
1041,Restoring delta resilience: phased socio-ecological model for coastal recovery in Mediterranean Turkey,2026,RESTORATION ECOLOGY,WOS:001716980600001,10.1111/rec.70374,survivor,False,False,other,other,,,removed_filterA+B,False,False,,,,,,,,,,,,
1042,Resilience modeling and improvement of metro systems considering statistical behaviors of passenger mobility,2023,INTERNATIONAL JOURNAL OF DISASTER RISK REDUCTION,WOS:001072715600001,10.1016/j.ijdrr.2023.103975,survivor,False,False,restoration-scheduling/sequencing,railway/transit,,,kept,True,False,resilience-area/functionality,topological/graph-metric,heuristic/metaheuristic/GA; simulation-optimization,a-priori/static-schedule,static-demand,stochastic/scenario-based,ok,18,4.5,False,,False
1043,Strategies to Enhance the Resilience of an Urban Rail Transit Network,2022,TRANSPORTATION RESEARCH RECORD,WOS:000691630900001,10.1177/03611981211037888,survivor,False,False,restoration-scheduling/sequencing,railway/transit,,,kept,True,False,resilience-area/functionality,topological/graph-metric,heuristic/metaheuristic/GA; simulation-optimization,a-priori/static-schedule,not-applicable,deterministic,ok,51,8.5,True,,False
1044,Defining sample size and sampling strategy for dendrogeomorphic rockfall reconstructions,2015,GEOMORPHOLOGY,WOS:000352677000007,10.1016/j.geomorph.2015.02.017,survivor,False,False,other,other,,,removed_filterA+B,False,False,,,,,,,,,,,,
1045,Minimizing latency in post-disaster road clearance operations,2019,EUROPEAN JOURNAL OF OPERATIONAL RESEARCH,WOS:000468721200023,10.1016/j.ejor.2019.03.024,survivor,False,False,debris-clearance,road/highway-network,,,kept,True,False,travel-time/accessibility,shortest-path/AON,exact/MILP/math-programming; heuristic/metaheuristic/GA,a-priori/static-schedule,not-applicable,deterministic,ok,60,7.5,True,,False
1046,"Post-Storm Grid Recovery and Resilience Enhancement in Integrated Power-Gas Network Incorporating Spatio-Temporal Storm Modelling, Mobile Battery Deployment and Demand Response Programme",2026,IET GENERATION TRANSMISSION \& DISTRIBUTION,WOS:001728567000001,10.1049/gtd2.70256,survivor,False,False,restoration-scheduling/sequencing,interdependent-infrastructure-incl-transport,power-electricity-system,drop,removed_filterB_refined,False,False,,,,,,,,,,,,
1047,Optimal scheduling of emergency roadway repair and subsequent relief distribution,2009,COMPUTERS \& OPERATIONS RESEARCH,WOS:000262120300032,10.1016/j.cor.2008.07.002,survivor,False,False,restoration-scheduling/sequencing,road/highway-network,,,kept,True,False,multi-criteria/composite,network-flow/capacity,heuristic/metaheuristic/GA; exact/MILP/math-programming,a-priori/static-schedule,static-demand,deterministic,ok,226,11.9,True,,True
1048,Post-earthquake highway reconstruction: Impacts and mitigation opportunities for New Zealand pinniped population,2023,OCEAN \& COASTAL MANAGEMENT,WOS:001082113700001,10.1016/j.ocecoaman.2023.106851,survivor,False,False,other,other,,,removed_filterA+B,False,False,,,,,,,,,,,,
1049,Integrated optimal scheduling and routing of repair crew and relief vehicles after disaster: a novel hybrid solution approach,2023,ANNALS OF OPERATIONS RESEARCH,WOS:001004064200001,10.1007/s10479-023-05397-0,survivor,False,False,crew/resource-routing-dispatch,road/highway-network,,,kept,True,False,multi-criteria/composite,shortest-path/AON,decomposition/Benders/Lagrangian; heuristic/metaheuristic/GA; exact/MILP/math-programming,a-priori/static-schedule,static-demand,deterministic,ok,13,3.2,False,,False
1050,"Modelling, Analysis and Validation of Hydraulic Self-Adaptive Bearings for Elevated Floating Bridges",2024,SENSORS,WOS:001386999200001,10.3390/s24248079,survivor,False,False,other,bridge/bridge-network,,,removed_filterA,False,False,,,,,,,,,,,,
1051,Insurance-Service-Oriented Maintenance Strategy of Rural Highway Slopes under Typhoon Disasters,2025,TRANSPORTATION RESEARCH RECORD,WOS:001407670700001,10.1177/03611981241311565,survivor,False,False,network-design/retrofit/protection,road/highway-network,,,removed_filterA,False,False,,,,,,,,,,,,
1052,Comprehensive Assessment of Geopolitical Risk in the Himalayan Region Based on the Grid Scale,2022,SUSTAINABILITY,WOS:000839149500001,10.3390/su14159743,survivor,False,False,other,other,,,removed_filterA+B,False,False,,,,,,,,,,,,
1053,Exploring Global Research Trends in Mangrove Ecosystems: A Bibliometric Analysis of Key Issues and Future Directions (1996-2022),2025,LAND DEGRADATION \& DEVELOPMENT,WOS:001436348700001,10.1002/ldr.5558,survivor,False,False,other,other,,,removed_filterA+B,False,False,,,,,,,,,,,,
1055,Synchronizing victim evacuation and debris removal: A data-driven robust prediction approach,2022,EUROPEAN JOURNAL OF OPERATIONAL RESEARCH,WOS:000819872700022,10.1016/j.ejor.2021.09.051,survivor,False,False,debris-clearance,road/highway-network,,,kept,True,False,multi-criteria/composite,shortest-path/AON,exact/MILP/math-programming; other-ML/supervised-learning,a-priori/static-schedule,static-demand,robust/distributionally-robust,ok,23,3.8,False,,False
1056,Resilience-Oriented Train Rescheduling Optimization in Railway Networks: A Mixed Integer Programming Approach,2023,IEEE TRANSACTIONS ON INTELLIGENT TRANSPORTATION SYSTEMS,WOS:000920542000001,10.1109/TITS.2023.3236004,survivor,False,False,other,railway/transit,,,removed_filterA,False,False,,,,,,,,,,,,
1057,Collaboration in the prioritization of repair scheduling in post-disaster multi-agency roadway restoration,2025,INTERNATIONAL JOURNAL OF DISASTER RISK REDUCTION,WOS:001547685800001,10.1016/j.ijdrr.2025.105740,survivor,False,False,restoration-scheduling/sequencing,road/highway-network,,,kept,True,False,recovery-time/makespan,none/not-modeled,exact/MILP/math-programming,sequential/adaptive/rolling-policy,not-applicable,adaptive/multistage-revelation,ok,2,1.0,False,,False
1058,Coupling time-indexed and big-M formulations for real-time train scheduling during metro service disruptions,2020,TRANSPORTATION RESEARCH PART B-METHODOLOGICAL,WOS:000514551500003,10.1016/j.trb.2019.12.005,survivor,False,False,other,railway/transit,,,removed_filterA,False,False,,,,,,,,,,,,
1059,Dynamic recovery sequence optimization of subway-bus network with constrained reinforcement learning,2026,TRANSPORTATION RESEARCH PART D-TRANSPORT AND ENVIRONMENT,WOS:001688943200001,10.1016/j.trd.2026.105238,survivor,False,False,restoration-scheduling/sequencing,railway/transit,,,kept,True,False,flow/demand-served,network-flow/capacity,reinforcement-learning/DRL; graph-neural-network/GNN,sequential/adaptive/rolling-policy,dynamic/time-varying-demand,deterministic,ok,0,0.0,False,"Constrained DRL over a dynamic graph-convolutional network learning an adaptive subway-bus recovery sequence with time-varying flow; strong method-neighbor (DRL + GNN + adaptive + dynamic demand), but transit and no UE.",True
1060,Building Disaster Resilience: A Sustainable Approach to Integrated Road Rehabilitation and Emergency Logistics Optimization in Extreme Events,2025,SUSTAINABILITY,WOS:001635382800001,10.3390/su172310591,survivor,False,False,restoration-scheduling/sequencing,road/highway-network,,,kept,True,False,multi-criteria/composite,shortest-path/AON,heuristic/metaheuristic/GA,a-priori/static-schedule,static-demand,stochastic/scenario-based,ok,2,1.0,False,,False
1061,Enhancing urban rail transit resilience: Strategic bus resource allocation,2025,TRANSPORTATION RESEARCH PART E-LOGISTICS AND TRANSPORTATION REVIEW,WOS:001539733100003,10.1016/j.tre.2025.104327,survivor,False,False,other,railway/transit,,,removed_filterA,False,False,,,,,,,,,,,,
1062,Routing and Scheduling of Electric Buses for Resilient Restoration of Distribution System,2021,IEEE TRANSACTIONS ON TRANSPORTATION ELECTRIFICATION,WOS:000703376000032,10.1109/TTE.2021.3061079,survivor,False,False,restoration-scheduling/sequencing,interdependent-infrastructure-incl-transport,power-electricity-system,drop,removed_filterB_refined,False,False,,,,,,,,,,,,
1063,Duration of commute travel changes in the aftermath of Hurricane Sandy using accelerated failure time modeling,2017,TRANSPORTATION RESEARCH PART A-POLICY AND PRACTICE,WOS:000403127000014,10.1016/j.tra.2017.04.015,survivor,False,False,empirical-recovery-analysis/prediction,general-transportation-network,,,removed_filterA,False,False,,,,,,,,,,,,
1064,Forecasting post-earthquake rockfall activity,2023,JOURNAL OF APPLIED GEODESY,WOS:000889932700001,10.1515/jag-2022-0045,survivor,False,False,hazard/damage-modeling,road/highway-network,,,removed_filterA,False,False,,,,,,,,,,,,
1065,Integrated Data-Driven and Equity-Centered Framework for Highway Restoration Following Flood Inundation,2023,JOURNAL OF MANAGEMENT IN ENGINEERING,WOS:000952221700002,10.1061/JMENEA.MEENG-5266,survivor,False,False,restoration-scheduling/sequencing,road/highway-network,,,kept,True,False,resilience-area/functionality,topological/graph-metric,heuristic/metaheuristic/GA; other-ML/supervised-learning,sequential/adaptive/rolling-policy,not-applicable,stochastic/scenario-based,ok,24,6.0,False,,True
1066,Optimal pavement management: Resilient roads in support of emergency response of cyclone affected coastal areas,2019,TRANSPORTATION RESEARCH PART A-POLICY AND PRACTICE,WOS:000456755100004,10.1016/j.tra.2018.11.001,survivor,False,False,network-design/retrofit/protection,road/highway-network,,,removed_filterA,False,False,,,,,,,,,,,,
1067,SLOPE RISK ANALYSIS SUPPORTING POST-DISASTER RECOVERY: THE 2016 KAIKOURA EARTHQUAKE,2017,AUSTRALIAN GEOMECHANICS JOURNAL,WOS:000424597500005,,survivor,False,False,vulnerability/risk/fragility-assessment,road/highway-network,,,removed_filterA,False,False,,,,,,,,,,,,
1068,Urban Rail Timetable Optimization to Improve Operational Efficiency with Flexible Routing Plans: A Nonlinear Integer Programming Model,2019,SUSTAINABILITY,WOS:000477051900193,10.3390/su11133701,survivor,False,False,other,railway/transit,,,removed_filterA,False,False,,,,,,,,,,,,
1069,Modeling the Hydrodynamic Performance of a Conceptual Storm Surge Barrier System for the Galveston Bay Region,2017,JOURNAL OF WATERWAY PORT COASTAL AND OCEAN ENGINEERING,WOS:000407089100025,10.1061/(ASCE)WW.1943-5460.0000389,survivor,False,False,other,other,,,removed_filterA+B,False,False,,,,,,,,,,,,
1070,Metro train rescheduling by adding backup trains under disrupted scenarios,2017,FRONTIERS OF ENGINEERING MANAGEMENT,WOS:000424537200005,10.15302/J-FEM-2017044,survivor,False,False,other,railway/transit,,,removed_filterA,False,False,,,,,,,,,,,,
1071,Resilience optimization of bus-metro double-layer network against extreme weather events,2024,TRANSPORTATION RESEARCH PART D-TRANSPORT AND ENVIRONMENT,WOS:001314286200001,10.1016/j.trd.2024.104378,survivor,False,False,restoration-scheduling/sequencing,railway/transit,,,kept,True,False,resilience-area/functionality,topological/graph-metric,heuristic/metaheuristic/GA,a-priori/static-schedule,static-demand,deterministic,ok,28,9.3,False,,False
1072,Collapse failure mechanism of subway station under mainshock-aftershocks in the soft area,2024,GEOMECHANICS AND ENGINEERING,WOS:001197388800001,10.12989/gae.2024.36.3.303,survivor,False,False,hazard/damage-modeling,railway/transit,,,removed_filterA,False,False,,,,,,,,,,,,
1073,Threshold-Triggered Heuristic-Assisted Deep Reinforcement Learning for Elastic and QoS-Guaranteed 5G RAN Slice Migration,2026,IEEE TRANSACTIONS ON MOBILE COMPUTING,WOS:001760350600012,10.1109/TMC.2025.3649984,excl_only_lifeline,False,True,,,,,excl_only_lifeline,False,False,,,,,,,,,,,,
1074,Optimization of multi-fleet aircraft routing considering passenger transiting under airline disruption,2015,COMPUTERS \& INDUSTRIAL ENGINEERING,WOS:000349591400012,10.1016/j.cie.2014.11.026,survivor,False,False,other,port/airport/maritime/waterway,,,removed_filterA+B,False,False,,,,,,,,,,,,
1075,Seismic fragility analysis of subway station structure subjected to sequence-type ground motions,2024,TUNNELLING AND UNDERGROUND SPACE TECHNOLOGY,WOS:001145823500001,10.1016/j.tust.2023.105570,survivor,False,False,vulnerability/risk/fragility-assessment,railway/transit,,,removed_filterA,False,False,,,,,,,,,,,,
1076,Real-time integrated train rescheduling and rolling stock circulation planning for a metro line under disruptions,2021,TRANSPORTATION RESEARCH PART B-METHODOLOGICAL,WOS:000704372000005,10.1016/j.trb.2021.08.003,survivor,False,False,other,railway/transit,,,removed_filterA,False,False,,,,,,,,,,,,
1077,Automated transit headway control via adaptive signal priority,2003,JOURNAL OF ADVANCED TRANSPORTATION,WOS:000221225900004,,survivor,False,False,other,railway/transit,,,removed_filterA,False,False,,,,,,,,,,,,
1078,Enhancing the resilience of road infrastructure project through integrated structural and intelligent design based on case study,2025,ENGINEERING CONSTRUCTION AND ARCHITECTURAL MANAGEMENT,WOS:001570459600001,10.1108/ECAM-09-2024-1291,survivor,False,False,network-design/retrofit/protection,road/highway-network,,,removed_filterA,False,False,,,,,,,,,,,,
1079,"Critical node failure, impact and recovery strategy for metro network under extreme flooding in Shanghai",2025,INTERNATIONAL JOURNAL OF DISASTER RISK REDUCTION,WOS:001453031000001,10.1016/j.ijdrr.2025.105414,survivor,False,False,restoration-scheduling/sequencing,railway/transit,,,kept,True,False,resilience-area/functionality,topological/graph-metric,heuristic/metaheuristic/GA,a-priori/static-schedule,static-demand,deterministic,ok,3,1.5,False,,False
1080,Key group identification for bus-subway composite network based on MCGM and ECG,2025,TRANSPORTATION PLANNING AND TECHNOLOGY,WOS:001584345000001,10.1080/03081060.2025.2563082,survivor,False,False,link-criticality/importance-ranking,railway/transit,,,removed_filterA,False,False,,,,,,,,,,,,
1081,Seismic-Performance-Based Sustainability Evaluation of Subway Stations with Varied Bearing Configurations at Beam-Column Joints,2026,SUSTAINABILITY,WOS:001671339600001,10.3390/su18021070,survivor,False,False,vulnerability/risk/fragility-assessment,railway/transit,,,removed_filterA,False,False,,,,,,,,,,,,
1082,"Exploration of the Mountainous Urban Rail Transit Resilience Under Extreme Rainfalls: A Case Study in Chongqing, China",2025,APPLIED SCIENCES-BASEL,WOS:001404045200001,10.3390/app15020735,survivor,False,False,restoration-scheduling/sequencing,railway/transit,,,kept,True,False,resilience-area/functionality,topological/graph-metric,heuristic/metaheuristic/GA,a-priori/static-schedule,static-demand,deterministic,ok,6,3.0,False,,False
1083,A paradigm for seismic resilience assessment of subway system,2023,TUNNELLING AND UNDERGROUND SPACE TECHNOLOGY,WOS:001030338500001,10.1016/j.tust.2023.105061,survivor,False,False,resilience-quantification/assessment,railway/transit,,,removed_filterA,False,False,,,,,,,,,,,,
1084,Life Cycle Thinking-Based Decision Making for Bridges under Seismic Conditions. I: Methodology and Framework,2022,JOURNAL OF BRIDGE ENGINEERING,WOS:000782623800004,10.1061/(ASCE)BE.1943-5592.0001884,survivor,False,False,network-design/retrofit/protection,bridge/bridge-network,,,removed_filterA,False,False,,,,,,,,,,,,
1085,Urban Metro System Network Resilience Under Waterlogging Disturbance: Connectivity-Based Measurement and Enhancement,2025,BUILDINGS,WOS:001580652400001,10.3390/buildings15183432,survivor,False,False,restoration-scheduling/sequencing,railway/transit,,,kept,True,False,connectivity/reachability,topological/graph-metric,heuristic/metaheuristic/GA,a-priori/static-schedule,not-applicable,stochastic/scenario-based,ok,0,0.0,False,,False
1086,Real-time rescheduling and disruption management for public transit,2018,TRANSPORTMETRICA B-TRANSPORT DYNAMICS,WOS:000427920900003,10.1080/21680566.2017.1358678,survivor,False,False,other,railway/transit,,,removed_filterA,False,False,,,,,,,,,,,,
1087,Multi-Stage Equitable Bus-Based Hurricane Evacuation Model With a Stochastic Driver Availability Component,2023,TRANSPORTATION RESEARCH RECORD,WOS:000833838600001,10.1177/03611981221109158,survivor,False,False,evacuation,railway/transit,,,removed_filterA,False,False,,,,,,,,,,,,
1088,Optimal scheduling of logistical support for an emergency roadway repair work schedule,2012,ENGINEERING OPTIMIZATION,WOS:000307347900002,10.1080/0305215X.2011.628389,survivor,False,False,post-disaster-relief-logistics/distribution,road/highway-network,,,removed_filterA,False,False,,,,,,,,,,,,
1089,Study on seismic vulnerability analysis of the interaction system between saturated soft soil and subway station structures,2023,SCIENTIFIC REPORTS,WOS:000983253700009,10.1038/s41598-023-34658-y,survivor,False,False,vulnerability/risk/fragility-assessment,railway/transit,,,removed_filterA,False,False,,,,,,,,,,,,
1090,Inundation Resilience Analysis of Metro-Network from a Complex System Perspective Using the Grid Hydrodynamic Model and FBWM Approach: A Case Study of Wuhan,2022,REMOTE SENSING,WOS:000833108500001,10.3390/rs14143451,survivor,False,False,resilience-quantification/assessment,railway/transit,,,removed_filterA,False,False,,,,,,,,,,,,
1091,A real-time traffic rescheduling approach for the metro system,2024,INTERNATIONAL JOURNAL OF GENERAL SYSTEMS,WOS:001154145200001,10.1080/03081079.2024.2302590,survivor,False,False,other,railway/transit,,,removed_filterA,False,False,,,,,,,,,,,,
1092,Optimizing integrated train rescheduling strategies for diverse disruption scenarios using reinforcement learning,2025,COMPUTERS \& INDUSTRIAL ENGINEERING,WOS:001523161300001,10.1016/j.cie.2025.111329,survivor,False,False,other,railway/transit,,,removed_filterA,False,False,,,,,,,,,,,,
1093,Resilience Enhancement of an Urban Rail Transit Network by Jointly Optimizing Restoration Sequences and Bus Bridging Services,2026,JOURNAL OF TRANSPORTATION ENGINEERING PART A-SYSTEMS,WOS:001715139300004,10.1061/JTEPBS.TEENG-9530,survivor,False,False,restoration-scheduling/sequencing,railway/transit,,,kept,True,False,resilience-area/functionality,shortest-path/AON,exact/MILP/math-programming; heuristic/metaheuristic/GA,a-priori/static-schedule,static-demand,deterministic,ok,0,0.0,False,,False
1094,Breaking into emergency shuttle service: Aspects and impacts of retracting buses from existing scheduled bus services,2018,CANADIAN JOURNAL OF CIVIL ENGINEERING,WOS:000440632100004,10.1139/cjce-2017-0294,survivor,False,False,empirical-recovery-analysis/prediction,railway/transit,,,removed_filterA,False,False,,,,,,,,,,,,
1095,"Fuzzy based multi-criteria M\&E of the integrated flood risk management performance using priority ranking methodology: A case study in Metro Manila, Philippines",2021,INTERNATIONAL JOURNAL OF DISASTER RISK REDUCTION,WOS:000700620700008,10.1016/j.ijdrr.2021.102498,survivor,False,False,resilience-quantification/assessment,other,,,removed_filterA+B,False,False,,,,,,,,,,,,
1096,Research on Microgrid Resilience in Highway Service Areas Based on Federated Multi-Agent Deep Reinforcement Learning,2026,SUSTAINABILITY,WOS:001671253500001,10.3390/su18021027,excl_only_lifeline,False,True,,,,,excl_only_lifeline,False,False,,,,,,,,,,,,
1097,Boundary-Node Coordinated Operation for Restoration Areas Considering Electric Vehicle-Embedded Soft Open Points,2026,SYMMETRY-BASEL,WOS:001803610400001,10.3390/sym18060946,survivor,False,False,restoration-scheduling/sequencing,interdependent-infrastructure-incl-transport,power-electricity-system,drop,removed_filterB_refined,False,False,,,,,,,,,,,,
1098,Lifecycle Assessment of Seismic Resilience and Economic Losses for Continuous Girder Bridges in Chloride-Induced Corrosion,2025,BUILDINGS,WOS:001580657600001,10.3390/buildings15183315,survivor,False,False,resilience-quantification/assessment,bridge/bridge-network,,,removed_filterA,False,False,,,,,,,,,,,,
1099,Plan-based flexible bus bridging operation strategy,2018,TRANSPORTATION RESEARCH PART C-EMERGING TECHNOLOGIES,WOS:000432645900011,10.1016/j.trc.2018.03.015,survivor,False,False,other,railway/transit,,,removed_filterA,False,False,,,,,,,,,,,,
1100,Enhancing flood resilience of urban rail transit systems through recovery resource scheduling optimisation: A case study of London,2025,SUSTAINABLE CITIES AND SOCIETY,WOS:001501786300001,10.1016/j.scs.2025.106437,survivor,False,False,restoration-scheduling/sequencing,railway/transit,,,kept,True,False,multi-criteria/composite,network-flow/capacity,heuristic/metaheuristic/GA,a-priori/static-schedule,static-demand,deterministic,ok,15,7.5,False,,False
1101,Resiliency assessment of urban rail transit networks: Shanghai metro as an example,2018,SAFETY SCIENCE,WOS:000433267600022,10.1016/j.ssci.2018.03.023,survivor,False,False,restoration-scheduling/sequencing,railway/transit,,,kept,True,False,resilience-area/functionality,topological/graph-metric,other,a-priori/static-schedule,not-applicable,deterministic,ok,270,30.0,True,,False
1102,Improving Resilience of Critical Infrastructure Systems Postdisaster Recovery and Mitigation,2011,TRANSPORTATION RESEARCH RECORD,WOS:000299798500002,10.3141/2234-01,survivor,False,False,network-design/retrofit/protection,general-transportation-network,,,removed_filterA,False,False,,,,,,,,,,,,
1103,Seismic resilience evaluation and upgrading framework of UHV converter stations under optimal repair sequence,2025,EARTHQUAKE SPECTRA,WOS:001472374400022,10.1177/87552930251315149,excl_only_lifeline,False,True,,,,,excl_only_lifeline,False,False,,,,,,,,,,,,
1104,Integrated Optimization of Bus Bridging Route Design and Bus Resource Allocation in Response to Metro Service Disruptions,2022,JOURNAL OF TRANSPORTATION ENGINEERING PART A-SYSTEMS,WOS:000811213300002,10.1061/JTEPBS.0000694,survivor,False,False,other,railway/transit,,,removed_filterA,False,False,,,,,,,,,,,,
1105,A stochastic optimization model for staged hospital evacuation during hurricanes,2021,TRANSPORTATION RESEARCH PART E-LOGISTICS AND TRANSPORTATION REVIEW,WOS:000663683600006,10.1016/j.tre.2021.102321,survivor,False,False,evacuation,building/urban-area/community,,,removed_filterA+B,False,False,,,,,,,,,,,,
1106,Resilience-Based Strategies for Topology Enhancement and Recovery of Metrorail Transit Networks,2020,ASCE-ASME JOURNAL OF RISK AND UNCERTAINTY IN ENGINEERING SYSTEMS PART A-CIVIL ENGINEERING,WOS:000527936400009,10.1061/AJRUA6.0001057,survivor,False,False,restoration-scheduling/sequencing,railway/transit,,,kept,True,False,multi-criteria/composite,topological/graph-metric,other,a-priori/static-schedule,not-applicable,deterministic,ok,49,7.0,False,,False
1107,Fragility Analysis and Resilience Assessment of the Single-Column Pier Steel-Concrete Composite Bridge Subjected to Seismic Loads,2024,ASCE-ASME JOURNAL OF RISK AND UNCERTAINTY IN ENGINEERING SYSTEMS PART B-MECHANICAL ENGINEERING,WOS:001216159500010,10.1115/1.4064647,survivor,False,False,vulnerability/risk/fragility-assessment,bridge/bridge-network,,,removed_filterA,False,False,,,,,,,,,,,,
1108,A flexible framework to coordinate debris clearance and relief distribution operations: A robust machine learning approach,2023,EXPERT SYSTEMS WITH APPLICATIONS,WOS:001013392100001,10.1016/j.eswa.2023.120512,survivor,False,False,debris-clearance,road/highway-network,,,kept,True,False,multi-criteria/composite,shortest-path/AON,exact/MILP/math-programming; heuristic/metaheuristic/GA; other-ML/supervised-learning,a-priori/static-schedule,dynamic/time-varying-demand,robust/distributionally-robust,ok,13,3.2,False,"Distributionally-robust bi-objective MILP coordinating debris clearance and relief routing with an ML demand predictor and time-varying demand; shares dynamic demand + robustness + ML, but static and shortest-path, no UE.",False
1109,Seismic resilience assessment of highway embankments: considering damage measure of hysteretic energy dissipation,2025,TRANSPORTATION GEOTECHNICS,WOS:001490684800001,10.1016/j.trgeo.2025.101510,survivor,False,False,vulnerability/risk/fragility-assessment,road/highway-network,,,removed_filterA,False,False,,,,,,,,,,,,
1110,Adaptive rescheduling of rail transit services with short-turnings under disruptions via a multi-agent deep reinforcement learning approach,2024,TRANSPORTATION RESEARCH PART B-METHODOLOGICAL,WOS:001308245400001,10.1016/j.trb.2024.103067,survivor,False,False,other,railway/transit,,,removed_filterA,False,False,,,,,,,,,,,,
1112,Utilizing and optimizing non-disrupted lines for evacuating passengers in Urban rail transit networks during disruptions,2025,TRANSPORTMETRICA B-TRANSPORT DYNAMICS,WOS:001376094400001,10.1080/21680566.2024.2440588,survivor,False,False,other,railway/transit,,,removed_filterA,False,False,,,,,,,,,,,,
1113,"Fuzzy-based gaps assessment of flood disaster risk reduction management systems in Metro Manila, Philippines",2019,WATER AND ENVIRONMENT JOURNAL,WOS:000478599700013,10.1111/wej.12416,survivor,False,False,resilience-quantification/assessment,other,,,removed_filterA+B,False,False,,,,,,,,,,,,
1114,Optimization of system resilience in urban rail systems: Train rescheduling considering congestions of stations,2023,COMPUTERS \& INDUSTRIAL ENGINEERING,WOS:001094853700001,10.1016/j.cie.2023.109657,survivor,False,False,other,railway/transit,,,removed_filterA,False,False,,,,,,,,,,,,
1115,Seismic resilience assessment of underground subway stations,2026,TUNNELLING AND UNDERGROUND SPACE TECHNOLOGY,WOS:001793661300001,10.1016/j.tust.2026.107832,survivor,False,False,resilience-quantification/assessment,railway/transit,,,removed_filterA,False,False,,,,,,,,,,,,
1116,Scheduling of Mobile Rail Generators Capable of Uninterrupted Power Supply for Load Rescue,2025,IEEE TRANSACTIONS ON POWER SYSTEMS,WOS:001560302400028,10.1109/TPWRS.2025.3545677,survivor,False,False,restoration-scheduling/sequencing,interdependent-infrastructure-incl-transport,power-electricity-system,drop,removed_filterB_refined,False,False,,,,,,,,,,,,
1117,Algorithm and Application of Multi-modal Evacuation Strategy for Intercity Railway Disruption in a Metropolitan Area,2023,TRANSPORTATION RESEARCH RECORD,WOS:000842688900001,10.1177/03611981221115079,survivor,False,False,evacuation,railway/transit,,,removed_filterA,False,False,,,,,,,,,,,,
1118,Alternative service network design for bus systems responding to time-varying road disruptions,2024,TRANSPORTATION RESEARCH PART B-METHODOLOGICAL,WOS:001298030500001,10.1016/j.trb.2024.103042,survivor,False,False,other,railway/transit,,,removed_filterA,False,False,,,,,,,,,,,,
1119,Integrating disaster management planning into road infrastructure asset management,2021,INFRASTRUCTURE ASSET MANAGEMENT,WOS:000729253900005,10.1680/jinam.21.00012,survivor,False,False,other,road/highway-network,,,removed_filterA,False,True,,,,,,,,,,,,
1120,Impact of Debris Removal Post-Wildfires on Pavement Fatigue and Rutting Lives: Case Studies of California's Camp and Carr Fires,2025,TRANSPORTATION RESEARCH RECORD,WOS:001346291900001,10.1177/03611981241283458,survivor,False,False,other,road/highway-network,,,removed_filterA,False,False,,,,,,,,,,,,
1121,Research on the evaluation of the resilience of subway station projects to waterlogging disasters based on the projection pursuit model,2020,MATHEMATICAL BIOSCIENCES AND ENGINEERING,WOS:000621193600009,10.3934/mbe.2020374,survivor,False,False,resilience-quantification/assessment,railway/transit,,,removed_filterA,False,False,,,,,,,,,,,,
1122,Preallocation of Electric Buses for Resilient Restoration of Distribution Network: A Data-Driven Robust Stochastic Optimization Method,2022,IEEE SYSTEMS JOURNAL,WOS:000732099600001,10.1109/JSYST.2021.3123623,survivor,False,False,restoration-scheduling/sequencing,interdependent-infrastructure-incl-transport,power-electricity-system,drop,removed_filterB_refined,False,False,,,,,,,,,,,,
1123,Lessons learned from the Great East Japan Earthquake,2016,PROCEEDINGS OF THE INSTITUTION OF CIVIL ENGINEERS-FORENSIC ENGINEERING,WOS:000385652100004,10.1680/jfoen.14.00019,survivor,False,False,empirical-recovery-analysis/prediction,road/highway-network,,,removed_filterA,False,False,,,,,,,,,,,,
1124,Enhancing the evacuation efficiency through the two-step optimization of train timetable and response vehicles during metro disruptions,2024,TRANSPORTATION RESEARCH PART E-LOGISTICS AND TRANSPORTATION REVIEW,WOS:001258212900001,10.1016/j.tre.2024.103605,survivor,False,False,other,railway/transit,,,removed_filterA,False,False,,,,,,,,,,,,
1125,A Drone Scheduling Method for Emergency Power Material Transportation Based on Deep Reinforcement Learning Optimized PSO Algorithm,2023,SUSTAINABILITY,WOS:001061092300001,10.3390/su151713127,survivor,False,False,post-disaster-relief-logistics/distribution,other,,,removed_filterA+B,False,False,,,,,,,,,,,,
1126,Resilience Assessment and Optimization for Urban Rail Transit Networks: A Case Study of Beijing Subway Network,2019,IEEE ACCESS,WOS:000471950000001,10.1109/ACCESS.2019.2919105,survivor,False,False,resilience-quantification/assessment,railway/transit,,,removed_filterA,False,False,,,,,,,,,,,,
1127,Deep learning for bridge load capacity estimation in post-disaster and -conflict zones,2019,ROYAL SOCIETY OPEN SCIENCE,WOS:000510010700002,10.1098/rsos.190227,survivor,False,False,empirical-recovery-analysis/prediction,bridge/bridge-network,,,removed_filterA,False,False,,,,,,,,,,,,
1128,Emergency scheduling of engineering rescue tasks in disaster relief operations and its application in China,2015,INTERNATIONAL TRANSACTIONS IN OPERATIONAL RESEARCH,WOS:000352791100006,10.1111/itor.12148,survivor,False,False,post-disaster-relief-logistics/distribution,other,,,removed_filterA+B,False,False,,,,,,,,,,,,
1129,Optimizing Maintenance Resource Scheduling and Site Selection for Urban Metro Systems: A Multi-Objective Approach to Enhance System Resilience,2024,SYSTEMS,WOS:001277622100001,10.3390/systems12070262,survivor,False,False,crew/resource-routing-dispatch,railway/transit,,,kept,True,False,multi-criteria/composite,topological/graph-metric,heuristic/metaheuristic/GA,a-priori/static-schedule,static-demand,deterministic,ok,1,0.3,False,,False
1130,Evaluating the alignment of new metro line considering network vulnerability with passenger ridership,2019,TRANSPORTMETRICA A-TRANSPORT SCIENCE,WOS:000497621700001,10.1080/23249935.2019.1599080,survivor,False,False,network-design/retrofit/protection,railway/transit,,,removed_filterA,False,False,,,,,,,,,,,,
1131,Multi-line coordinated schedule adjustment optimization for metro short-term disruption recovery,2026,COMPUTERS \& INDUSTRIAL ENGINEERING,WOS:001649969000001,10.1016/j.cie.2025.111770,survivor,False,False,other,railway/transit,,,removed_filterA,False,False,,,,,,,,,,,,
1132,A MILP model and a heuristic algorithm for post-disaster connectivity problem with heterogeneous vehicles,2024,JOURNAL OF HEURISTICS,WOS:001271500700001,10.1007/s10732-024-09531-4,survivor,False,False,restoration-scheduling/sequencing,road/highway-network,,,kept,True,False,multi-criteria/composite,topological/graph-metric,exact/MILP/math-programming; heuristic/metaheuristic/GA,a-priori/static-schedule,static-demand,deterministic,ok,1,0.3,False,,False
1133,Real-time metro train rescheduling under uncertainties: A hybrid machine learning and integer L-shaped approach,2026,TRANSPORTATION RESEARCH PART E-LOGISTICS AND TRANSPORTATION REVIEW,WOS:001680061200001,10.1016/j.tre.2026.104704,survivor,False,False,other,railway/transit,,,removed_filterA,False,False,,,,,,,,,,,,
1134,Analysis of mechanical properties and strengthening effects of ECC jacket on central columns subjected to high variable axial compression ratios,2025,BULLETIN OF EARTHQUAKE ENGINEERING,WOS:001558828400001,10.1007/s10518-025-02266-y,survivor,False,False,network-design/retrofit/protection,railway/transit,,,removed_filterA,False,False,,,,,,,,,,,,
1135,Integrated optimal scheduling of repair crew and relief vehicle after disaster,2019,COMPUTERS \& OPERATIONS RESEARCH,WOS:000460716300017,10.1016/j.cor.2019.01.015,survivor,False,False,crew/resource-routing-dispatch,road/highway-network,,,kept,True,False,recovery-time/makespan,shortest-path/AON,exact/MILP/math-programming; heuristic/metaheuristic/GA,a-priori/static-schedule,static-demand,deterministic,ok,69,8.6,True,,False
1136,Development of Fuzzy System Dynamics Model to Forecast Bridge Resilience,2022,JOURNAL OF BRIDGE ENGINEERING,WOS:000867599100004,10.1061/(ASCE)BE.1943-5592.0001952,survivor,False,False,resilience-quantification/assessment,bridge/bridge-network,,,removed_filterA,False,False,,,,,,,,,,,,
1137,Enhancing Resilience of Urban Electric-Road-Metro Interdependent Network Considering Electric Bus Scheduling,2025,IEEE TRANSACTIONS ON SUSTAINABLE ENERGY,WOS:001380707400002,10.1109/TSTE.2024.3476688,survivor,False,False,restoration-scheduling/sequencing,interdependent-infrastructure-incl-transport,power-electricity-system,drop,removed_filterB_refined,False,False,,,,,,,,,,,,
1138,Restorative Design of Underground Structures Damaged by Kahramanmaras (Turkey) Earthquakes on 6 February 2023: A Case Study on Erkenek Highway Tunnel,2025,SUSTAINABILITY,WOS:001613139900001,10.3390/su17219756,survivor,False,False,network-design/retrofit/protection,road/highway-network,,,removed_filterA,False,False,,,,,,,,,,,,
1139,Effective seismic response control of buildings with sliding bearings,2021,MAGAZINE OF CIVIL ENGINEERING,WOS:000743921100002,10.34910/MCE.108.9,survivor,False,False,other,building/urban-area/community,,,removed_filterA+B,False,False,,,,,,,,,,,,
1140,Fault Recovery Strategy for Urban Rail Transit Considering Train Operation Intersections,2026,APPLIED SCIENCES-BASEL,WOS:001801908300001,10.3390/app16126020,survivor,False,False,restoration-scheduling/sequencing,railway/transit,,,kept,True,False,resilience-area/functionality,topological/graph-metric,heuristic/metaheuristic/GA,a-priori/static-schedule,static-demand,deterministic,ok,0,0.0,False,,False
1141,Logistical support scheduling under stochastic travel times given an emergency repair work schedule,2014,COMPUTERS \& INDUSTRIAL ENGINEERING,WOS:000331022200003,10.1016/j.cie.2013.10.007,survivor,False,False,post-disaster-relief-logistics/distribution,road/highway-network,,,removed_filterA,False,False,,,,,,,,,,,,
1142,A Sampling-based Approximation Method Applied to Stochastic Real-Time Emergency Rehabilitation Scheduling Problem,2010,INTERNATIONAL JOURNAL OF INTELLIGENT TRANSPORTATION SYSTEMS RESEARCH,WOS:000211623700005,10.1007/s13177-009-0007-8,survivor,False,False,restoration-scheduling/sequencing,road/highway-network,,,kept,True,False,recovery-time/makespan,none/not-modeled,heuristic/metaheuristic/GA; simulation-optimization,sequential/adaptive/rolling-policy,dynamic/time-varying-demand,stochastic/scenario-based,ok,1,0.1,False,,False
1143,Joint optimization of delay-recovery and energy-saving in a metro system: A case study from China,2020,ENERGY,WOS:000538592700037,10.1016/j.energy.2020.117699,survivor,False,False,other,railway/transit,,,removed_filterA,False,False,,,,,,,,,,,,
1144,Enhancing resilience of expressway microgrids via network reconfiguration and electric operation-maintenance vehicles,2026,INTERNATIONAL JOURNAL OF ELECTRICAL POWER \& ENERGY SYSTEMS,WOS:001660759300001,10.1016/j.ijepes.2025.111549,survivor,False,False,restoration-scheduling/sequencing,interdependent-infrastructure-incl-transport,power-electricity-system,drop,removed_filterB_refined,False,False,,,,,,,,,,,,
1145,Railway disruption management: Designing bus bridging services under uncertainty,2021,COMPUTERS \& OPERATIONS RESEARCH,WOS:000674263400019,10.1016/j.cor.2021.105284,survivor,False,False,other,railway/transit,,,removed_filterA,False,False,,,,,,,,,,,,
1146,An analytical approach to planning for and managing random disruption in rail intermodal networks,2025,INFOR,WOS:001597635700001,10.1080/03155986.2025.2571318,survivor,False,False,network-design/retrofit/protection,general-transportation-network,,,removed_filterA,False,False,,,,,,,,,,,,
1147,Adaptive Risk-Driven Control Strategy for Enhancing Highway Renewable Energy System Resilience Against Extreme Weather,2025,ENERGIES,WOS:001601476000001,10.3390/en18205417,survivor,False,False,other,interdependent-infrastructure-incl-transport,power-electricity-system,,removed_filterA,False,False,,,,,,,,,,,,
1148,Identification and precise control of disaster-causing hazards in metro operation and maintenance: A new method for improving metro operation safety based on data mining,2025,COMPUTERS \& INDUSTRIAL ENGINEERING,WOS:001422983300001,10.1016/j.cie.2025.110899,survivor,False,False,hazard/damage-modeling,railway/transit,,,removed_filterA,False,False,,,,,,,,,,,,
1149,Train Rescheduling of Urban Rail Transit Under Bi-Direction Disruptions in Operation Section,2024,TRANSPORTATION RESEARCH RECORD,WOS:001214402400001,10.1177/03611981241242083,survivor,False,False,other,railway/transit,,,removed_filterA,False,False,,,,,,,,,,,,
1150,Life Cycle Thinking-Based Decision Making for Bridges under Seismic Conditions. II: A Case Study on Bridges with Superelastic SMA RC Piers,2022,JOURNAL OF BRIDGE ENGINEERING,WOS:000782623800012,10.1061/(ASCE)BE.1943-5592.0001885,survivor,False,False,network-design/retrofit/protection,bridge/bridge-network,,,removed_filterA,False,False,,,,,,,,,,,,
1151,Optimal Scheduling for Highway Emergency Repairs Under Large-Scale Supply-Demand Perturbations,2014,IEEE TRANSACTIONS ON INTELLIGENT TRANSPORTATION SYSTEMS,WOS:000345572900003,10.1109/TITS.2014.2313628,survivor,False,False,restoration-scheduling/sequencing,road/highway-network,,,kept,True,False,recovery-time/makespan,none/not-modeled,exact/MILP/math-programming; heuristic/metaheuristic/GA,a-priori/static-schedule,dynamic/time-varying-demand,deterministic,ok,32,2.5,False,,False
1152,Rescheduling subway trains by a discrete event model considering service balance performance,2016,APPLIED MATHEMATICAL MODELLING,WOS:000367407700054,10.1016/j.apm.2015.06.031,survivor,False,False,other,railway/transit,,,removed_filterA,False,False,,,,,,,,,,,,
1153,Incorporation of seismic considerations in bridge management systems,2002,COMPUTER-AIDED CIVIL AND INFRASTRUCTURE ENGINEERING,WOS:000174750600005,10.1111/1467-8667.00266,survivor,False,False,other,bridge/bridge-network,,,removed_filterA,False,False,,,,,,,,,,,,
1154,Balancing System Service Quality and Resilience for Urban Rail Networks: Preventive Train Timetabling with Disruptions,2026,TRANSPORTATION RESEARCH RECORD,WOS:001595887400001,10.1177/03611981251368318,survivor,False,False,other,railway/transit,,,removed_filterA,False,False,,,,,,,,,,,,
1155,Fragility-Based Seismic Risk Assessment of Reinforced Concrete Bridge Columns,2025,INFRASTRUCTURES,WOS:001497556400001,10.3390/infrastructures10050123,survivor,False,False,vulnerability/risk/fragility-assessment,bridge/bridge-network,,,removed_filterA,False,False,,,,,,,,,,,,
1156,A data-driven mixed-integer linear programming approach for real-time of urban rail transit under stock faults,2024,TRANSPORTATION RESEARCH PART C-EMERGING TECHNOLOGIES,WOS:001349709400001,10.1016/j.trc.2024.104893,survivor,False,False,other,railway/transit,,,removed_filterA,False,False,,,,,,,,,,,,
1157,Subway-Emergency Bridging Strategy for Bus Scheduling Considering Passenger Travel Behavior,2025,JOURNAL OF TRANSPORTATION ENGINEERING PART A-SYSTEMS,WOS:001489264400013,10.1061/JTEPBS.TEENG-8959,survivor,False,False,other,railway/transit,,,removed_filterA,False,False,,,,,,,,,,,,
1158,"Fatal debris avalanche on an anthropogenically disturbed, earthquake-perturbed slope during antecedent rainfall",2026,LANDSLIDES,WOS:001696041800001,10.1007/s10346-026-02713-0,survivor,False,False,hazard/damage-modeling,other,,,removed_filterA+B,False,False,,,,,,,,,,,,
1159,Joint optimization of multi-train cooperative driving profiles and timetables for energy-efficient urban rail operations,2026,SYSTEMS SCIENCE \& CONTROL ENGINEERING,WOS:001663270100001,10.1080/21642583.2025.2602212,survivor,False,False,other,railway/transit,,,removed_filterA,False,False,,,,,,,,,,,,
1160,"Hydrological control of large hurricane-induced lahars: evidence from rainfall-runoff modeling, seismic and video monitoring",2018,NATURAL HAZARDS AND EARTH SYSTEM SCIENCES,WOS:000426914200001,10.5194/nhess-18-781-2018,survivor,False,False,hazard/damage-modeling,other,,,removed_filterA+B,False,False,,,,,,,,,,,,
1161,Metro disruption management: Optimal initiation time of substitute bus services under uncertain system recovery time,2018,TRANSPORTATION RESEARCH PART C-EMERGING TECHNOLOGIES,WOS:000454970000022,10.1016/j.trc.2018.11.001,survivor,False,False,other,railway/transit,,,removed_filterA,False,False,,,,,,,,,,,,
1162,Resilience-Oriented Study on Pedestrian Accessibility Between Subway Stations and Commercial Complexes in Cities,2026,LAND,WOS:001701593300001,10.3390/land15020266,survivor,False,False,resilience-quantification/assessment,building/urban-area/community,,,removed_filterA+B,False,False,,,,,,,,,,,,
1163,Bio-Inspired Meta-Heuristics for Emergency Transportation Problems,2014,ALGORITHMS,WOS:000214152800002,10.3390/a7010015,survivor,False,False,other,general-transportation-network,,,removed_filterA,False,True,,,,,,,,,,,,
1164,Capacity-Constrained Bus Bridging Optimization Framework,2020,TRANSPORTATION RESEARCH RECORD,WOS:000535481600001,10.1177/0361198120917399,survivor,False,False,other,railway/transit,,,removed_filterA,False,False,,,,,,,,,,,,
1165,Robust Control for Dynamic Train Regulation in Fully Automatic Operation System Under Uncertain Wireless Transmissions,2022,IEEE TRANSACTIONS ON INTELLIGENT TRANSPORTATION SYSTEMS,WOS:000791731200001,10.1109/TITS.2022.3170950,survivor,False,False,other,railway/transit,,,removed_filterA,False,False,,,,,,,,,,,,
1166,Aircraft Routing and Crew Pairing Solutions: Robust Integrated Model Based on Multi-Agent Reinforcement Learning,2025,AEROSPACE,WOS:001495828400001,10.3390/aerospace12050444,survivor,False,False,other,port/airport/maritime/waterway,,,removed_filterA+B,False,False,,,,,,,,,,,,
1167,Fault Recovery in Distribution Cyber-Physical Systems via UAV-Assisted Emergency Communication,2026,ENERGIES,WOS:001802136800001,10.3390/en19122811,excl_only_lifeline,False,True,,,,,excl_only_lifeline,False,False,,,,,,,,,,,,
1168,Research on seismic performance of high-speed railway segmental assembled round-end hollow pier with energy dissipation bar,2026,JOURNAL OF VIBROENGINEERING,WOS:001745552300001,10.21595/jve.2026.25897,survivor,False,False,network-design/retrofit/protection,bridge/bridge-network,,,removed_filterA,False,False,,,,,,,,,,,,
1169,Intelligent optimization method for seismic risk transfer parameters of high-speed railway track-bridge system,2025,STRUCTURES,WOS:001473036600001,10.1016/j.istruc.2025.108912,survivor,False,False,network-design/retrofit/protection,bridge/bridge-network,,,removed_filterA,False,False,,,,,,,,,,,,
1170,Multi-criteria decision-making system for selecting an effective plan for bridge rehabilitation,2013,STRUCTURE AND INFRASTRUCTURE ENGINEERING,WOS:000317734500006,10.1080/15732479.2011.615843,survivor,False,False,other,bridge/bridge-network,,,removed_filterA,False,False,,,,,,,,,,,,
1171,A column generation-based heuristic for aircraft recovery problem with airport capacity constraints and maintenance flexibility,2018,TRANSPORTATION RESEARCH PART B-METHODOLOGICAL,WOS:000438325900005,10.1016/j.trb.2018.05.007,survivor,False,False,other,port/airport/maritime/waterway,,,removed_filterA+B,False,False,,,,,,,,,,,,
1172,Modeling and Simulating Passenger Behavior for a Station Closure in a Rail Transit Network,2016,PLOS ONE,WOS:000389587100065,10.1371/journal.pone.0167126,survivor,False,False,empirical-recovery-analysis/prediction,railway/transit,,,removed_filterA,False,False,,,,,,,,,,,,
1173,Managing disruptions in the multi-depot vehicle scheduling problem,2017,TRANSPORTATION RESEARCH PART B-METHODOLOGICAL,WOS:000415780700012,10.1016/j.trb.2017.09.002,survivor,False,False,other,railway/transit,,,removed_filterA,False,False,,,,,,,,,,,,
1174,Evaluation of Commercially Available Remote Sensors for Highway Bridge Condition Assessment,2012,JOURNAL OF BRIDGE ENGINEERING,WOS:000312661300008,10.1061/(ASCE)BE.1943-5592.0000303,survivor,False,False,other,bridge/bridge-network,,,removed_filterA,False,False,,,,,,,,,,,,
1175,An efficient column generation approach for crew re-scheduling and recovery in urban rail transit systems under emergency conditions,2026,EXPERT SYSTEMS WITH APPLICATIONS,WOS:001607004400001,10.1016/j.eswa.2025.129993,survivor,False,False,other,railway/transit,,,removed_filterA,False,False,,,,,,,,,,,,
1176,Assessment of urban rail transit network passenger-centered resilience under hazards: A dynamic resilience assessment framework,2025,ACCIDENT ANALYSIS AND PREVENTION,WOS:001491915100001,10.1016/j.aap.2025.108042,survivor,False,False,resilience-quantification/assessment,railway/transit,,,removed_filterA,False,False,,,,,,,,,,,,
1177,Optimized data processing for ground motions of bridge earthquake response based on improved VMD,2024,EARTHQUAKES AND STRUCTURES,WOS:001419148100005,10.12989/eas.2024.27.5.419,survivor,False,False,other,bridge/bridge-network,,,removed_filterA,False,False,,,,,,,,,,,,
1178,Quantifying resilience to flooding among households and local government units using system dynamics: a case study in Metro Manila,2016,JOURNAL OF FLOOD RISK MANAGEMENT,WOS:000383507100002,10.1111/jfr3.12222,survivor,False,False,resilience-quantification/assessment,building/urban-area/community,,,removed_filterA+B,False,False,,,,,,,,,,,,
1179,Energy-Efficient Opportunistic Routing Algorithm for Post-Disaster Mine Internet of Things Networks,2023,SENSORS,WOS:001055924800001,10.3390/s23167213,excl_only_lifeline,False,True,,,,,excl_only_lifeline,False,False,,,,,,,,,,,,
1180,"On the Need for Reliable Seismic Input Assessment for Optimized Design and Retrofit of Seismically Isolated Civil and Industrial Structures, Equipment, and Cultural Heritage",2011,PURE AND APPLIED GEOPHYSICS,WOS:000286435400013,10.1007/s00024-010-0120-2,survivor,False,False,other,other,,,removed_filterA+B,False,False,,,,,,,,,,,,
1181,Smooth and Controlled Recovery Planning of Disruptions in Rapid Transit Networks,2015,IEEE TRANSACTIONS ON INTELLIGENT TRANSPORTATION SYSTEMS,WOS:000359253600051,10.1109/TITS.2015.2399975,survivor,False,False,other,railway/transit,,,removed_filterA,False,False,,,,,,,,,,,,
1182,Metro disruption management: Contracting substitute bus service under uncertain system recovery time,2020,TRANSPORTATION RESEARCH PART C-EMERGING TECHNOLOGIES,WOS:000509790500006,10.1016/j.trc.2019.11.010,survivor,False,False,other,railway/transit,,,removed_filterA,False,False,,,,,,,,,,,,
1183,Convolutional variational autoencoder for ground motion classification and generation toward efficient seismic fragility assessment,2024,COMPUTER-AIDED CIVIL AND INFRASTRUCTURE ENGINEERING,WOS:001003398600001,10.1111/mice.13061,survivor,False,False,vulnerability/risk/fragility-assessment,other,,,removed_filterA+B,False,False,,,,,,,,,,,,
1184,Real-Time Automatic Train Regulation of Metro Lines With Bifurcations and Short-Turning Under Continuous Communication,2026,IEEE ACCESS,WOS:001765026900046,10.1109/ACCESS.2026.3690017,survivor,False,False,other,railway/transit,,,removed_filterA,False,False,,,,,,,,,,,,
1185,Real-Time Rolling Stock and Timetable Rescheduling in Urban Rail Transit Systems,2026,INFORMS JOURNAL ON COMPUTING,WOS:001472542500001,10.1287/ijoc.2023.0391,survivor,False,False,other,railway/transit,,,removed_filterA,False,False,,,,,,,,,,,,
1186,Probabilistic Capacity Function-Based Framework for Seismic Resilience Assessment of Liquefiable Embankments with Ground Improvement,2026,INTERNATIONAL JOURNAL OF GEOMECHANICS,WOS:001793644200002,10.1061/IJGNAI.GMENG-12960,survivor,False,False,vulnerability/risk/fragility-assessment,road/highway-network,,,removed_filterA,False,False,,,,,,,,,,,,
1187,Machine learning driven seismic performance limit state identification for performance-based seismic design of bridge piers,2022,ENGINEERING STRUCTURES,WOS:000772615500001,10.1016/j.engstruct.2022.113919,survivor,False,False,vulnerability/risk/fragility-assessment,bridge/bridge-network,,,removed_filterA,False,False,,,,,,,,,,,,
1188,Optimization of Bridging Bus Timetable and Vehicle Scheduling under URT Disruption,2023,JOURNAL OF TRANSPORTATION ENGINEERING PART A-SYSTEMS,WOS:001011060500014,10.1061/JTEPBS.TEENG-7747,survivor,False,False,other,railway/transit,,,removed_filterA,False,False,,,,,,,,,,,,
1189,"Coupling Data- and Knowledge-Driven Methods for Landslide Susceptibility Mapping in Human-Modified Environments: A Case Study from Wanzhou County, Three Gorges Reservoir Area, China",2022,REMOTE SENSING,WOS:000821002600001,10.3390/rs14030774,survivor,False,False,hazard/damage-modeling,other,,,removed_filterA+B,False,False,,,,,,,,,,,,
1190,Evaluation of Resilience Dimensions on Reconstruction of Highway Infrastructure Projects,2023,JOURNAL OF LEGAL AFFAIRS AND DISPUTE RESOLUTION IN ENGINEERING AND CONSTRUCTION,WOS:000952270500028,10.1061/JLADAH.LADR-899,survivor,False,False,empirical-recovery-analysis/prediction,road/highway-network,,,removed_filterA,False,False,,,,,,,,,,,,
1191,Machine learning-based optimization on CFRP repairs for earthquake-damaged round-ended hollow piers in a high-speed railway bridge,2026,ENGINEERING STRUCTURES,WOS:001808093000001,10.1016/j.engstruct.2026.123253,survivor,False,False,other,bridge/bridge-network,,,removed_filterA,False,False,,,,,,,,,,,,
1192,Data-driven multi-criteria framework for the seismic and post-earthquake performance assessment of corroded RC bridge piers,2025,STRUCTURES,WOS:001608348000002,10.1016/j.istruc.2025.110535,survivor,False,False,vulnerability/risk/fragility-assessment,bridge/bridge-network,,,removed_filterA,False,False,,,,,,,,,,,,
1193,Total Risk Model and Loss Analysis of Probabilistic Damage Control Application in Seismic Design of Highway Bridges,2022,JOURNAL OF BRIDGE ENGINEERING,WOS:000761364800006,10.1061/(ASCE)BE.1943-5592.0001843,survivor,False,False,network-design/retrofit/protection,bridge/bridge-network,,,removed_filterA,False,False,,,,,,,,,,,,
1194,Determination of rational seismic systems for small- and medium-span highway girder bridges using probabilistic performance-based methods and machine learning,2026,STRUCTURE AND INFRASTRUCTURE ENGINEERING,WOS:001737092600001,10.1080/15732479.2026.2656721,survivor,False,False,network-design/retrofit/protection,bridge/bridge-network,,,removed_filterA,False,False,,,,,,,,,,,,
1195,Multi-disruption resilience assessment of rail transit systems with optimized commuter flows,2021,RELIABILITY ENGINEERING \& SYSTEM SAFETY,WOS:000663912500020,10.1016/j.ress.2021.107715,survivor,False,False,resilience-quantification/assessment,railway/transit,,,removed_filterA,False,False,,,,,,,,,,,,
1196,Performance assessment of buildings isolated with S-FBI system under near-fault earthquakes,2016,SMART STRUCTURES AND SYSTEMS,WOS:000374769900002,10.12989/sss.2016.17.5.709,survivor,False,False,network-design/retrofit/protection,building/urban-area/community,,,removed_filterA+B,False,False,,,,,,,,,,,,
1197,Expert evaluation system for pothole defect detection,2025,EXPERT SYSTEMS WITH APPLICATIONS,WOS:001455465400001,10.1016/j.eswa.2025.127280,survivor,False,False,other,road/highway-network,,,removed_filterA,False,False,,,,,,,,,,,,
1198,Bi-Level Simulation-Driven Optimization for Route Guidance in Disrupted Metro Networks via Hybrid Swarm Intelligence,2026,SENSORS,WOS:001714574900001,10.3390/s26051711,survivor,False,False,other,railway/transit,,,removed_filterA,False,False,,,,,,,,,,,,
1199,CrackFormer: A reinforcement learning-enhanced Swin Transformer V3 framework for high-fidelity detection and segmentation of pavement surface cracks,2025,ALEXANDRIA ENGINEERING JOURNAL,WOS:001599395000004,10.1016/j.aej.2025.08.011,survivor,False,False,other,road/highway-network,,,removed_filterA,False,False,,,,,,,,,,,,
1200,Integrated train rescheduling for urban rail transit during unidirectional line disruptions: a hybrid optimization approach,2026,JOURNAL OF INTELLIGENT TRANSPORTATION SYSTEMS,WOS:001776156500001,10.1080/15472450.2026.2669482,survivor,False,False,other,railway/transit,,,removed_filterA,False,False,,,,,,,,,,,,
1201,Seismic fragility analysis of enhanced SC-UHPC piers adaptive to different seismic intensities zones,2026,STRUCTURAL CONCRETE,WOS:001769485400001,10.1002/suco.70638,survivor,False,False,vulnerability/risk/fragility-assessment,bridge/bridge-network,,,removed_filterA,False,False,,,,,,,,,,,,
1202,Resilience of global supply chains with logistics service uncertainty: Onshoring versus offshoring strategy,2025,TRANSPORTATION RESEARCH PART E-LOGISTICS AND TRANSPORTATION REVIEW,WOS:001576480900001,10.1016/j.tre.2025.104416,survivor,False,False,other,supply-chain/facility,,,removed_filterA+B,False,False,,,,,,,,,,,,
1203,Optimization of Emergency Bus Bridging Service with Mixed Diesel-Electric Fleets under Metro Disruptions,2026,TRANSPORTATION RESEARCH RECORD,WOS:001779738900001,10.1177/03611981261450127,survivor,False,False,other,railway/transit,,,removed_filterA,False,False,,,,,,,,,,,,
1204,Evaluating Accessibility and Equity Impacts of Pandemic Transit Service Adjustments: Case Study of the San Francisco Bay Area,2025,TRANSPORTATION RESEARCH RECORD,WOS:001651058000001,10.1177/03611981251404343,survivor,False,False,empirical-recovery-analysis/prediction,railway/transit,,,removed_filterA,False,False,,,,,,,,,,,,
1205,Prioritizing Highway Restoration Following Flood Inundations: An Integrated Accessibility-Driven Approach,2025,JOURNAL OF MANAGEMENT IN ENGINEERING,WOS:001489271300007,10.1061/JMENEA.MEENG-6618,survivor,False,False,restoration-scheduling/sequencing,road/highway-network,,,kept,True,False,travel-time/accessibility,shortest-path/AON,heuristic/metaheuristic/GA,a-priori/static-schedule,static-demand,deterministic,ok,3,1.5,False,,True
1206,A coordinated bus bridging and metro short turning model in response to urban metro disruptions,2022,TRANSPORTATION SAFETY AND ENVIRONMENT,WOS:000788260800005,10.1093/tse/tdac003,survivor,False,False,other,railway/transit,,,removed_filterA,False,False,,,,,,,,,,,,
1207,Stability analysis of multi-criteria decision making techniques for relief centre location selection: A safety-centric relocation model with cost considerations,2025,ENGINEERING APPLICATIONS OF ARTIFICIAL INTELLIGENCE,WOS:001412716900001,10.1016/j.engappai.2024.109932,survivor,False,False,post-disaster-relief-logistics/distribution,other,,,removed_filterA+B,False,False,,,,,,,,,,,,
1208,Landslide monitoring from point cloud sequence using stereo feature matching,2025,EARTH SURFACE PROCESSES AND LANDFORMS,WOS:001498323000009,10.1002/esp.70073,survivor,False,False,hazard/damage-modeling,other,,,removed_filterA+B,False,False,,,,,,,,,,,,
1209,An Integer Linear Programming Model for the Crew Re-Scheduling Problem Under Crew Unavailability in Urban Rail Transit,2026,VEHICLES,WOS:001775622300001,10.3390/vehicles8050104,survivor,False,False,other,railway/transit,,,removed_filterA,False,False,,,,,,,,,,,,
1210,Seismic risk assessment of bridges based on vulnerability analysis and tolerance theory,2026,EARTHQUAKES AND STRUCTURES,WOS:001706889700003,10.12989/eas.2026.30.2.177,survivor,False,False,vulnerability/risk/fragility-assessment,bridge/bridge-network,,,removed_filterA,False,False,,,,,,,,,,,,
1211,Seismic fragility of approach backfill differential settlement for statewide bridges in California,2022,SOIL DYNAMICS AND EARTHQUAKE ENGINEERING,WOS:000788738200001,10.1016/j.soildyn.2021.107049,survivor,False,False,vulnerability/risk/fragility-assessment,bridge/bridge-network,,,removed_filterA,False,False,,,,,,,,,,,,
1212,An analytical model for controlling disruptions on a metro line,2020,TRANSPORTATION RESEARCH PART C-EMERGING TECHNOLOGIES,WOS:000550161200011,10.1016/j.trc.2020.102669,survivor,False,False,other,railway/transit,,,removed_filterA,False,False,,,,,,,,,,,,
1213,Post-event electric taxis dispatch for enhancing resilience of distribution systems,2022,ENERGY REPORTS,WOS:000770818700002,10.1016/j.egyr.2022.02.097,survivor,False,False,restoration-scheduling/sequencing,interdependent-infrastructure-incl-transport,power-electricity-system,drop,removed_filterB_refined,False,False,,,,,,,,,,,,
1214,Assessing adaptive port resilience through AIS trajectories: Insights from five global hubs,2026,TRANSPORT POLICY,WOS:001640011300001,10.1016/j.tranpol.2025.103941,survivor,False,False,resilience-quantification/assessment,port/airport/maritime/waterway,,,removed_filterA+B,False,False,,,,,,,,,,,,
1215,Toward the Restoration of Caribou Habitat: Understanding Factors Associated with Human Motorized Use of Legacy Seismic Lines,2016,ENVIRONMENTAL MANAGEMENT,WOS:000385174700006,10.1007/s00267-016-0763-6,survivor,False,False,other,other,,,removed_filterA+B,False,False,,,,,,,,,,,,
1216,Cross-Asset Transportation Project Coordination with Integer Programming and Constraint Programming,2015,TRANSPORTATION RESEARCH RECORD,WOS:000363992700016,10.3141/2482-15,survivor,False,False,other,general-transportation-network,,,removed_filterA,False,False,,,,,,,,,,,,
1217,Resilience enhancement encryption strategy for cyber-physical energy systems under multiple extreme events based on edge graph computing,2026,RELIABILITY ENGINEERING \& SYSTEM SAFETY,WOS:001634755200002,10.1016/j.ress.2025.111992,excl_only_lifeline,False,True,,,,,excl_only_lifeline,False,False,,,,,,,,,,,,
1218,Innovative Fragility-Based Method for Failure Mechanisms and Damage Extension Analysis of Bridges,2022,INFRASTRUCTURES,WOS:000858577000001,10.3390/infrastructures7090122,survivor,False,False,vulnerability/risk/fragility-assessment,bridge/bridge-network,,,removed_filterA,False,False,,,,,,,,,,,,
1219,A Vessel Schedule Recovery Problem at the Liner Shipping Route with Emission Control Areas,2019,ENERGIES,WOS:000473821400153,10.3390/en12122380,survivor,False,False,other,port/airport/maritime/waterway,,,removed_filterA+B,False,False,,,,,,,,,,,,
1220,"Investigation and geogrid reinforced repair of the foxridge drive landslide, Mission, Kansas",2007,ENVIRONMENTAL \& ENGINEERING GEOSCIENCE,WOS:000248981000007,10.2113/gseegeosci.13.3.255,survivor,False,False,other,other,,,removed_filterA+B,False,False,,,,,,,,,,,,
1221,Recovery of disruptions in rapid transit networks,2013,TRANSPORTATION RESEARCH PART E-LOGISTICS AND TRANSPORTATION REVIEW,WOS:000319098400002,10.1016/j.tre.2013.01.013,survivor,False,False,other,railway/transit,,,removed_filterA,False,False,,,,,,,,,,,,
1222,Development of a slope failure database for Alabama highways,2020,BULLETIN OF ENGINEERING GEOLOGY AND THE ENVIRONMENT,WOS:000511500900028,10.1007/s10064-019-01543-w,survivor,False,False,hazard/damage-modeling,road/highway-network,,,removed_filterA,False,False,,,,,,,,,,,,
1223,"A Matheuristic for the Integrated Disruption Management of Traffic, Passengers and Stations in Urban Railway Lines",2022,IEEE TRANSACTIONS ON INTELLIGENT TRANSPORTATION SYSTEMS,WOS:000732204000001,10.1109/TITS.2021.3093570,survivor,False,False,other,railway/transit,,,removed_filterA,False,False,,,,,,,,,,,,
1224,Seismic Source Tracking With Six Degree-of-Freedom Ground Motion Observations,2021,JOURNAL OF GEOPHYSICAL RESEARCH-SOLID EARTH,WOS:000638091600063,10.1029/2020JB021112,survivor,False,False,other,other,,,removed_filterA+B,False,False,,,,,,,,,,,,
1225,Nonstationary spatial coherence modeling via wavelet packet transform and deep recurrent neural networks,2026,COMPUTER-AIDED CIVIL AND INFRASTRUCTURE ENGINEERING,WOS:001786843100001,10.1016/j.cacaie.2026.100076,survivor,False,False,other,bridge/bridge-network,,,removed_filterA,False,False,,,,,,,,,,,,
1226,Optimum post-disruption restoration under uncertainty for enhancing critical infrastructure resilience,2019,RELIABILITY ENGINEERING \& SYSTEM SAFETY,WOS:000459949900001,10.1016/j.ress.2018.12.002,excl_only_lifeline,False,True,,,,,excl_only_lifeline,False,False,,,,,,,,,,,,
1227,Shaking table tests of seismic-resilient post-tensioned reinforced concrete bridge piers with enhanced bases,2024,ENGINEERING STRUCTURES,WOS:001203301100001,10.1016/j.engstruct.2024.117690,survivor,False,False,network-design/retrofit/protection,bridge/bridge-network,,,removed_filterA,False,False,,,,,,,,,,,,
1228,Data-driven propagation and recovery of supply-demand imbalance in a metro system,2025,CONTROL ENGINEERING PRACTICE,WOS:001460496300001,10.1016/j.conengprac.2025.106339,survivor,False,False,empirical-recovery-analysis/prediction,railway/transit,,,removed_filterA,False,False,,,,,,,,,,,,
1229,Experimental evaluation on the seismic retrofit of self-centering CFST bridge piers with bottom encasements,2026,THIN-WALLED STRUCTURES,WOS:001635578000001,10.1016/j.tws.2025.114304,survivor,False,False,network-design/retrofit/protection,bridge/bridge-network,,,removed_filterA,False,False,,,,,,,,,,,,
1230,Resilience Evaluation and Renovation Strategies of Public Spaces in Old Communities from a Disaster-Adaptive Perspective,2024,SUSTAINABILITY,WOS:001304740700001,10.3390/su16166823,survivor,False,False,resilience-quantification/assessment,building/urban-area/community,,,removed_filterA+B,False,False,,,,,,,,,,,,
1231,The effect of slow zones on ridership: An analysis of the Chicago Transit Authority ``El{''} Blue Line,2016,TRANSPORTATION RESEARCH PART A-POLICY AND PRACTICE,WOS:000375366600002,10.1016/j.tra.2016.02.007,survivor,False,False,empirical-recovery-analysis/prediction,railway/transit,,,removed_filterA,False,False,,,,,,,,,,,,
1232,Seismic damage assessment for concrete bridge columns using maximum and residual displacement data synthesized via generative AI,2026,INTERNATIONAL JOURNAL OF DAMAGE MECHANICS,WOS:001794845100001,10.1177/10567895261460981,survivor,False,False,vulnerability/risk/fragility-assessment,bridge/bridge-network,,,removed_filterA,False,False,,,,,,,,,,,,
1233,Optimizing net present values of risk avoidance for mountain railway alignments with seismic performance evaluation,2024,COMPUTER-AIDED CIVIL AND INFRASTRUCTURE ENGINEERING,WOS:001104221200001,10.1111/mice.13125,survivor,False,False,network-design/retrofit/protection,railway/transit,,,removed_filterA,False,False,,,,,,,,,,,,
1234,An epsilon-constraint-based exact multi-objective optimization approach for the ship schedule recovery problem in liner shipping,2023,COMPUTERS \& INDUSTRIAL ENGINEERING,WOS:001053426100001,10.1016/j.cie.2023.109472,survivor,False,False,other,port/airport/maritime/waterway,,,removed_filterA+B,False,False,,,,,,,,,,,,
1235,Optimal Railway Disruption Bridging Using Heterogeneous Bus Fleets,2021,IEEE ACCESS,WOS:000673643500001,10.1109/ACCESS.2021.3091576,survivor,False,False,other,railway/transit,,,removed_filterA,False,False,,,,,,,,,,,,
1236,Study on the multi-criteria seismic mitigation optimization of a single pylon cable-stayed bridge across strike-slip fault rupture zones,2023,ENGINEERING STRUCTURES,WOS:000892089400001,10.1016/j.engstruct.2022.115228,survivor,False,False,network-design/retrofit/protection,bridge/bridge-network,,,removed_filterA,False,False,,,,,,,,,,,,
1237,Time-dependent seismic performance assessment of RC buildings exposed to corrosion,2023,STRUCTURES,WOS:000898671900001,10.1016/j.istruc.2022.11.117,survivor,False,False,vulnerability/risk/fragility-assessment,building/urban-area/community,,,removed_filterA+B,False,False,,,,,,,,,,,,
1238,Enhanced Metro Resilience Assessment Combining Dynamic Cascade-Based Simulation and Deep Learning-Based Attributed Graph Clustering,2025,IEEE TRANSACTIONS ON INTELLIGENT TRANSPORTATION SYSTEMS,WOS:001504197300001,10.1109/TITS.2025.3572111,survivor,False,False,resilience-quantification/assessment,railway/transit,,,removed_filterA,False,False,,,,,,,,,,,,
1239,Integrated optimization of metro and bridging bus operation under metro disruption,2026,CANADIAN JOURNAL OF CIVIL ENGINEERING,WOS:001625102500001,10.1139/cjce-2025-0189,survivor,False,False,other,railway/transit,,,removed_filterA,False,False,,,,,,,,,,,,
1240,Flood emergency traffic functionality assessment framework for riverine bridge under combined hydraulic loads and foundation scour,2026,STRUCTURES,WOS:001805771600001,10.1016/j.istruc.2026.112375,survivor,False,False,vulnerability/risk/fragility-assessment,bridge/bridge-network,,,removed_filterA,False,False,,,,,,,,,,,,
1241,Disruption Recovery for Urban Public Tram System: An Analysis of Replacement Service Selection,2020,IEEE ACCESS,WOS:000527684600099,10.1109/ACCESS.2020.2972445,survivor,False,False,other,railway/transit,,,removed_filterA,False,False,,,,,,,,,,,,
1242,Dynamical Signatures of Structural Connectivity Damage to a Model of the Brain Posed at Criticality,2016,BRAIN CONNECTIVITY,WOS:000448212700003,10.1089/brain.2016.0455,survivor,False,False,other,other,,,removed_filterA+B,False,False,,,,,,,,,,,,
1243,A Case Study of Ridership and Equity Implications of All-Day Massachusetts Bay Transportation Authority Commuter Rail Service,2025,TRANSPORTATION RESEARCH RECORD,WOS:001279800800001,10.1177/03611981241255020,survivor,False,False,empirical-recovery-analysis/prediction,railway/transit,,,removed_filterA,False,False,,,,,,,,,,,,
1244,Smart integration of non-destructive damage detection and life-cycle assessment for sustainable maintenance of coastal bridges,2026,SMART AND SUSTAINABLE BUILT ENVIRONMENT,WOS:001778349500001,10.1108/SASBE-11-2025-0691,survivor,False,False,other,bridge/bridge-network,,,removed_filterA,False,False,,,,,,,,,,,,
1245,Analysis of general functional bearing model in a single-span bridge to identify structure response and suitable friction coefficient under near- and far-fault earthquakes,2022,JOURNAL OF MECHANICS,WOS:000907967200001,10.1093/jom/ufac041,survivor,False,False,network-design/retrofit/protection,bridge/bridge-network,,,removed_filterA,False,False,,,,,,,,,,,,
1246,"Controllable Uplift-Rocking Bridges With Tall Double-Column Bents: Concept, Analytical Model, and Seismic Behavior",2025,EARTHQUAKE ENGINEERING \& STRUCTURAL DYNAMICS,WOS:001511075600001,10.1002/eqe.70010,survivor,False,False,network-design/retrofit/protection,bridge/bridge-network,,,removed_filterA,False,False,,,,,,,,,,,,
1247,Rescheduling a metro line in an over-crowded situation after disruptions,2016,TRANSPORTATION RESEARCH PART B-METHODOLOGICAL,WOS:000388050500022,10.1016/j.trb.2016.08.011,survivor,False,False,other,railway/transit,,,removed_filterA,False,False,,,,,,,,,,,,
1248,An efficient entropy-based global sensitivity analysis of bridge seismic demand based on a novel three-point-estimate method,2022,STRUCTURAL AND MULTIDISCIPLINARY OPTIMIZATION,WOS:000749210100002,10.1007/s00158-022-03171-7,survivor,False,False,vulnerability/risk/fragility-assessment,bridge/bridge-network,,,removed_filterA,False,False,,,,,,,,,,,,
1249,Predicting the thermal maturity of source rock from well logs and seismic data in basins with low-degree exploration,2024,JOURNAL OF APPLIED GEOPHYSICS,WOS:001175065900001,10.1016/j.jappgeo.2024.105300,survivor,False,False,other,other,,,removed_filterA+B,False,False,,,,,,,,,,,,
1250,Post-earthquake residual track irregularities prediction using wavelet-packet-transformation-powered domain adaptive neural network,2025,ENGINEERING APPLICATIONS OF ARTIFICIAL INTELLIGENCE,WOS:001533640200004,10.1016/j.engappai.2025.111695,survivor,False,False,hazard/damage-modeling,railway/transit,,,removed_filterA,False,False,,,,,,,,,,,,
1251,Time-Dependent Probability of Exceeding a Target Level of Recovery,2019,ASCE-ASME JOURNAL OF RISK AND UNCERTAINTY IN ENGINEERING SYSTEMS PART A-CIVIL ENGINEERING,WOS:000498060700001,10.1061/AJRUA6.0001019,survivor,False,False,empirical-recovery-analysis/prediction,bridge/bridge-network,,,removed_filterA,False,False,,,,,,,,,,,,
1252,Long-Term Urban Epidemic and Disaster Resilience: The Planning and Assessment of a Comprehensive Underground Resilience Core,2023,BUILDINGS,WOS:000996875000001,10.3390/buildings13051292,survivor,False,False,resilience-quantification/assessment,building/urban-area/community,,,removed_filterA+B,False,False,,,,,,,,,,,,
1253,A synthetic indicator for structuring resilient public transport operation,2024,SUSTAINABLE AND RESILIENT INFRASTRUCTURE,WOS:001217372300001,10.1080/23789689.2024.2346705,survivor,False,False,resilience-quantification/assessment,railway/transit,,,removed_filterA,False,False,,,,,,,,,,,,
1254,"Reconstructing Three-Dimensional Geological Structures by Combining Cross-Sections and CT Images: A Case Study of A Metro Station in Guangzhou, Southern China",2026,GEOLOGICAL JOURNAL,WOS:001720507100001,10.1002/gj.70275,survivor,False,False,other,other,,,removed_filterA+B,False,False,,,,,,,,,,,,
1255,Seismic Behavior of Strengthened RC Columns under Combined Loadings,2022,JOURNAL OF BRIDGE ENGINEERING,WOS:000782623800002,10.1061/(ASCE)BE.1943-5592.0001871,survivor,False,False,network-design/retrofit/protection,building/urban-area/community,,,removed_filterA+B,False,False,,,,,,,,,,,,
1256,Multi-Leakage Detection Using Graph Attention Networks and Restoration Prioritization in Water Distribution Systems,2026,CMES-COMPUTER MODELING IN ENGINEERING \& SCIENCES,WOS:001714506000001,10.32604/cmes.2026.077480,excl_only_lifeline,False,True,,,,,excl_only_lifeline,False,False,,,,,,,,,,,,
1257,Collaborative optimization of rescue operation and timetable rescheduling under metro train failure,2023,TRANSPORTMETRICA B-TRANSPORT DYNAMICS,WOS:000975155000001,10.1080/21680566.2023.2203847,survivor,False,False,other,railway/transit,,,removed_filterA,False,False,,,,,,,,,,,,
1258,The Development of PSO-ANN and BOA-ANN Models for Predicting Matric Suction in Expansive Clay Soil,2022,MATHEMATICS,WOS:000845512300001,10.3390/math10162825,survivor,False,False,hazard/damage-modeling,road/highway-network,,,removed_filterA,False,False,,,,,,,,,,,,
1259,Dynamic resilience assessment of urban metro networks: A high-resolution simulation approach for post-disruption recovery analysis,2026,RELIABILITY ENGINEERING \& SYSTEM SAFETY,WOS:001616775500007,10.1016/j.ress.2025.111857,survivor,False,False,resilience-quantification/assessment,railway/transit,,,removed_filterA,False,False,,,,,,,,,,,,
1260,Multi-objective optimization design method of RC double-column bridge piers with cable-pulley based self-centering energy dissipation (CP-SCED) braces,2025,ENGINEERING STRUCTURES,WOS:001591206200001,10.1016/j.engstruct.2025.121171,survivor,False,False,network-design/retrofit/protection,bridge/bridge-network,,,removed_filterA,False,False,,,,,,,,,,,,
1261,Decision Factors in Service Control on High-Frequency Metro Line Importance in Service Delivery,2010,TRANSPORTATION RESEARCH RECORD,WOS:000285277000007,10.3141/2146-07,survivor,False,False,other,railway/transit,,,removed_filterA,False,False,,,,,,,,,,,,
1262,A Fully Precast Pier System for Accelerated Bridge Construction in Seismic Regions,2023,JOURNAL OF BRIDGE ENGINEERING,WOS:001049139300002,10.1061/JBENF2.BEENG-6154,survivor,False,False,network-design/retrofit/protection,bridge/bridge-network,,,removed_filterA,False,False,,,,,,,,,,,,
1264,Resilience assessment of liner shipping networks: Considering the interactive effects of transit time and node recovery,2026,RELIABILITY ENGINEERING \& SYSTEM SAFETY,WOS:001761518500001,10.1016/j.ress.2026.112789,survivor,False,False,resilience-quantification/assessment,port/airport/maritime/waterway,,,removed_filterA+B,False,False,,,,,,,,,,,,
1265,Improving robustness of rolling stock circulations in rapid transit networks,2014,COMPUTERS \& OPERATIONS RESEARCH,WOS:000341473200013,10.1016/j.cor.2014.05.007,survivor,False,False,other,railway/transit,,,removed_filterA,False,False,,,,,,,,,,,,
1266,"Equitable transportation and resilience hubs: Analysis of underserved population needs, usage, and travel behaviour",2025,TRANSPORTATION RESEARCH INTERDISCIPLINARY PERSPECTIVES,WOS:001407528400001,10.1016/j.trip.2024.101314,survivor,False,False,empirical-recovery-analysis/prediction,building/urban-area/community,,,removed_filterA+B,False,False,,,,,,,,,,,,
1267,Toward Community-Centered Planning of Infrastructure Restorations by Integrating Community Demographics and Public Facilities,2025,JOURNAL OF MANAGEMENT IN ENGINEERING,WOS:001446364600012,10.1061/JMENEA.MEENG-6331,excl_only_lifeline,False,True,,,,,excl_only_lifeline,False,False,,,,,,,,,,,,
1268,A Bayesian trust-based hybrid truck-drone coalition framework for resilient and sustainable last-mile delivery,2026,ANNALS OF OPERATIONS RESEARCH,WOS:001756660100001,10.1007/s10479-026-07243-5,survivor,False,False,other,supply-chain/facility,,,removed_filterA+B,False,False,,,,,,,,,,,,
1269,Determining the Most Economical Work Zone Lengths for Rural Highway Rehabilitation Projects,2023,JOURNAL OF MANAGEMENT IN ENGINEERING,WOS:000914641800016,10.1061/JMENEA.MEENG-5153,survivor,False,False,other,road/highway-network,,,removed_filterA,False,False,,,,,,,,,,,,
1270,Pavement surface distress evaluation using a terrestrial laser scanner,2023,INFRASTRUCTURE ASSET MANAGEMENT,WOS:001012366700001,10.1680/jinam.22.00014,survivor,False,False,other,road/highway-network,,,removed_filterA,False,False,,,,,,,,,,,,
1271,Inventory Policies and Supply Chain Coordination under Logistics Route Disruption Risks,2023,SUSTAINABILITY,WOS:001031190100001,10.3390/su151310093,survivor,False,False,other,supply-chain/facility,,,removed_filterA+B,False,False,,,,,,,,,,,,
1272,A reactive container rerouting model for container flow recovery in a hub-and-spoke liner shipping network,2017,MARITIME POLICY \& MANAGEMENT,WOS:000407519400005,10.1080/03088839.2017.1319580,survivor,False,False,other,port/airport/maritime/waterway,,,removed_filterA+B,False,False,,,,,,,,,,,,
1273,Integrated metro train rescheduling and rolling stock circulation adjustment for a complete blockage,2025,INTERNATIONAL JOURNAL OF RAIL TRANSPORTATION,WOS:001590112200001,10.1080/23248378.2025.2564787,survivor,False,False,other,railway/transit,,,removed_filterA,False,False,,,,,,,,,,,,
1274,Multicriteria Decision-Making Approach for Highway Slope Hazard Management,2010,JOURNAL OF INFRASTRUCTURE SYSTEMS,WOS:000274523700006,10.1061/(ASCE)1076-0342(2010)16:1(50),survivor,False,False,vulnerability/risk/fragility-assessment,road/highway-network,,,removed_filterA,False,False,,,,,,,,,,,,
1275,Post-Disaster Recovery as a Multidimensional Process: A Systematic Literature Review of Relational Dynamics and Pathway-Dependent Outcomes,2026,JOURNAL OF CONTINGENCIES AND CRISIS MANAGEMENT,WOS:001799103800001,10.1111/1468-5973.70182,survivor,False,False,other,other,,,removed_filterA+B,False,True,,,,,,,,,,,,
1276,Fuel Bunker Management Strategies Within Sustainable Container Shipping Operation Considering Disruption and Recovery Policies,2021,IEEE TRANSACTIONS ON ENGINEERING MANAGEMENT,WOS:000652795400013,10.1109/TEM.2019.2923342,survivor,False,False,other,port/airport/maritime/waterway,,,removed_filterA+B,False,False,,,,,,,,,,,,
1277,Disruption Recovery in Passenger Railways International Survey,2013,TRANSPORTATION RESEARCH RECORD,WOS:000326063800003,10.3141/2353-03,survivor,False,False,empirical-recovery-analysis/prediction,railway/transit,,,removed_filterA,False,False,,,,,,,,,,,,
1278,First use of artificial canopy bridge by the world's most critically endangered primate the Hainan gibbon Nomascus hainanus,2020,SCIENTIFIC REPORTS,WOS:000582702700001,10.1038/s41598-020-72641-z,survivor,False,False,other,other,,,removed_filterA+B,False,False,,,,,,,,,,,,
1279,Fundamentals of Shape Memory Alloy-Rubber Bearing Seismic Design and Assessment,2017,JOURNAL OF MATERIALS IN CIVIL ENGINEERING,WOS:000400522100028,10.1061/(ASCE)MT.1943-5533.0001921,survivor,False,False,network-design/retrofit/protection,bridge/bridge-network,,,removed_filterA,False,False,,,,,,,,,,,,
1280,Motorized Activity on Legacy Seismic Lines: A Predictive Modeling Approach to Prioritize Restoration Efforts,2018,ENVIRONMENTAL MANAGEMENT,WOS:000443834900013,10.1007/s00267-018-1063-0,survivor,False,False,other,other,,,removed_filterA+B,False,False,,,,,,,,,,,,
1281,Geomorphological evidence of the Malta-Sicily land-bridge during the Last Glacial Maximum inferred from seismic profiles,2025,EARTH SURFACE PROCESSES AND LANDFORMS,WOS:001414089700001,10.1002/esp.6061,survivor,False,False,other,other,,,removed_filterA+B,False,False,,,,,,,,,,,,
1282,Dynamic Performance of a Geosynthetic-Reinforced Soil Bridge Abutment in a Shaking Table Test,2025,INTERNATIONAL JOURNAL OF GEOMECHANICS,WOS:001518906000001,10.1061/IJGNAI.GMENG-11356,survivor,False,False,vulnerability/risk/fragility-assessment,bridge/bridge-network,,,removed_filterA,False,False,,,,,,,,,,,,
1283,Hysteretic behavior of shear panel damper with different corrugation profiles for double-column bridge piers,2026,CONSTRUCTION AND BUILDING MATERIALS,WOS:001682010900001,10.1016/j.conbuildmat.2026.145445,survivor,False,False,network-design/retrofit/protection,bridge/bridge-network,,,removed_filterA,False,False,,,,,,,,,,,,
1284,Resilience-based optimization model for emergency bus bridging and dispatching in response to metro operational disruptions,2023,PLOS ONE,WOS:000987392900001,10.1371/journal.pone.0277577,survivor,False,False,other,railway/transit,,,removed_filterA,False,False,,,,,,,,,,,,
1285,The inter-history iteration method for seismic response analysis of seismically isolated structures and its secondary development based on ABAQUS,2024,STRUCTURAL DESIGN OF TALL AND SPECIAL BUILDINGS,WOS:001126886200001,10.1002/tal.2078,survivor,False,False,other,other,,,removed_filterA+B,False,False,,,,,,,,,,,,
1286,Optimizing Disruption Tolerance for Rail Transit Networks Under Uncertainty,2021,TRANSPORTATION SCIENCE,WOS:000718930200013,10.1287/trsc.2021.1040,survivor,False,False,network-design/retrofit/protection,railway/transit,,,removed_filterA,False,False,,,,,,,,,,,,
1287,Statistical inference of boarding and alighting counts in transit systems with incomplete data,2026,TRANSPORTATION RESEARCH PART C-EMERGING TECHNOLOGIES,WOS:001640456200001,10.1016/j.trc.2025.105484,survivor,False,False,other,railway/transit,,,removed_filterA,False,False,,,,,,,,,,,,
1288,Driving safety risk evaluation for tunnel reinforcement based on matter-element model,2025,TRAFFIC INJURY PREVENTION,WOS:001395471300001,10.1080/15389588.2024.2405641,survivor,False,False,other,road/highway-network,,,removed_filterA,False,False,,,,,,,,,,,,
1289,Application of an iterative framework for real-time railway rescheduling,2017,COMPUTERS \& OPERATIONS RESEARCH,WOS:000390071400017,10.1016/j.cor.2016.08.011,survivor,False,False,other,railway/transit,,,removed_filterA,False,False,,,,,,,,,,,,
1290,Application of machine learning techniques for creating urban microbial fingerprints,2019,BIOLOGY DIRECT,WOS:000481741300001,10.1186/s13062-019-0245-x,survivor,False,False,other,other,,,removed_filterA+B,False,False,,,,,,,,,,,,
1291,GIS-based highway maintenance prioritization model: an integrated approach for highway maintenance in Nepal mountains,2010,JOURNAL OF TRANSPORT GEOGRAPHY,WOS:000276473200010,10.1016/j.jtrangeo.2009.06.016,survivor,False,False,other,road/highway-network,,,removed_filterA,False,False,,,,,,,,,,,,
1292,Propagation-Based Network Partitioning Strategies for Parallel Power System Restoration With Variable Renewable Generation Resources,2021,IEEE ACCESS,WOS:000712562100001,10.1109/ACCESS.2021.3122799,excl_only_lifeline,False,True,,,,,excl_only_lifeline,False,False,,,,,,,,,,,,
1293,GeoGMI: A generative adversarial framework for virtual 89 GHz microwave brightness temperature retrieval from geo-kompsat-2A infrared observations for tropical cyclone monitoring,2026,ATMOSPHERIC RESEARCH,WOS:001700541300001,10.1016/j.atmosres.2026.108855,survivor,False,False,other,other,,,removed_filterA+B,False,False,,,,,,,,,,,,
1294,"Sequence stratigraphy analysis and lithofacies paleogeography reconstruction of isolated platform in a rift lake basin: Implications for deepwater hydrocarbon exploration in the subsalt of Santos Basin, Brazil",2025,PETROLEUM EXPLORATION AND DEVELOPMENT,WOS:001575665100001,10.1016/S1876-3804(25)60617-3,survivor,False,False,other,other,,,removed_filterA+B,False,False,,,,,,,,,,,,
1295,A new bridge management system based on spatial database and open source GIS,2024,ENVIRONMENT SYSTEMS \& DECISIONS,WOS:001615771700002,10.1007/s10669-023-09949-4,survivor,False,False,other,bridge/bridge-network,,,removed_filterA,False,False,,,,,,,,,,,,
1296,Interactive Visualization for the GTFS and GTFS-RT Data of Budapest,2025,ISPRS INTERNATIONAL JOURNAL OF GEO-INFORMATION,WOS:001535366400001,10.3390/ijgi14070245,survivor,False,False,other,railway/transit,,,removed_filterA,False,False,,,,,,,,,,,,
1297,"Large language models and AI agents in disaster-resilient infrastructure: concepts, applications, pathways, and challenges",2026,RELIABILITY ENGINEERING \& SYSTEM SAFETY,WOS:001710296000001,10.1016/j.ress.2026.112497,survivor,False,False,other,other,,,removed_filterA+B,False,True,,,,,,,,,,,,
1298,Resilience Constrained Scheduling of Mobile Emergency Resources in Electricity-Hydrogen Distribution Network,2023,IEEE TRANSACTIONS ON SUSTAINABLE ENERGY,WOS:000966845200001,10.1109/TSTE.2022.3217514,survivor,False,False,restoration-scheduling/sequencing,interdependent-infrastructure-incl-transport,power-electricity-system,drop,removed_filterB_refined,False,False,,,,,,,,,,,,
1299,Robust bus bridging service design under rail transit system disruptions,2019,TRANSPORTATION RESEARCH PART E-LOGISTICS AND TRANSPORTATION REVIEW,WOS:000501401100007,10.1016/j.tre.2019.10.008,survivor,False,False,other,railway/transit,,,removed_filterA,False,False,,,,,,,,,,,,
1300,From railway disruptions to recovery: An improved Benders decomposition for the dynamic train timetable rescheduling and rolling stock reassignment,2026,COMPUTERS \& INDUSTRIAL ENGINEERING,WOS:001659564500001,10.1016/j.cie.2025.111794,survivor,False,False,other,railway/transit,,,removed_filterA,False,False,,,,,,,,,,,,
1301,Data-driven model to predict the residual drift of precast concrete columns,2024,JOURNAL OF BUILDING ENGINEERING,WOS:001179990300001,10.1016/j.jobe.2024.108650,survivor,False,False,vulnerability/risk/fragility-assessment,building/urban-area/community,,,removed_filterA+B,False,False,,,,,,,,,,,,
1302,Water Distribution Influenced by Pavement Alignment Design,2020,JOURNAL OF TRANSPORTATION ENGINEERING PART B-PAVEMENTS,WOS:000619177800007,10.1061/JPEODX.0000217,survivor,False,False,other,road/highway-network,,,removed_filterA,False,False,,,,,,,,,,,,
1303,Study on Thermodynamic Mechanism and Engineering Application of Artificial Ground Freezing Method in Water Inrush Prevention of Metro Tunnels,2025,INTERNATIONAL JOURNAL OF HEAT AND TECHNOLOGY,WOS:001629688100031,10.18280/ijht.430531,survivor,False,False,other,railway/transit,,,removed_filterA,False,False,,,,,,,,,,,,
1304,"Improving urban emergency medical service systems through brownfield transformation in Huangshi, China",2024,SCIENTIFIC REPORTS,WOS:001258865400026,10.1038/s41598-024-66080-3,survivor,False,False,post-disaster-relief-logistics/distribution,building/urban-area/community,,,removed_filterA+B,False,False,,,,,,,,,,,,
1306,Does bus bunching happen inevitably: The counteraction between link and stop headway deviations?,2022,TRANSPORTATION RESEARCH PART C-EMERGING TECHNOLOGIES,WOS:000841196300001,10.1016/j.trc.2022.103828,survivor,False,False,empirical-recovery-analysis/prediction,railway/transit,,,removed_filterA,False,False,,,,,,,,,,,,
1307,A Robust Mixed-Integer Linear Programming Model for Mitigating Rail Transit Disruptions Under Uncertainty,2020,TRANSPORTATION SCIENCE,WOS:000567549700014,10.1287/trsc.2020.0998,survivor,False,False,other,railway/transit,,,removed_filterA,False,False,,,,,,,,,,,,
1308,"Machine learning-aided deterministic, partially probabilistic, and fully probabilistic seismic resilience assessment methods for highway bridges",2026,STRUCTURAL SAFETY,WOS:001583049500001,10.1016/j.strusafe.2025.102651,survivor,False,False,resilience-quantification/assessment,bridge/bridge-network,,,removed_filterA,False,False,,,,,,,,,,,,
1309,Path-choice-constrained bus bridging design under urban rail transit disruptions,2024,TRANSPORTATION RESEARCH PART E-LOGISTICS AND TRANSPORTATION REVIEW,WOS:001267597000001,10.1016/j.tre.2024.103637,survivor,False,False,other,railway/transit,,,removed_filterA,False,False,,,,,,,,,,,,
1310,"Integration of Schedule, Cost, Traffic, and Risk into the Determination of Construction Contract Times",2022,JOURNAL OF MANAGEMENT IN ENGINEERING,WOS:000853929900002,10.1061/(ASCE)ME.1943-5479.0001089,survivor,False,False,other,road/highway-network,,,removed_filterA,False,False,,,,,,,,,,,,
1311,Dynamic simulation of urban agglomeration network resilience under disturbances: An integrated deep learning and agent-based approach-Case study of the Beijing-Tianjin-Hebei region,2026,SUSTAINABLE CITIES AND SOCIETY,WOS:001707025300001,10.1016/j.scs.2026.107253,survivor,False,False,resilience-quantification/assessment,building/urban-area/community,,,removed_filterA+B,False,False,,,,,,,,,,,,
1312,Parameter Sensitivity Analysis and Identification of an Improved Symmetrical Hysteretic Model for RC Hollow Columns,2022,SYMMETRY-BASEL,WOS:000802611800001,10.3390/sym14050945,survivor,False,False,other,building/urban-area/community,,,removed_filterA+B,False,False,,,,,,,,,,,,
1313,Effect of data drift on the performance of machine-learning models: Seismic damage prediction for aging bridges,2024,EARTHQUAKE ENGINEERING \& STRUCTURAL DYNAMICS,WOS:001306242500001,10.1002/eqe.4230,survivor,False,False,vulnerability/risk/fragility-assessment,bridge/bridge-network,,,removed_filterA,False,False,,,,,,,,,,,,
1314,Two-Stage Model for Optimized Mitigation and Recovery of Bridge Network with Final Goal of Resilience,2020,TRANSPORTATION RESEARCH RECORD,WOS:000556129400001,10.1177/0361198120935450,survivor,False,False,restoration-scheduling/sequencing,bridge/bridge-network,,,kept,True,False,multi-criteria/composite,user-equilibrium,exact/MILP/math-programming,a-priori/static-schedule,static-demand,stochastic/scenario-based,ok,22,3.1,False,,False
1315,Study on the seismic damage and dynamic support of roadway surrounding rock based on reconstructive transverse and longitudinal waves,2023,ADVANCES IN GEO-ENERGY RESEARCH,WOS:001071834200004,10.46690/ager.2023.09.04,survivor,False,False,other,other,,,removed_filterA+B,False,False,,,,,,,,,,,,
1316,Shaking table tests on seismic performance of continuous girder bridge substructure repaired on the basis of BFRP-EP,2025,STRUCTURES,WOS:001483080400001,10.1016/j.istruc.2025.108932,survivor,False,False,network-design/retrofit/protection,bridge/bridge-network,,,removed_filterA,False,False,,,,,,,,,,,,
1317,"GRAVITY DEPOSITIONAL SYSTEMS AND SEDIMENTARY MEGASEQUENCE OF THE NUMIDIAN FLYSCH FORMATION, NORTH AND EAST OF THE GRANDE KABYLIE MASSIF (ALGERIA)",1992,GEODINAMICA ACTA,WOS:A1992KX21800001,10.1080/09853111.1992.11105229,survivor,False,False,other,other,,,removed_filterA+B,False,False,,,,,,,,,,,,
1318,Combined Surface-Subsurface Stream Restoration Structures Can Optimize Hyporheic Attenuation of Stream Water Contaminants,2023,ENVIRONMENTAL SCIENCE \& TECHNOLOGY,WOS:000942327600001,10.1021/acs.est.2c05967,survivor,False,False,other,other,,,removed_filterA+B,False,False,,,,,,,,,,,,
1319,"CONDITIONS OF FORMATION OF PYRRHOTITE AND GREIGITE IN SEDIMENTS OF BAKCHAR DEPOSIT, WESTERN SIBERIA",2017,BULLETIN OF THE TOMSK POLYTECHNIC UNIVERSITY-GEO ASSETS ENGINEERING,WOS:000425622800010,,survivor,False,False,other,other,,,removed_filterA+B,False,False,,,,,,,,,,,,
1320,Seismic Performance of a Rocking Pile Group Supporting a Bridge Pier,2025,JOURNAL OF GEOTECHNICAL AND GEOENVIRONMENTAL ENGINEERING,WOS:001364592100017,10.1061/JGGEFK.GTENG-12578,survivor,False,False,vulnerability/risk/fragility-assessment,bridge/bridge-network,,,removed_filterA,False,False,,,,,,,,,,,,
1321,"Gaps in disaster cost reporting and rising economic burdens in Canada, 1990-2020: retrospective database analysis",2026,LANCET REGIONAL HEALTH-AMERICAS,WOS:001724464600001,10.1016/j.lana.2026.101445,survivor,False,False,empirical-recovery-analysis/prediction,other,,,removed_filterA+B,False,False,,,,,,,,,,,,
1322,Research on the Seismic Mitigation and Isolation Performance of DPSR-MRD in Bridges and Shake Table Tests,2026,TRANSPORTATION RESEARCH RECORD,WOS:001707143400001,10.1177/03611981251413236,survivor,False,False,network-design/retrofit/protection,bridge/bridge-network,,,removed_filterA,False,False,,,,,,,,,,,,
1323,Resilient ventilation network construction in complex underground mining environments: A holistic strategy from resilience perception to resilience enhancement,2026,RELIABILITY ENGINEERING \& SYSTEM SAFETY,WOS:001733197300001,10.1016/j.ress.2026.112634,survivor,False,False,resilience-quantification/assessment,other,,,removed_filterA+B,False,False,,,,,,,,,,,,
1324,Stairway to heaven or highway to hell? How characteristics of forest roads shape their use by large mammals in the boreal forest,2022,FOREST ECOLOGY AND MANAGEMENT,WOS:000784302600009,10.1016/j.foreco.2022.120108,survivor,False,False,other,other,,,removed_filterA+B,False,False,,,,,,,,,,,,
1325,COMPENSATION DECISIONS ON DISRUPTION RECOVERY SERVICE IN URBAN RAIL TRANSIT,2019,PROMET-TRAFFIC \& TRANSPORTATION,WOS:000482647500001,10.7307/ptt.v31i4.2985,survivor,False,False,other,railway/transit,,,removed_filterA,False,False,,,,,,,,,,,,
1326,Saccharomyces cerevisiae possesses two functional homologues of Escherichia coli endonuclease III,1998,BIOCHEMISTRY,WOS:000073489700032,10.1021/bi973042h,survivor,False,False,other,other,,,removed_filterA+B,False,False,,,,,,,,,,,,
1327,Risk Analysis of Connecticut Department of Transportation Projects during the COVID-19 Pandemic,2024,PRACTICE PERIODICAL ON STRUCTURAL DESIGN AND CONSTRUCTION,WOS:001252127900006,10.1061/PPSCFX.SCENG-1409,survivor,False,False,empirical-recovery-analysis/prediction,general-transportation-network,,,removed_filterA,False,False,,,,,,,,,,,,
1328,Addressing COVID-induced changes in spatiotemporal travel mobility and community structure utilizing trip data: An innovative graph-based deep learning approach,2024,TRANSPORTATION RESEARCH PART A-POLICY AND PRACTICE,WOS:001170775800001,10.1016/j.tra.2024.103973,survivor,False,False,empirical-recovery-analysis/prediction,general-transportation-network,,,removed_filterA,False,False,,,,,,,,,,,,
1329,Robust watermarking for diffusion models using error-correcting codes and post-quantum key encapsulation,2026,FRONTIERS IN PHYSICS,WOS:001677226700001,10.3389/fphy.2025.1750515,survivor,False,False,other,other,,,removed_filterA+B,False,False,,,,,,,,,,,,
1330,Socioeconomic Vulnerability-Based Resilience Assessment Metric for Power Distribution Systems,2026,IEEE ACCESS,WOS:001658643000012,10.1109/ACCESS.2025.3650102,excl_only_lifeline,False,True,,,,,excl_only_lifeline,False,False,,,,,,,,,,,,
1331,Herb Pair of Aurantii Fructus Immaturus-Atractylodis Macrocephalae Rhizoma Alleviates Slow-Transit Constipation in Rats by Regulating Mitophagy and Modulating Gut Microbiota,2026,NEUROGASTROENTEROLOGY AND MOTILITY,WOS:001760325800001,10.1111/nmo.70341,survivor,False,False,other,other,,,removed_filterA+B,False,False,,,,,,,,,,,,
1332,Trapping Large Wood Debris in Rivers: Experimental Study of Novel Debris Retention System,2021,JOURNAL OF HYDRAULIC ENGINEERING,WOS:000672343900010,10.1061/(ASCE)HY.1943-7900.0001859,survivor,False,False,other,other,,,removed_filterA+B,False,False,,,,,,,,,,,,
1333,Acoustic Waveform Inversion with Image-To-Image Schrödinger Bridges,2025,COMPUTATIONAL MATHEMATICS AND MATHEMATICAL PHYSICS,WOS:001578318900002,10.1134/S0965542525700964,survivor,False,False,other,other,,,removed_filterA+B,False,False,,,,,,,,,,,,
1334,KAHRAMANMARAS GRAND BAZAAR,2023,SANAT TARIHI DERGISI-JOURNAL OF ART HISTORY,WOS:001165525700001,10.29135/std.1298288,survivor,False,False,other,other,,,removed_filterA+B,False,False,,,,,,,,,,,,
1335,Bi-objective optimization of last-train timetabling with multimodal coordination in urban transportation,2023,TRANSPORTATION RESEARCH PART C-EMERGING TECHNOLOGIES,WOS:001147960700001,10.1016/j.trc.2023.104260,survivor,False,False,other,railway/transit,,,removed_filterA,False,False,,,,,,,,,,,,
1336,Novel external dissipative device for rocking bridge columns: Resilient rotational friction elements,2025,STRUCTURES,WOS:001504673800005,10.1016/j.istruc.2025.109317,survivor,False,False,network-design/retrofit/protection,bridge/bridge-network,,,removed_filterA,False,False,,,,,,,,,,,,
1337,Efficient 3-D Seismic Interpolation via Self-Supervised Learning With Dip-Selective Radon-Domain Gating,2026,IEEE TRANSACTIONS ON GEOSCIENCE AND REMOTE SENSING,WOS:001767268600014,10.1109/TGRS.2026.3691654,survivor,False,False,other,other,,,removed_filterA+B,False,False,,,,,,,,,,,,
1338,Restructuring of the state-market relations in Turkey: an analysis of infrastructure failures in the transportation sector,2026,NEW POLITICAL ECONOMY,WOS:001764413100001,10.1080/13563467.2026.2669553,survivor,False,False,other,general-transportation-network,,,removed_filterA,False,False,,,,,,,,,,,,
1339,Emergency Megaproject Case Study Protest: The Interstate Highway 35 West Bridge,2017,JOURNAL OF LEGAL AFFAIRS AND DISPUTE RESOLUTION IN ENGINEERING AND CONSTRUCTION,WOS:000442837600004,10.1061/(ASCE)LA.1943-4170.0000216,survivor,False,False,other,bridge/bridge-network,,,removed_filterA,False,False,,,,,,,,,,,,
1340,Wind Tunnel Experiments of Wind-Sand Environment for Different Width Subgrades,2025,SUSTAINABILITY,WOS:001571521200001,10.3390/su17177875,survivor,False,False,hazard/damage-modeling,road/highway-network,,,removed_filterA,False,False,,,,,,,,,,,,
1342,Pandemic precarity: COVID-19 is exposing and exacerbating inequalities in the American heartland,2021,PROCEEDINGS OF THE NATIONAL ACADEMY OF SCIENCES OF THE UNITED STATES OF AMERICA,WOS:000621797000060,10.1073/pnas.2020685118,survivor,False,False,other,other,,,removed_filterA+B,False,False,,,,,,,,,,,,
1343,Field monitoring and numerical analysis of a novel micro-disturbance partial freezing technology: A case study of the first Bangkok power tunnel rehabilitation project in Thailand,2026,TUNNELLING AND UNDERGROUND SPACE TECHNOLOGY,WOS:001759660900001,10.1016/j.tust.2026.107713,survivor,False,False,other,other,,,removed_filterA+B,False,False,,,,,,,,,,,,
1344,On strategic multistage operational two-stage stochastic 0-1 optimization for the Rapid Transit Network Design problem,2018,EUROPEAN JOURNAL OF OPERATIONAL RESEARCH,WOS:000440960300015,10.1016/j.ejor.2018.05.041,survivor,False,False,network-design/retrofit/protection,railway/transit,,,removed_filterA,False,False,,,,,,,,,,,,
1345,"Tradition, values, and religion in a center-periphery explanation of disaster governance",2026,ASIA PACIFIC JOURNAL OF PUBLIC ADMINISTRATION,WOS:001683385100001,10.1080/23276665.2026.2619894,survivor,False,False,other,other,,,removed_filterA+B,False,False,,,,,,,,,,,,
1346,Electric Boats and Electric Vehicles Data-Driven Approach for Enhanced Resilience in Power Distribution Networks,2025,IEEE ACCESS,WOS:001464894900004,10.1109/ACCESS.2025.3558095,survivor,False,False,restoration-scheduling/sequencing,interdependent-infrastructure-incl-transport,power-electricity-system,drop,removed_filterB_refined,False,False,,,,,,,,,,,,
1347,A framework for collaborative UAM traffic flow optimization with mission preferences: Incorporating customized strategy synergy into strategic conflict management,2025,TRANSPORTATION RESEARCH PART E-LOGISTICS AND TRANSPORTATION REVIEW,WOS:001534234400001,10.1016/j.tre.2025.104326,survivor,False,False,other,general-transportation-network,,,removed_filterA,False,False,,,,,,,,,,,,
1348,`WildLift': An Open-Source Tool to Guide Decisions for Wildlife Conservation,2020,FRONTIERS IN ECOLOGY AND EVOLUTION,WOS:000580540400001,10.3389/fevo.2020.564508,survivor,False,False,other,other,,,removed_filterA+B,False,False,,,,,,,,,,,,
1349,Vertical Structure of Near-Surface Sediments in the Central Parts of the Yaghan and Scan Basins (Scotia Sea),2018,OCEANOLOGY,WOS:000446502900010,10.1134/S0001437018040082,survivor,False,False,other,other,,,removed_filterA+B,False,False,,,,,,,,,,,,
1350,Laboratory study on fish behavioral response to meandering flow and riffle-pool sequence driven by deflectors in straight concrete flood channels,2021,JOURNAL OF HYDROLOGY,WOS:000661813200031,10.1016/j.jhydrol.2020.125736,survivor,False,False,other,other,,,removed_filterA+B,False,False,,,,,,,,,,,,
1351,Quantifying blood-brain barrier permeability in patients with ischemic stroke using non-contrast MRI,2024,MAGNETIC RESONANCE IMAGING,WOS:001218254700001,10.1016/j.mri.2024.03.027,survivor,False,False,other,other,,,removed_filterA+B,False,False,,,,,,,,,,,,
1352,"Reconstructing the Zama (Mexico) discovery source to sink palaeogeography, Part II: Sediment routing from the Late Miocene shelf-margin to deepwater basin",2024,BASIN RESEARCH,WOS:001157847600001,10.1111/bre.12849,survivor,False,False,other,other,,,removed_filterA+B,False,False,,,,,,,,,,,,
1353,"An integrated workflow for fracture characterization in chalk reservoirs, applied to the Kraka Field",2020,MARINE AND PETROLEUM GEOLOGY,WOS:000509622600023,10.1016/j.marpetgeo.2019.104065,survivor,False,False,other,other,,,removed_filterA+B,False,False,,,,,,,,,,,,
1354,Scenario evolution modeling and probabilistic assessment of seawater intrusion accident in ports: An integrated framework combining disaster theory and multi-method simulation,2025,PLOS ONE,WOS:001606905600007,10.1371/journal.pone.0334696,survivor,False,False,vulnerability/risk/fragility-assessment,port/airport/maritime/waterway,,,removed_filterA+B,False,False,,,,,,,,,,,,
1355,Survivable Elastic Optical Network: A survey of failure scenarios and solutions,2025,OPTICAL SWITCHING AND NETWORKING,WOS:001587397100002,10.1016/j.osn.2025.100823,excl_only_lifeline,False,True,,,,,excl_only_lifeline,False,True,,,,,,,,,,,,
1356,A Performance-Based Quantification Approach to Inform Resilience Management of Urban Water Supply,2026,WATER,WOS:001804113500001,10.3390/w18121458,excl_only_lifeline,False,True,,,,,excl_only_lifeline,False,False,,,,,,,,,,,,
1357,Sustainability and resilience-driven prioritisation for restoring critical infrastructure after major disasters and conflict,2025,TRANSPORTATION RESEARCH PART D-TRANSPORT AND ENVIRONMENT,WOS:001414154900001,10.1016/j.trd.2025.104592,survivor,False,False,link-criticality/importance-ranking,bridge/bridge-network,,,removed_filterA,False,False,,,,,,,,,,,,
1358,"Understanding urban flood vulnerability and resilience: a case study of Kuantan, Pahang, Malaysia",2020,NATURAL HAZARDS,WOS:000521174200013,10.1007/s11069-020-03885-1,survivor,False,False,vulnerability/risk/fragility-assessment,building/urban-area/community,,,removed_filterA+B,False,False,,,,,,,,,,,,
1359,"Redecking the Hogarth Flyover, London",2017,PROCEEDINGS OF THE INSTITUTION OF CIVIL ENGINEERS-ENGINEERING HISTORY AND HERITAGE,WOS:000397057400003,10.1680/jenhh.16.00012,survivor,False,False,other,bridge/bridge-network,,,removed_filterA,False,False,,,,,,,,,,,,
1360,"Sequence stratigraphy of a coastal-plain incised valley estuary: Lake Calcasieu, Louisiana",1996,JOURNAL OF SEDIMENTARY RESEARCH,WOS:A1996VB99700015,,survivor,False,False,other,other,,,removed_filterA+B,False,False,,,,,,,,,,,,
1361,Seismic Assessment of a Benchmark Highway Bridge Equipped with Optimized Shape Memory Alloy Wire-Based Isolators,2020,APPLIED SCIENCES-BASEL,WOS:000509398900141,10.3390/app10010141,survivor,False,False,network-design/retrofit/protection,bridge/bridge-network,,,removed_filterA,False,False,,,,,,,,,,,,
1362,"Temporal evolution of plutonium concentrations and isotopic ratios in the Ukedo- Takase Rivers draining the Difficult-To-Return zone in Fukushima, Japan (2013-2020)",2023,ENVIRONMENTAL POLLUTION,WOS:000918899600001,10.1016/j.envpol.2022.120963,survivor,False,False,other,other,,,removed_filterA+B,False,False,,,,,,,,,,,,
1363,"Foundations for convergence: Sub-national collaboration at the nexus of disaster risk reduction, climate change adaptation, and land restoration under multi-level governance in Kenya",2020,INTERNATIONAL JOURNAL OF DISASTER RISK REDUCTION,WOS:000599712600009,10.1016/j.ijdrr.2020.101834,survivor,False,False,other,other,,,removed_filterA+B,False,False,,,,,,,,,,,,
1364,Spinal cord injury-induced neurogenic bowel: A role for host-microbiome interactions in bowel pain and dysfunction,2024,NEUROBIOLOGY OF PAIN,WOS:001266166700001,10.1016/j.ynpai.2024.100156,survivor,False,False,other,other,,,removed_filterA+B,False,False,,,,,,,,,,,,
1365,Suspended-sediment response to wildfire and a major post-fire flood on the Colorado Front Range,2024,RIVER RESEARCH AND APPLICATIONS,WOS:001208848900001,10.1002/rra.4286,survivor,False,False,other,other,,,removed_filterA+B,False,False,,,,,,,,,,,,
1366,Efficient Longitudinal Seismic Fragility Assessment of a Multispan Continuous Steel Bridge on Liquefiable Soils,2011,JOURNAL OF BRIDGE ENGINEERING,WOS:000285475300011,10.1061/(ASCE)BE.1943-5592.0000131,survivor,False,False,vulnerability/risk/fragility-assessment,bridge/bridge-network,,,removed_filterA,False,False,,,,,,,,,,,,
1367,Strengthening omnichannel supply chain resilience through circular economy integration: A case-based analysis of disruption preparedness strategies,2026,OMEGA-INTERNATIONAL JOURNAL OF MANAGEMENT SCIENCE,WOS:001655338500001,10.1016/j.omega.2025.103466,survivor,False,False,network-design/retrofit/protection,supply-chain/facility,,,removed_filterA+B,False,False,,,,,,,,,,,,
1368,Risk Assessment of Landslide Collapse Disasters along National Highways Based on Information Quantity and Random Forest Coupling Methods: A Case Study of the G331 National Highway,2023,ISPRS INTERNATIONAL JOURNAL OF GEO-INFORMATION,WOS:001131288600001,10.3390/ijgi12120493,survivor,False,False,vulnerability/risk/fragility-assessment,road/highway-network,,,removed_filterA,False,False,,,,,,,,,,,,
1369,Pavement condition and climatic data in southeast Texas: A dataset for evaluating flood impacts on pavement performance,2025,DATA IN BRIEF,WOS:001564821600001,10.1016/j.dib.2025.111914,survivor,False,False,empirical-recovery-analysis/prediction,road/highway-network,,,removed_filterA,False,False,,,,,,,,,,,,
1370,Development of a Cochlea-inspired Artificial Filter Bank (CAFB) and Evaluation of its Performance via Real-time Dynamic Response Tests on a Two-span Bridge,2016,KSCE JOURNAL OF CIVIL ENGINEERING,WOS:000372243800028,10.1007/s12205-015-0379-z,survivor,False,False,other,bridge/bridge-network,,,removed_filterA,False,False,,,,,,,,,,,,
1371,Decomposing Driving Forces of Carbon Emission Variation-A Structural Decomposition Analysis of Japan,2022,EARTHS FUTURE,WOS:000797605300001,10.1029/2021EF002639,survivor,False,False,other,other,,,removed_filterA+B,False,False,,,,,,,,,,,,
1372,Spontaneous telomere to telomere fusions occur in unperturbed fission yeast cells,2013,NUCLEIC ACIDS RESEARCH,WOS:000318062600029,10.1093/nar/gks1459,survivor,False,False,other,other,,,removed_filterA+B,False,False,,,,,,,,,,,,
1373,Immediate post-dosing paralysis following severe Soman and VX toxicosis in guinea pigs,2005,JOURNAL OF APPLIED TOXICOLOGY,WOS:000232122800008,10.1002/jat.1086,survivor,False,False,other,other,,,removed_filterA+B,False,False,,,,,,,,,,,,
1374,ACCELERATING CONSTRUCTION OF ROADWAY BRIDGES USING ALTERNATIVE TECHNIQUES AND PROCUREMENT METHODS,2018,TRANSPORT,WOS:000428175400028,10.3846/16484142.2017.1300942,survivor,False,False,other,bridge/bridge-network,,,removed_filterA,False,False,,,,,,,,,,,,
1375,FINITE ELEMENT NUMERICAL SIMULATION OF THREE-DIMENSIONAL SEEPAGE CONTROL FOR DEEP FOUNDATION PIT DEWATERING,2008,JOURNAL OF HYDRODYNAMICS,WOS:000262622500009,10.1016/S1001-6058(08)60100-6,survivor,False,False,other,other,,,removed_filterA+B,False,False,,,,,,,,,,,,
1376,Precast concrete spliced-girder bridge in Washington State using superelastic materials in bridge columns to improve seismic resiliency: From research to practice,2018,PCI JOURNAL,WOS:000425115800007,,survivor,False,False,network-design/retrofit/protection,bridge/bridge-network,,,removed_filterA,False,False,,,,,,,,,,,,
1377,Cerebral hypoperfusion exacerbates vascular dysfunction after traumatic brain injury,2024,EXPERIMENTAL NEUROLOGY,WOS:001291765500001,10.1016/j.expneurol.2024.114907,survivor,False,False,other,other,,,removed_filterA+B,False,False,,,,,,,,,,,,
1378,"Streamlined Strategies for Faster, Less Traffic-Disruptive Highway Rehabilitation in Urban Networks",2008,TRANSPORTATION RESEARCH RECORD,WOS:000262493200004,10.3141/2081-04,survivor,False,False,other,road/highway-network,,,removed_filterA,False,False,,,,,,,,,,,,
1379,Effects of flooding on pavement performance: a machine learning-based network-level assessment,2022,SUSTAINABLE AND RESILIENT INFRASTRUCTURE,WOS:000759342200001,10.1080/23789689.2021.2017736,survivor,False,False,empirical-recovery-analysis/prediction,road/highway-network,,,removed_filterA,False,False,,,,,,,,,,,,
1380,"Growth of the paleo-Orinoco shelf-margin prism: Process regimes, delta evolution, and sediment budget beyond the shelf edge",2018,GEOLOGICAL SOCIETY OF AMERICA BULLETIN,WOS:000418364200003,10.1130/B31553.1,survivor,False,False,other,other,,,removed_filterA+B,False,False,,,,,,,,,,,,
1381,Identification of two plastid transit peptides for construction of pollen-inactivation system in rice,2024,MOLECULAR BREEDING,WOS:001228905500001,10.1007/s11032-024-01471-y,survivor,False,False,other,other,,,removed_filterA+B,False,False,,,,,,,,,,,,
1382,TIME IS MONEY - INNOVATIVE CONTRACTING METHODS IN HIGHWAY CONSTRUCTION,1995,JOURNAL OF CONSTRUCTION ENGINEERING AND MANAGEMENT-ASCE,WOS:A1995RQ42900004,10.1061/(ASCE)0733-9364(1995)121:3(273),survivor,False,False,other,road/highway-network,,,removed_filterA,False,False,,,,,,,,,,,,
1383,Centromeric instability and chromoanasynthesis observed in nine supernumerary marker chromosomes resolved with long-read genome sequencing,2026,GENOME RESEARCH,WOS:001755252400001,10.1101/gr.281175.125,survivor,False,False,other,other,,,removed_filterA+B,False,False,,,,,,,,,,,,
1384,Towards Co-Designing Manufacturing Supply Networks for Robustness and Resilience-A Decision-Based Design Perspective,2026,JOURNAL OF COMPUTING AND INFORMATION SCIENCE IN ENGINEERING,WOS:001793651500004,10.1115/1.4071862,survivor,False,False,network-design/retrofit/protection,supply-chain/facility,,,removed_filterA+B,False,False,,,,,,,,,,,,
1385,From Lithological Modelling to Groundwater Modelling: A Case Study in the Tiber River Alluvial Valley,2021,GEOSCIENCES,WOS:000736908200001,10.3390/geosciences11120507,survivor,False,False,other,other,,,removed_filterA+B,False,False,,,,,,,,,,,,
1386,Research on the Preparation of Microbial Capsules by Epoxy Resin-Coated Bacillus pasteurii,2021,SHOCK AND VIBRATION,WOS:000810789100002,10.1155/2021/8827016,survivor,False,False,other,other,,,removed_filterA+B,False,False,,,,,,,,,,,,
1388,Dynamic resilience assessment of combat system of systems: A dual-dimensional framework integrating mission and inherent capabilities,2026,EKSPLOATACJA I NIEZAWODNOSC-MAINTENANCE AND RELIABILITY,WOS:001795871600007,10.17531/ein/219911,survivor,False,False,resilience-quantification/assessment,other,,,removed_filterA+B,False,False,,,,,,,,,,,,
1389,"Phylogenetic placement of the enigmatic Floodplain water snake, Lycodonomorphus obscuriventris FitzSimons, 1964",2022,KOEDOE,WOS:000824268800001,10.4102/koedoe.v64i1.1698,survivor,False,False,other,other,,,removed_filterA+B,False,False,,,,,,,,,,,,
1390,Evolutionary optimization for disaster relief operations: A survey,2015,APPLIED SOFT COMPUTING,WOS:000346856600047,10.1016/j.asoc.2014.09.041,survivor,False,False,post-disaster-relief-logistics/distribution,supply-chain/facility,,,removed_filterA+B,False,True,,,,,,,,,,,,
1391,Emergency Restorability of Underground Engineering Environment after Disasters by Utilizing Prefabrication and Assembly Technology,2023,NATURAL HAZARDS REVIEW,WOS:001011046300008,10.1061/NHREFO.NHENG-1745,survivor,False,False,restoration-scheduling/sequencing,building/urban-area/community,,,removed_filterB,False,False,,,,,,,,,,,,
1392,A multimodal solution approach for mitigating the impact of planned maintenance on metro rail attractiveness,2021,EURO JOURNAL ON TRANSPORTATION AND LOGISTICS,WOS:000715441700014,10.1016/j.ejtl.2021.100047,survivor,False,False,other,railway/transit,,,removed_filterA,False,False,,,,,,,,,,,,
1393,Experimental Application of the Italian Bridge Guidelines to a Stock of Prestressed Concrete Bridges,2024,INFRASTRUCTURES,WOS:001365474400001,10.3390/infrastructures9110196,excl_only_predisaster,True,False,,,,,excl_only_predisaster,False,False,,,,,,,,,,,,
1394,"Incorporating Ecosystem Services into Water Resources Management-Tools, Policies, Promising Pathways",2022,ENVIRONMENTAL MANAGEMENT,WOS:000779045300001,10.1007/s00267-022-01640-9,survivor,False,False,other,other,,,removed_filterA+B,False,False,,,,,,,,,,,,
1395,Circadian rhythm disruption modulates enteric neural precursor cells differentiation leading to gastrointestinal motility dysfunction via the NR1D1/NF-κB axis,2024,JOURNAL OF TRANSLATIONAL MEDICINE,WOS:001345457200006,10.1186/s12967-024-05766-8,survivor,False,False,other,other,,,removed_filterA+B,False,False,,,,,,,,,,,,
1396,Mechanism of anti-human antigen D (HuD/ELAVL4) autoantibody-induced enteric neuronal apoptosis in irritable bowel syndrome and its potential for targeted intervention,2026,WORLD JOURNAL OF GASTROENTEROLOGY,WOS:001787960900002,10.3748/wjg.v32.i22.117194,survivor,False,False,other,other,,,removed_filterA+B,False,False,,,,,,,,,,,,
1397,"OsPPR939, a nad5 splicing factor, is essential for plant growth and pollen development in rice",2021,THEORETICAL AND APPLIED GENETICS,WOS:000604205000003,10.1007/s00122-020-03742-6,survivor,False,False,other,other,,,removed_filterA+B,False,False,,,,,,,,,,,,
1398,Biallelic variants in LIG3 cause a novel mitochondrial neurogastrointestinal encephalomyopathy,2021,BRAIN,WOS:000710927500031,10.1093/brain/awab056,survivor,False,False,other,other,,,removed_filterA+B,False,False,,,,,,,,,,,,
1399,Reliability-Redundancy-Recoverability-based decision optimization for disaster resilience of structural systems,2026,STRUCTURAL SAFETY,WOS:001724873900001,10.1016/j.strusafe.2026.102696,excl_only_predisaster,True,False,,,,,excl_only_predisaster,False,False,,,,,,,,,,,,
1400,"Lessons learned from the modeling of nature-based solutions for urban flood mitigation in Ottawa, Canada",2026,JOURNAL OF HYDROLOGY,WOS:001751712300001,10.1016/j.jhydrol.2026.135433,excl_only_predisaster,True,False,,,,,excl_only_predisaster,False,False,,,,,,,,,,,,
1401,An evolutionary approach towards contact plan design for disruption-tolerant satellite networks,2017,APPLIED SOFT COMPUTING,WOS:000395896500034,10.1016/j.asoc.2016.10.023,survivor,False,False,other,other,,,removed_filterA+B,False,False,,,,,,,,,,,,
1402,The Impact of the Exposome on Epithelial Barriers: New Approach Methodologies for Translational Research<br />,2026,THORACIC RESEARCH AND PRACTICE,WOS:001766433400001,10.4274/ThoracResPract.2026.2026-1-9,survivor,False,False,other,other,,,removed_filterA+B,False,True,,,,,,,,,,,,
1404,Numerical analysis of the dynamic evolution of mining-induced stresses and fractures in multilayered rock strata using continuum-based discrete element methods,2019,INTERNATIONAL JOURNAL OF ROCK MECHANICS AND MINING SCIENCES,WOS:000454150800019,10.1016/j.ijrmms.2018.11.014,survivor,False,False,other,other,,,removed_filterA+B,False,False,,,,,,,,,,,,
1405,Rapid-setting CLSM for bridge approach repair: A case study,2006,ACI MATERIALS JOURNAL,WOS:000240851500002,,survivor,False,False,other,bridge/bridge-network,,,removed_filterA,False,False,,,,,,,,,,,,
1406,Postflooding Asphalt Pavement Condition Assessment for Roadway Operation Strategy,2024,JOURNAL OF TRANSPORTATION ENGINEERING PART B-PAVEMENTS,WOS:001142793700011,10.1061/JPEODX.PVENG-1353,survivor,False,False,hazard/damage-modeling,road/highway-network,,,removed_filterA,False,False,,,,,,,,,,,,
1407,Modeling the Risk of Advanced Deterioration in Bridge Management Systems,2013,TRANSPORTATION RESEARCH RECORD,WOS:000328239200008,10.3141/2360-07,excl_only_predisaster,True,False,,,,,excl_only_predisaster,False,False,,,,,,,,,,,,
1408,Effects of excessive Platycodon grandiflorus root on gut microbiota and host co-metabolism in mice,2025,JOURNAL OF ETHNOPHARMACOLOGY,WOS:001446385300001,10.1016/j.jep.2025.119577,survivor,False,False,other,other,,,removed_filterA+B,False,False,,,,,,,,,,,,
1409,Aspect Ratio-Dependent Percolation and Strain-Sensing Behavior of Polyurethane and MWCNT Nanocomposites for Real-Time Health Monitoring of Seismic Isolation Bearings,2026,JOURNAL OF MATERIALS IN CIVIL ENGINEERING,WOS:001715502000041,10.1061/JMCEE7.MTENG-22664,survivor,False,False,other,bridge/bridge-network,,,removed_filterA,False,False,,,,,,,,,,,,
1410,Built in dampers for family homes via SMA: An ANSYS computation scheme based on mesoscopic and microscopic experimental analyses,2007,ENGINEERING STRUCTURES,WOS:000248561500023,10.1016/j.engstruct.2006.08.028,excl_only_predisaster,True,False,,,,,excl_only_predisaster,False,False,,,,,,,,,,,,
1411,Monitoring System to Provide Assurance for Maintenance of Structures,2010,PRACTICE PERIODICAL ON STRUCTURAL DESIGN AND CONSTRUCTION,WOS:000437749300003,10.1061/(ASCE)SC.1943-5576.0000019,survivor,False,False,other,other,,,removed_filterA+B,False,False,,,,,,,,,,,,
1412,"Macrophyte community structure in the Gangetic floodplain affected by population pressure and construction activities in the Patna City, Bihar stretch of the river Ganga bank",2025,AQUATIC ECOSYSTEM HEALTH \& MANAGEMENT,WOS:001794171900005,,survivor,False,False,other,other,,,removed_filterA+B,False,False,,,,,,,,,,,,
1413,Paracoccus denitrificans CcmG is a periplasmic protein-disulphide oxidoreductase required for c- and aa(3)-type cytochrome biogenesis; Evidence for a reductase role in vivo,1997,MOLECULAR MICROBIOLOGY,WOS:A1997XG80100009,10.1046/j.1365-2958.1997.4061775.x,survivor,False,False,other,other,,,removed_filterA+B,False,False,,,,,,,,,,,,
1414,Transpubic posterior urethroplasty via perineal approach in children: A new technique,2012,JOURNAL OF PEDIATRIC UROLOGY,WOS:000306487300014,10.1016/j.jpurol.2011.08.001,survivor,False,False,other,other,,,removed_filterA+B,False,False,,,,,,,,,,,,
1415,"Astronomical pacing of relative sea level during Oceanic Anoxic Event 2: Preliminary studies of the expanded SH\#1 Core, Utah, USA",2019,GEOLOGICAL SOCIETY OF AMERICA BULLETIN,WOS:000483604100015,10.1130/B32057.1,survivor,False,False,other,other,,,removed_filterA+B,False,False,,,,,,,,,,,,
1416,Engineering vulnerability assessment for bridges and tunnels harmed by debris flow hazards,2014,ROCK AND SOIL MECHANICS,WOS:000409787100029,,excl_only_predisaster,True,False,,,,,excl_only_predisaster,False,False,,,,,,,,,,,,
1417,20 Years on lessons learned from Piper Alpha. The evolution of concurrent and inherently safe design,2010,JOURNAL OF LOSS PREVENTION IN THE PROCESS INDUSTRIES,WOS:000286408100031,10.1016/j.jlp.2010.07.011,survivor,False,False,other,other,,,removed_filterA+B,False,False,,,,,,,,,,,,
1418,Chasing windows of opportunity for habitat formation: Spatial and temporal determinants of oyster settlement rates,2025,JOURNAL OF APPLIED ECOLOGY,WOS:001601217000001,10.1111/1365-2664.70203,survivor,False,False,other,other,,,removed_filterA+B,False,False,,,,,,,,,,,,
1419,Restoring services targeting sexual and reproductive health during the COVID-19 pandemic,2023,JOURNAL OF THE SCIENTIFIC SOCIETY,WOS:000974353600025,10.4103/jss.jss\_162\_22,survivor,False,False,other,other,,,removed_filterA+B,False,False,,,,,,,,,,,,
1420,Hybrid Railroad Bridge Bogl - when innovation goes into series production,2021,BETON- UND STAHLBETONBAU,WOS:000692752600012,10.1002/best.202100044,survivor,False,False,other,bridge/bridge-network,,,removed_filterA,False,False,,,,,,,,,,,,
1421,Sindbis virus polyarthritis outbreak signalled by virus prevalence in the mosquito vectors,2019,PLOS NEGLECTED TROPICAL DISEASES,WOS:000490919400075,10.1371/journal.pntd.0007702,survivor,False,False,other,other,,,removed_filterA+B,False,False,,,,,,,,,,,,
1422,The impact of mechanical thrombectomy on the blood-brain barrier in patients with acute ischemic stroke: A non-contrast MR imaging study using DP-pCASL and NODDI,2024,NEUROIMAGE-CLINICAL,WOS:001253636100001,10.1016/j.nicl.2024.103629,survivor,False,False,other,other,,,removed_filterA+B,False,False,,,,,,,,,,,,
1423,Quantifying the crossover from capillary fingering to viscous fingering in heterogeneous porous media,2025,ENERGY GEOSCIENCE,WOS:001392316800001,10.1016/j.engeos.2024.100362,survivor,False,False,other,other,,,removed_filterA+B,False,False,,,,,,,,,,,,
1424,Genome-Scale Sequence Disruption Following Biolistic Transformation in Rice and Maize,2019,PLANT CELL,WOS:000462028400011,10.1105/tpc.18.00613,survivor,False,False,other,other,,,removed_filterA+B,False,False,,,,,,,,,,,,
1425,Beyond the Mutation Abyss: Revisiting SARS-CoV-2 Receptor-Binding Domain Evolution from ACE2 Binding Optimization to Immune Epitope Remodeling,2026,PATHOGENS,WOS:001726895400001,10.3390/pathogens15030272,survivor,False,False,other,other,,,removed_filterA+B,False,False,,,,,,,,,,,,
1426,A novel data-driven bridge monitoring data prediction framework using improved intelligent optimization-assisted deep learning,2026,STRUCTURAL HEALTH MONITORING-AN INTERNATIONAL JOURNAL,WOS:001383314200001,10.1177/14759217241305598,survivor,False,False,other,bridge/bridge-network,,,removed_filterA,False,False,,,,,,,,,,,,
1427,Bearing witness to witnesses: developing the vicarious trauma reflexive sequence (VTRS) for emotionally demanding fieldwork,2026,QUALITATIVE RESEARCH IN ORGANIZATIONS AND MANAGEMENT,WOS:001672949000001,10.1108/QROM-06-2025-3079,survivor,False,False,other,other,,,removed_filterA+B,False,False,,,,,,,,,,,,
1428,The evolution of airway stenting research: a bibliometric analysis of the 100 most influential articles,2025,JOURNAL OF THORACIC DISEASE,WOS:001638173300033,10.21037/jtd-2025-1579,survivor,False,False,other,other,,,removed_filterA+B,False,False,,,,,,,,,,,,
1429,Research on the Influence of Engineered Cementitious Composite's Water-Cement Ratio and Fiber Content on the Mechanical Performance of Foam Lightweight Soil,2025,BUILDINGS,WOS:001486547700001,10.3390/buildings15091479,survivor,False,False,other,other,,,removed_filterA+B,False,False,,,,,,,,,,,,
1430,INDUCIBLE EXPRESSION OF CALMODULIN ANTISENSE RNA IN DICTYOSTELIUM CELLS INHIBITS THE COMPLETION OF CYTOKINESIS,1992,MOLECULAR BIOLOGY OF THE CELL,WOS:A1992KF45200008,10.1091/mbc.3.12.1403,survivor,False,False,other,other,,,removed_filterA+B,False,False,,,,,,,,,,,,
1431,A Multi-Objective MATLAB-FEM Framework for Sustainable Impressed-Current Cathodic Protection of DC-Electrified Railway Infrastructure,2026,SUSTAINABILITY,WOS:001790289700001,10.3390/su18115275,survivor,False,False,other,other,,,removed_filterA+B,False,False,,,,,,,,,,,,
1432,Modelling the impact of rail delays on passenger satisfaction,2021,TRANSPORTATION RESEARCH PART A-POLICY AND PRACTICE,WOS:000703163300002,10.1016/j.tra.2021.08.002,survivor,False,False,other,railway/transit,,,removed_filterA,False,False,,,,,,,,,,,,
1433,Historical flash floods retromodelling in the Ondara River in Tarrega (NE Iberian Peninsula),2011,NATURAL HAZARDS AND EARTH SYSTEM SCIENCES,WOS:000298367200023,10.5194/nhess-11-3359-2011,survivor,False,False,hazard/damage-modeling,other,,,removed_filterA+B,False,False,,,,,,,,,,,,
1434,An Integrated Resilience-Based Failure Risk Assessment Method of Highway Tunnel Operation and Maintenance Systems for Fire Accidents,2026,JOURNAL OF CONSTRUCTION ENGINEERING AND MANAGEMENT,WOS:001690978800002,10.1061/JCEMD4.COENG-16698,survivor,False,False,resilience-quantification/assessment,road/highway-network,,,removed_filterA,False,False,,,,,,,,,,,,
1435,Self-Organized Team Formation via Multi-Task Hedonic Games for Capability-Heterogeneous Human-Machine Agents,2026,IEEE TRANSACTIONS ON AUTOMATION SCIENCE AND ENGINEERING,WOS:001754899000005,10.1109/TASE.2026.3687096,survivor,False,False,other,other,,,removed_filterA+B,False,False,,,,,,,,,,,,
1436,From research to practice: Adapting agriculture to climate today for tomorrow in Ethiopia,2022,FRONTIERS IN CLIMATE,WOS:001021821900001,10.3389/fclim.2022.931514,survivor,False,False,other,other,,,removed_filterA+B,False,False,,,,,,,,,,,,
1437,Delayed contributions revealing runoff dynamics and spatial heterogeneity in the Chinese Loess Plateau,2025,JOURNAL OF HYDROLOGY,WOS:001513380700002,10.1016/j.jhydrol.2025.133674,survivor,False,False,other,other,,,removed_filterA+B,False,False,,,,,,,,,,,,
1438,Single-cell transcriptomics of vascularized human brain organoids decipher lineage-specific stress adaptation in fetal hypoxia-reoxygenation injury,2025,THERANOSTICS,WOS:001514135800022,10.7150/thno.117001,survivor,False,False,other,other,,,removed_filterA+B,False,False,,,,,,,,,,,,
1439,Target controlled vs. manually controlled infusion of propofol for sedation during transjugular intrahepatic portosystemic shunt procedure: a randomized controlled trial,2025,ANAESTHESIA PAIN \& INTENSIVE CARE,WOS:001511680700006,10.35975/apic.v29i3.2754,survivor,False,False,other,other,,,removed_filterA+B,False,False,,,,,,,,,,,,
1440,Research on Traditional Chinese Medicine Pulse Diagnosis Based on Three Channel U-shaped Micro Nano Fiber Pulse Sensor,2026,ACTA PHOTONICA SINICA,WOS:001703773100010,10.3788/gzxb20265501.0106006,survivor,False,False,other,other,,,removed_filterA+B,False,False,,,,,,,,,,,,
1441,"Eurasian origin, boreotropical migration and transoceanic dispersal in the pantropical fern genus Diplazium (Athyriaceae)",2015,JOURNAL OF BIOGEOGRAPHY,WOS:000361181900002,10.1111/jbi.12551,survivor,False,False,other,other,,,removed_filterA+B,False,False,,,,,,,,,,,,
1442,In Situ Study on the Influence of a Dark Environment on the Upstream Behaviors of Plateau Fishes in Fishways: A Pilot Study,2025,FISHES,WOS:001452341900001,10.3390/fishes10030136,survivor,False,False,other,other,,,removed_filterA+B,False,False,,,,,,,,,,,,
1443,Computational Insights into the Use of Polymer Cement Mortar for Negative Moment Strengthening in RC T-Beams,2026,COATINGS,WOS:001725234800001,10.3390/coatings16030303,survivor,False,False,other,other,,,removed_filterA+B,False,False,,,,,,,,,,,,
1444,Disaster victim identification-experiences of the ``Autobahn A19{''} disaster,2012,FORENSIC SCIENCE MEDICINE AND PATHOLOGY,WOS:000303819100008,10.1007/s12024-011-9307-9,survivor,False,False,other,other,,,removed_filterA+B,False,False,,,,,,,,,,,,
1445,CHLORIDE CONTENT OF STREET CLEANING WASTE AND ITS POTENTIAL ENVIRONMENTAL IMPACT,2022,ARCHITECTURE CIVIL ENGINEERING ENVIRONMENT,WOS:000864473700007,10.21307/ACEE-2022-007,survivor,False,False,other,other,,,removed_filterA+B,False,False,,,,,,,,,,,,
1446,Multifactor Prediction of the Water Richness of Coal Roof Aquifers Based on the Combination Weighting Method and TOPSIS Model: A Case Study in the Changcheng No. 1 Coal Mine,2022,ACS OMEGA,WOS:000891456500001,10.1021/acsomega.2c05297,survivor,False,False,other,other,,,removed_filterA+B,False,False,,,,,,,,,,,,
1447,CRYOGENESIS AND GEODYNAMICS OF ICING VALLEYS,2015,GEODYNAMICS \& TECTONOPHYSICS,WOS:000409827900002,10.5800/GT-2015-6-2-0177,survivor,False,False,other,other,,,removed_filterA+B,False,False,,,,,,,,,,,,
1448,Effect of magnetic-spring bi-stable nonlinear energy sink on vibration and damage reduction of concrete double-column piers: Experimental and numerical analysis,2024,ENGINEERING STRUCTURES,WOS:001174080500001,10.1016/j.engstruct.2024.117517,excl_only_predisaster,True,False,,,,,excl_only_predisaster,False,False,,,,,,,,,,,,
1449,Cellular Uptake and Ultrastructural Localization Underlie the Proapoptotic Activity of a Hydrocarbon-stapled BIM BH3 Peptide,2015,ACS CHEMICAL BIOLOGY,WOS:000361867200022,10.1021/acschembio.5b00214,survivor,False,False,other,other,,,removed_filterA+B,False,False,,,,,,,,,,,,
1450,Crystal structure of the Klebsiella pneumoniae fic toxin-antitoxin complex reveals a noncanonical FicT lacking AMPylation activity,2025,BIOCHEMICAL AND BIOPHYSICAL RESEARCH COMMUNICATIONS,WOS:001498451900002,10.1016/j.bbrc.2025.152002,survivor,False,False,other,other,,,removed_filterA+B,False,False,,,,,,,,,,,,
1451,Identification of the cytochrome P450 monooxygenase that bridges the clavine and ergoline alkaloid pathways,2006,CHEMBIOCHEM,WOS:000236685900013,10.1002/cbic.200500487,survivor,False,False,other,other,,,removed_filterA+B,False,False,,,,,,,,,,,,
1452,Thoracolumbar vertebral coronal split fracture with disruption of the anterior bony bridge resulting in low back pain: Case report,2025,INTERNATIONAL JOURNAL OF SURGERY CASE REPORTS,WOS:001566305400007,10.1016/j.ijscr.2025.111535,survivor,False,False,other,other,,,removed_filterA+B,False,False,,,,,,,,,,,,
1453,An unconventional family 1 uracil DNA glycosylase in Nitratifractorsalsuginis,2017,FEBS JOURNAL,WOS:000417162900006,10.1111/febs.14285,survivor,False,False,other,other,,,removed_filterA+B,False,False,,,,,,,,,,,,
1454,The `Titanic Syndrome': Risk and Crisis Management on the Costa Concordia,2012,JOURNAL OF HOMELAND SECURITY AND EMERGENCY MANAGEMENT,WOS:000309651100007,10.1515/1547-7355.1998,survivor,False,False,other,port/airport/maritime/waterway,,,removed_filterA+B,False,False,,,,,,,,,,,,
1455,Developing an optimized method for biofilm extraction from microplastic surfaces for high-efficiency analysis of adherent bacterial communities,2026,APPLIED AND ENVIRONMENTAL MICROBIOLOGY,WOS:001752704600001,10.1128/aem.00416-26,survivor,False,False,other,other,,,removed_filterA+B,False,False,,,,,,,,,,,,
1456,Successful Large Hospital Evacuation With 11 350 Patients Transferred in the 2021 Zhengzhou Flood,2023,DISASTER MEDICINE AND PUBLIC HEALTH PREPAREDNESS,WOS:001031608600001,10.1017/dmp.2023.94,survivor,False,False,evacuation,building/urban-area/community,,,removed_filterA+B,False,False,,,,,,,,,,,,
1457,Akkermansia muciniphila supplementation improves glucose tolerance in intestinal Ffar4 knockout mice during the daily light to dark transition,2023,MSYSTEMS,WOS:001076680200001,10.1128/msystems.00573-23,survivor,False,False,other,other,,,removed_filterA+B,False,False,,,,,,,,,,,,
1458,Application of geophysics in metalliferous mines,1997,AUSTRALIAN JOURNAL OF EARTH SCIENCES,WOS:A1997XZ29200002,10.1080/08120099708728321,survivor,False,False,other,other,,,removed_filterA+B,False,False,,,,,,,,,,,,
1459,Displacement and solidarity: An ethic of place-making,2018,BIOETHICS,WOS:000450332600004,10.1111/bioe.12538,survivor,False,False,other,other,,,removed_filterA+B,False,False,,,,,,,,,,,,
1460,Functions of tryptophan residues in EWGWS insert of Plasmodium falciparum enolase,2017,FEBS OPEN BIO,WOS:000404762600001,10.1002/2211-5463.12242,survivor,False,False,other,other,,,removed_filterA+B,False,False,,,,,,,,,,,,
1461,The thioredoxin system of Helicobacter pylori,2000,JOURNAL OF BIOLOGICAL CHEMISTRY,WOS:000085378200077,10.1074/jbc.275.7.5081,survivor,False,False,other,other,,,removed_filterA+B,False,False,,,,,,,,,,,,
1462,"Out of Africa: Biogeography and diversification of the pantropical pond skater genus Limnogonus Stal, 1868 (Hemiptera: Gerridae)",2017,ECOLOGY AND EVOLUTION,WOS:000394504100001,10.1002/ece3.2688,survivor,False,False,other,other,,,removed_filterA+B,False,False,,,,,,,,,,,,
1463,Each peptide of the two-component lantibiotic lacticin 3147 requires a separate modification enzyme for activity,2000,MICROBIOLOGY-SGM,WOS:000089268600009,10.1099/00221287-146-9-2147,survivor,False,False,other,other,,,removed_filterA+B,False,False,,,,,,,,,,,,
1464,Long-read based assembly and synteny analysis of a reference Drosophila subobscura genome reveals signatures of structural evolution driven by inversions recombination-suppression effects,2019,BMC GENOMICS,WOS:000461890300002,10.1186/s12864-019-5590-8,survivor,False,False,other,other,,,removed_filterA+B,False,False,,,,,,,,,,,,
1465,"Between Scylla and Charybdis (part 2): The sedimentary dynamics of the ancient, Early Pleistocene Messina Strait (central Mediterranean) based on its modern analogue",2018,EARTH-SCIENCE REVIEWS,WOS:000430763500012,10.1016/j.earscirev.2018.01.017,survivor,False,False,other,other,,,removed_filterA+B,False,False,,,,,,,,,,,,
1466,The fluctuation of the beginning time of flood season in North China during AD1766-1911,2015,QUATERNARY INTERNATIONAL,WOS:000360653300042,10.1016/j.quaint.2014.07.058,survivor,False,False,other,other,,,removed_filterA+B,False,False,,,,,,,,,,,,
1467,Salt bridges and gating in the COOH-terminal region of HCN2 and CNGA1 channels,2004,JOURNAL OF GENERAL PHYSIOLOGY,WOS:000225689700007,10.1085/jgp.200409178,survivor,False,False,other,other,,,removed_filterA+B,False,False,,,,,,,,,,,,
1468,Structural interpretation of site-directed mutagenesis and specificity of the catalytic subunit of protein kinase CK2 using comparative modelling,1999,PROTEIN ENGINEERING,WOS:000079066100005,10.1093/protein/12.2.119,survivor,False,False,other,other,,,removed_filterA+B,False,False,,,,,,,,,,,,
1469,Gut-derived IL-17A via STAT3/RORγt signaling underlies sleep disruption-induced depression: Targeting effects of Schisandrin B therapy,2026,PHYTOMEDICINE,WOS:001738506300001,10.1016/j.phymed.2026.158127,survivor,False,False,other,other,,,removed_filterA+B,False,False,,,,,,,,,,,,
1470,THE AGE AND DIVERSIFICATION OF TERRESTRIAL NEW WORLD ECOSYSTEMS THROUGH CRETACEOUS AND CENOZOIC TIME,2011,AMERICAN JOURNAL OF BOTANY,WOS:000288320600010,10.3732/ajb.1000353,survivor,False,False,other,other,,,removed_filterA+B,False,False,,,,,,,,,,,,
1471,New Biogeographic insight into Bauhinia s.l. (Leguminosae): integration from fossil records and molecular analyses,2014,BMC EVOLUTIONARY BIOLOGY,WOS:000340965500001,10.1186/s12862-014-0181-4,survivor,False,False,other,other,,,removed_filterA+B,False,False,,,,,,,,,,,,
1472,Lumbopelvic Control and the Development of Upper Extremity Injury in Professional Baseball Pitchers,2021,AMERICAN JOURNAL OF SPORTS MEDICINE,WOS:000629261000024,10.1177/0363546520988122,survivor,False,False,other,other,,,removed_filterA+B,False,False,,,,,,,,,,,,
1473,Electrostatic Interactions between Hendra Virus Matrix Proteins Are Required for Efficient Virus-Like-Particle Assembly,2018,JOURNAL OF VIROLOGY,WOS:000435100400006,10.1128/JVI.00143-18,survivor,False,False,other,other,,,removed_filterA+B,False,False,,,,,,,,,,,,
1474,Synergistic Design and Optimization of a Solar-Harvesting Energy Storage System with High-Efficiency Resonant Inductive Power Transfer,2026,ENERGIES,WOS:001774437800001,10.3390/en19102265,survivor,False,False,other,other,,,removed_filterA+B,False,False,,,,,,,,,,,,
1475,"Re-thinking levee strategies for aggradation-driven flood risk in the Waiho River, New Zealand",2026,JOURNAL OF HYDROLOGY-REGIONAL STUDIES,WOS:001669636900001,10.1016/j.ejrh.2026.103143,excl_only_predisaster,True,False,,,,,excl_only_predisaster,False,False,,,,,,,,,,,,
1476,Electric field-induced morphological transition between water film and water bridge in shale nanopores: A novel switching strategy for enhancing oil recovery and CO2 sequestration,2026,FUEL,WOS:001638694700001,10.1016/j.fuel.2025.137937,survivor,False,False,other,other,,,removed_filterA+B,False,False,,,,,,,,,,,,
1477,The critical role of mineral heterogeneity in low-salinity water flooding in tight sandstones: Insights from molecular dynamics simulations,2025,PHYSICS OF FLUIDS,WOS:001616584300010,10.1063/5.0303224,survivor,False,False,other,other,,,removed_filterA+B,False,False,,,,,,,,,,,,
1478,FRACTAL IMAGE CODING WITH DEEP IMAGE PRIOR AND TOTAL VARIATION REGULARIZATION FOR SALT-AND-PEPPERS NOISE REMOVAL,2026,FRACTALS-COMPLEX GEOMETRY PATTERNS AND SCALING IN NATURE AND SOCIETY,WOS:001541061900001,10.1142/S0218348X25500951,survivor,False,False,other,other,,,removed_filterA+B,False,False,,,,,,,,,,,,
1479,ATGL modulates lipid-protein interactions to restore foaming capacity in yolk-residue egg white systems,2025,INTERNATIONAL JOURNAL OF BIOLOGICAL MACROMOLECULES,WOS:001542404100006,10.1016/j.ijbiomac.2025.146192,survivor,False,False,other,other,,,removed_filterA+B,False,False,,,,,,,,,,,,
1480,Transforming the Static System of Prestressed Concrete Bridges Using UHPFRC,2025,JOURNAL OF BRIDGE ENGINEERING,WOS:001487331200001,10.1061/JBENF2.BEENG-7234,excl_only_predisaster,True,False,,,,,excl_only_predisaster,False,False,,,,,,,,,,,,
1481,Optimizing the crude oil trade network: Balancing cost and environmental impact,2025,ENERGY STRATEGY REVIEWS,WOS:001585916600001,10.1016/j.esr.2025.101900,survivor,False,False,other,supply-chain/facility,,,removed_filterA+B,False,False,,,,,,,,,,,,
1482,Resilient supply chain operations following major disturbances: lessons from COVID-19 cases,2025,INTERNATIONAL JOURNAL OF PRODUCTION RESEARCH,WOS:001355755500001,10.1080/00207543.2024.2427359,survivor,False,False,other,supply-chain/facility,,,removed_filterA+B,False,False,,,,,,,,,,,,
1483,Development of decision-making system measuring the resilience level of highway projects,2023,JOURNAL OF INFRASTRUCTURE PRESERVATION AND RESILIENCE,WOS:001432436400001,10.1186/s43065-023-00084-7,survivor,False,False,resilience-quantification/assessment,road/highway-network,,,removed_filterA,False,False,,,,,,,,,,,,
1484,Flows of Injustice: Linking Disaster Waste and Uneven Recovery to the Social Implications of Climate Disruption,2023,ENVIRONMENTAL JUSTICE,WOS:000825091700001,10.1089/env.2021.0123,survivor,False,False,empirical-recovery-analysis/prediction,building/urban-area/community,,,removed_filterA+B,False,False,,,,,,,,,,,,
1485,Control Policies for Recovery of Interdependent Systems After Disruptions,2021,IEEE TRANSACTIONS ON CONTROL OF NETWORK SYSTEMS,WOS:000731146800038,10.1109/TCNS.2021.3094786,survivor,False,False,restoration-scheduling/sequencing,other,,,removed_filterB,False,False,,,,,,,,,,,,
1486,Localization of Biobotic Insects Using Low-Cost Inertial Measurement Units,2020,SENSORS,WOS:000568020800001,10.3390/s20164486,survivor,False,False,other,other,,,removed_filterA+B,False,False,,,,,,,,,,,,
1487,Simulating hydraulic interdependence between bridges along a river corridor under transient flood conditions,2020,SCIENCE OF THE TOTAL ENVIRONMENT,WOS:000500583400006,10.1016/j.scitotenv.2019.134046,survivor,False,False,hazard/damage-modeling,bridge/bridge-network,,,removed_filterA,False,False,,,,,,,,,,,,
1488,"Satellite-Based InSAR Monitoring of Highway Bridges: Validation Case Study on the North Channel Bridge in Ontario, Canada",2018,TRANSPORTATION RESEARCH RECORD,WOS:000467532100008,10.1177/0361198118795013,survivor,False,False,other,bridge/bridge-network,,,removed_filterA,False,False,,,,,,,,,,,,
1489,Decision Tree for Postflooding Roadway Operations,2017,TRANSPORTATION RESEARCH RECORD,WOS:000492896500012,10.3141/2604-15,survivor,False,False,other,road/highway-network,,,removed_filterA,False,False,,,,,,,,,,,,
1490,"Analysis and prevention of sinkhole collapses during the reconstruction and extension of Guang-Qing freeway, china",2016,ENVIRONMENTAL EARTH SCIENCES,WOS:000376030100065,10.1007/s12665-016-5625-2,excl_only_predisaster,True,False,,,,,excl_only_predisaster,False,False,,,,,,,,,,,,
1492,Habitat restoration along the River Rhine in The Netherlands: Putting ideas into practice,1998,AQUATIC CONSERVATION-MARINE AND FRESHWATER ECOSYSTEMS,WOS:000073321900007,10.1002/(SICI)1099-0755(199801/02)8:1<61::AID-AQC267>3.0.CO;2-8,survivor,False,False,other,other,,,removed_filterA+B,False,False,,,,,,,,,,,,
1493,Analyzing resilience to disruptions using a multi-regional dynamic inoperability input-output model,2026,INTERNATIONAL JOURNAL OF CRITICAL INFRASTRUCTURE PROTECTION,WOS:001806947500001,10.1016/j.ijcip.2026.100867,survivor,False,False,resilience-quantification/assessment,other,,,removed_filterA+B,False,False,,,,,,,,,,,,
1494,UHFB im Netz der Deutschen BahnUHPC in the Deutsche Bahn network,2026,BETON- UND STAHLBETONBAU,WOS:001799488600001,10.1002/best.70172,excl_only_predisaster,True,False,,,,,excl_only_predisaster,False,False,,,,,,,,,,,,
1495,Microswarm bridging effect for dual-surface biofilm eradication in submillimeter infection pockets,2026,SCIENCE ADVANCES,WOS:001767229700024,10.1126/sciadv.aeb9792,survivor,False,False,other,other,,,removed_filterA+B,False,False,,,,,,,,,,,,
1496,AI-Driven Knowledge Management for Resilient Electric Vehicle Manufacturing: Optimizing China's Supply Chains,2026,KNOWLEDGE AND PROCESS MANAGEMENT,WOS:001728275300001,10.1002/kpm.70073,survivor,False,False,other,supply-chain/facility,,,removed_filterA+B,False,False,,,,,,,,,,,,
1497,Disruption and recovery: a qualitative study on health services for vulnerable populations during the pandemic,2026,FRONTIERS IN PUBLIC HEALTH,WOS:001708720500001,10.3389/fpubh.2026.1744878,survivor,False,False,other,other,,,removed_filterA+B,False,False,,,,,,,,,,,,
1498,Intelligent Inversion of Deep In Situ Stress Fields Based on the ABC-SVR Algorithm,2026,MATHEMATICS,WOS:001700877000001,10.3390/math14040724,survivor,False,False,other,other,,,removed_filterA+B,False,False,,,,,,,,,,,,
1499,Fe-doped ZnMOF-derived heterocarbon nanotubes for electrochemical sensing of carbendazim residues in food,2026,ANALYTICA CHIMICA ACTA,WOS:001675025600001,10.1016/j.aca.2026.345103,survivor,False,False,other,other,,,removed_filterA+B,False,False,,,,,,,,,,,,
1500,Payment mechanism selection and implementation in deposit-refund policies for retired power battery recycling,2026,JOURNAL OF ENERGY STORAGE,WOS:001673672000001,10.1016/j.est.2025.120290,survivor,False,False,other,supply-chain/facility,,,removed_filterA+B,False,False,,,,,,,,,,,,
1501,Application of PCB-Waste-Functionalized P. Atacamensis Biopolymer for EOR Operations: Insights from Colloidal Stability and Rheology in Extreme Salinity/Temperature Heterogeneous Porous Media,2026,JOURNAL OF POLYMERS AND THE ENVIRONMENT,WOS:001658489000003,10.1007/s10924-025-03755-6,survivor,False,False,other,other,,,removed_filterA+B,False,False,,,,,,,,,,,,
1502,Failure-Aware Multi-Robot Coordination for Resilient and Adaptive Target Tracking,2026,IEEE TRANSACTIONS ON AUTOMATION SCIENCE AND ENGINEERING,WOS:001691065500017,10.1109/TASE.2025.3647786,survivor,False,False,other,other,,,removed_filterA+B,False,False,,,,,,,,,,,,
1503,Lived Experiences of Older Adults Using Wearables With Real-Time Feedback: Phenomenological Study,2026,JMIR MHEALTH AND UHEALTH,WOS:001759797900001,10.2196/71509,survivor,False,False,other,other,,,removed_filterA+B,False,False,,,,,,,,,,,,
1504,Chylous Ascites: A Rare Initial Presentation of High-Grade Follicular Lymphoma,2026,CASE REPORTS IN ONCOLOGICAL MEDICINE,WOS:001755560700001,10.1155/crom/5559043,survivor,False,False,other,other,,,removed_filterA+B,False,False,,,,,,,,,,,,
1505,Modulation of reservoir surface wettability by CO2 injection: A molecular simulation perspective,2026,JOURNAL OF CLEANER PRODUCTION,WOS:001655277400001,10.1016/j.jclepro.2025.147354,survivor,False,False,other,other,,,removed_filterA+B,False,False,,,,,,,,,,,,
1506,A computational framework for dynamic quantitative assessment of surrounding rock damage based on failure approaching index in underground construction,2026,TUNNELLING AND UNDERGROUND SPACE TECHNOLOGY,WOS:001648024000001,10.1016/j.tust.2025.107377,survivor,False,False,other,other,,,removed_filterA+B,False,False,,,,,,,,,,,,
1507,A synergistic framework integrating statistical design and machine learning for enhancing biogas yield,2025,ENERGY NEXUS,WOS:001628505900001,10.1016/j.nexus.2025.100583,survivor,False,False,other,other,,,removed_filterA+B,False,False,,,,,,,,,,,,
1508,Novel Resin-Gel Composite for Multistage Water Shut-Off in Fractured Tight Reservoirs: Mechanistic Insights and Performance Evaluation,2026,JOURNAL OF APPLIED POLYMER SCIENCE,WOS:001615369000001,10.1002/app.70033,survivor,False,False,other,other,,,removed_filterA+B,False,False,,,,,,,,,,,,
1509,Preparation and performance analysis of CMC-Na enhanced microfoam in reducing toxicity and improving air quality in mines,2025,JOURNAL OF ENVIRONMENTAL CHEMICAL ENGINEERING,WOS:001616089200003,10.1016/j.jece.2025.120067,survivor,False,False,other,other,,,removed_filterA+B,False,False,,,,,,,,,,,,
1510,Impact of impervious surface spatial morphologies on urban waterlogging: Insights from a cascade modeling chain at catchment scale,2025,SUSTAINABLE CITIES AND SOCIETY,WOS:001607425000001,10.1016/j.scs.2025.106912,excl_only_predisaster,True,False,,,,,excl_only_predisaster,False,False,,,,,,,,,,,,
1511,A Data Mining Approach to Assess Field Scale CO2 Enhanced Oil Recovery and Sequestration Performance Correlated to Geological and Reservoir Characteristics,2025,SPE JOURNAL,WOS:001663937400001,,survivor,False,False,other,other,,,removed_filterA+B,False,False,,,,,,,,,,,,
1512,Pore-scale insight into the impact of heterogeneity in porous media on CO2-oil immiscible displacement,2025,PHYSICS OF FLUIDS,WOS:001593995600009,10.1063/5.0295555,survivor,False,False,other,other,,,removed_filterA+B,False,False,,,,,,,,,,,,
1513,Combined effects of ion type and asphaltene chemistry on static and dynamic oil-brine interfacial behavior and pore-scale recovery mechanisms,2025,COLLOIDS AND SURFACES A-PHYSICOCHEMICAL AND ENGINEERING ASPECTS,WOS:001565239600001,10.1016/j.colsurfa.2025.138242,survivor,False,False,other,other,,,removed_filterA+B,False,False,,,,,,,,,,,,
1514,Novel insights into electrical double layers in carbonate reservoirs under low-salinity water injection using molecular dynamics simulation,2025,SCIENTIFIC REPORTS,WOS:001558698900001,10.1038/s41598-025-14647-z,survivor,False,False,other,other,,,removed_filterA+B,False,False,,,,,,,,,,,,
1515,Core-Satellite Nanocomposites Synchronize Mild Photothermal Disruption and ROS Scavenging for Periodontal Microenvironment Rebalancing,2025,ACS APPLIED MATERIALS \& INTERFACES,WOS:001553180300001,10.1021/acsami.5c09922,survivor,False,False,other,other,,,removed_filterA+B,False,False,,,,,,,,,,,,
1516,Molecular dynamics simulation of multiphase adsorption and distribution of shale oil-CO2-water systems in nanopores: Effects of pore sizes and CO2 injection volumes,2025,GEOENERGY SCIENCE AND ENGINEERING,WOS:001544898500002,10.1016/j.geoen.2025.214114,survivor,False,False,other,other,,,removed_filterA+B,False,False,,,,,,,,,,,,
1517,Construction of a whole-brain panorama for glioma vasculature reveals tumor heterogeneity and blood-brain barrier disruption,2025,SCIENCE ADVANCES,WOS:001534465000001,10.1126/sciadv.adw8330,survivor,False,False,other,other,,,removed_filterA+B,False,False,,,,,,,,,,,,
1518,High-Sensitivity Flexible Sensors Based on Island-Bridge Configuration for Real-Time Posture Monitoring Systems,2025,ACS SENSORS,WOS:001531607200001,10.1021/acssensors.5c01118,survivor,False,False,other,other,,,removed_filterA+B,False,False,,,,,,,,,,,,
1519,"Sub-nanometer nanowire-enhanced ultra-strong, eco-friendly and recyclable water-based adhesives",2025,JOURNAL OF COLLOID AND INTERFACE SCIENCE,WOS:001540398000001,10.1016/j.jcis.2025.138405,survivor,False,False,other,other,,,removed_filterA+B,False,False,,,,,,,,,,,,
1520,Gap Impact on Rigid Submerged Vegetated Flow and Its Induced Flow Turbulence,2025,JOURNAL OF MARINE SCIENCE AND ENGINEERING,WOS:001496774700001,10.3390/jmse13050829,survivor,False,False,other,other,,,removed_filterA+B,False,False,,,,,,,,,,,,
1521,Reconstruction of Missing Vibration Data for Long-Span Bridges by Fusing Multiple-Frequency Information Utilizing LSTM with Bayesian Optimization,2026,INTERNATIONAL JOURNAL OF STRUCTURAL STABILITY AND DYNAMICS,WOS:001471198400001,10.1142/S0219455426502196,survivor,False,False,other,bridge/bridge-network,,,removed_filterA,False,False,,,,,,,,,,,,
1522,Optimizing Cyber Insurance and Defense for Multi-Energy Systems Under False Data Injections,2025,IET RENEWABLE POWER GENERATION,WOS:001436982500001,10.1049/rpg2.70011,excl_only_lifeline,False,True,,,,,excl_only_lifeline,False,False,,,,,,,,,,,,
1523,An Integrated Resilience and Assessment Methodology Framework for Addressing Uncertainty in Highway Operation and Maintenance Systems,2024,JOURNAL OF CONSTRUCTION ENGINEERING AND MANAGEMENT,WOS:001340335700018,10.1061/JCEMD4.COENG-15123,survivor,False,False,resilience-quantification/assessment,road/highway-network,,,removed_filterA,False,False,,,,,,,,,,,,
1524,Measuring the Influence of Industrialization in Deep Energy Renovations: A Three-Case Study Utilizing Key Performance Indicators (KPIs),2024,BUILDINGS,WOS:001366708400001,10.3390/buildings14113448,survivor,False,False,other,building/urban-area/community,,,removed_filterA+B,False,False,,,,,,,,,,,,
1525,Fractional Flow Analysis of Foam Displacement in Tight Porous Media with Quasi-Static Pore Network Modeling and Core-Flooding Experiments,2024,SUSTAINABILITY,WOS:001352713800001,10.3390/su16219250,survivor,False,False,other,other,,,removed_filterA+B,False,False,,,,,,,,,,,,
1526,Molecular dynamics simulation and key performance study of VES self-diverting acid system for deep carbonate reservoirs,2024,JOURNAL OF MOLECULAR LIQUIDS,WOS:001221011800001,10.1016/j.molliq.2024.124645,survivor,False,False,other,other,,,removed_filterA+B,False,False,,,,,,,,,,,,
1527,Intelligent accident detection system by emergency response and disaster management using vehicular fog computing,2024,AUTOMATIKA,WOS:001111278700001,10.1080/00051144.2023.2288483,survivor,False,False,other,general-transportation-network,,,removed_filterA,False,False,,,,,,,,,,,,
1528,Designing a multi-objective closed-loop supply chain for multi-period multi-generational products with social impacts considerations,2023,COMPUTERS \& INDUSTRIAL ENGINEERING,WOS:000934059500001,10.1016/j.cie.2023.109056,survivor,False,False,other,supply-chain/facility,,,removed_filterA+B,False,False,,,,,,,,,,,,
1529,Optimization of coalbed methane recovery from extraction borehole using novel plastic spraying material: A field application and evaluation,2023,PROCESS SAFETY AND ENVIRONMENTAL PROTECTION,WOS:000928445300005,10.1016/j.psep.2022.11.055,survivor,False,False,other,other,,,removed_filterA+B,False,False,,,,,,,,,,,,
1530,Investigation of the Effect of Capillary Barrier on Water-Oil Movement in Water Flooding,2022,APPLIED SCIENCES-BASEL,WOS:000819099800001,10.3390/app12126285,survivor,False,False,other,other,,,removed_filterA+B,False,False,,,,,,,,,,,,
1531,Recovery of Abnormal Data for Bridge Structural Health Monitoring Based on Deep Learning and Temporal Correlation,2022,SENSORS AND MATERIALS,WOS:000904883400001,10.18494/SAM4000,survivor,False,False,other,other,,,removed_filterA+B,False,False,,,,,,,,,,,,
1532,Evaluation of Vehicle Speed Effect on Continuous Pavement Surface Deflection Measurements,2022,INTERNATIONAL JOURNAL OF PAVEMENT RESEARCH AND TECHNOLOGY,WOS:001034829300014,10.1007/s42947-021-00017-1,survivor,False,False,other,road/highway-network,,,removed_filterA,False,False,,,,,,,,,,,,
1533,An Improved Study of Emulsion Flooding for Conformance Control in a Heterogeneous 2D Model with Lean Zones,2021,SPE JOURNAL,WOS:000707414600035,10.2118/206712-PA,survivor,False,False,other,other,,,removed_filterA+B,False,False,,,,,,,,,,,,
1534,"Building the COVID-19 Collaborative Emergency Network: a case study of COVID-19 outbreak in Hubei Province, China",2020,NATURAL HAZARDS,WOS:000579035300001,10.1007/s11069-020-04379-w,survivor,False,False,other,other,,,removed_filterA+B,False,False,,,,,,,,,,,,
1535,Coordinated river infrastructure decisions improve net social-ecological benefits,2020,ENVIRONMENTAL RESEARCH LETTERS,WOS:000575675200001,10.1088/1748-9326/abad58,survivor,False,False,other,other,,,removed_filterA+B,False,False,,,,,,,,,,,,
1536,A Framework for Planning and Evaluating the Role of Urban Stream Restoration for Improving Transportation Resilience to Extreme Rainfall Events,2020,WATER,WOS:000549485800001,10.3390/w12061620,excl_only_predisaster,True,False,,,,,excl_only_predisaster,False,False,,,,,,,,,,,,
1537,Design and optimisation of a protective device for bridge piers against debris flow impact,2020,BULLETIN OF ENGINEERING GEOLOGY AND THE ENVIRONMENT,WOS:000525331000001,10.1007/s10064-020-01793-z,excl_only_predisaster,True,False,,,,,excl_only_predisaster,False,False,,,,,,,,,,,,
1538,Analysis on net primary productivity change of forests and its multi-level driving mechanism - A case study in Changbai Mountains in Northeast China,2020,TECHNOLOGICAL FORECASTING AND SOCIAL CHANGE,WOS:000527366500045,10.1016/j.techfore.2020.119939,survivor,False,False,other,other,,,removed_filterA+B,False,False,,,,,,,,,,,,
1539,Investigation on Plugging and Profile Control of Polymer Microspheres as a Displacement Fluid in Enhanced Oil Recovery,2019,POLYMERS,WOS:000507624500086,10.3390/polym11121993,survivor,False,False,other,other,,,removed_filterA+B,False,False,,,,,,,,,,,,
1540,Preparation of a selective flocculant for treatment of oily wastewater produced from polymer flooding and its flocculant mechanism,2019,WATER SCIENCE AND TECHNOLOGY,WOS:000474359700003,10.2166/wst.2019.154,survivor,False,False,other,other,,,removed_filterA+B,False,False,,,,,,,,,,,,
1541,Flexible Fixation Treatment Strategies for Low-energy Lisfranc Injuries,2019,TECHNIQUES IN FOOT AND ANKLE SURGERY,WOS:000460358300006,10.1097/BTF.0000000000000216,survivor,False,False,other,other,,,removed_filterA+B,False,False,,,,,,,,,,,,
1542,Comparative Analysis of Roadway Reinforcement Effects Based on Fluid-Solid Coupling in the Fractured Zone of Water-Rich Fault,2018,ADVANCES IN CIVIL ENGINEERING,WOS:000446016800001,10.1155/2018/6238910,survivor,False,False,other,other,,,removed_filterA+B,False,False,,,,,,,,,,,,
1543,A state of the art review to develop novel workflow for microscopic scale understanding of advanced water flooding mechanisms in carbonates,2017,JOURNAL OF PETROLEUM SCIENCE AND ENGINEERING,WOS:000410624800043,10.1016/j.petrol.2017.07.038,survivor,False,False,other,other,,,removed_filterA+B,False,True,,,,,,,,,,,,
1544,Optimizing power system investments and resilience against attacks,2017,RELIABILITY ENGINEERING \& SYSTEM SAFETY,WOS:000392897600016,10.1016/j.ress.2016.10.028,excl_only_lifeline,False,True,,,,,excl_only_lifeline,False,False,,,,,,,,,,,,
1545,"A composite dowel bridge in the Czech Republic Development, optimization and implementation of a railway bridge",2016,STEEL CONSTRUCTION-DESIGN AND RESEARCH,WOS:000397899600009,10.1002/stco.201610027,survivor,False,False,other,bridge/bridge-network,,,removed_filterA,False,False,,,,,,,,,,,,
1546,Continuum of care for persons with common mental health disorders in Nunavik: a descriptive study,2015,INTERNATIONAL JOURNAL OF CIRCUMPOLAR HEALTH,WOS:000358041500001,10.3402/ijch.v74.27186,survivor,False,False,other,other,,,removed_filterA+B,False,False,,,,,,,,,,,,
1548,"The Mount Hope Bay tidal restriction Atlas: Identifying man-made structures which potentially degrade coastal habitats in Mount Hope Bay, Massachusetts",2006,NORTHEASTERN NATURALIST,WOS:000251867800004,10.1656/1092-6194(2006)13{[}31:TMHBTR]2.0.CO;2,survivor,False,False,other,other,,,removed_filterA+B,False,False,,,,,,,,,,,,
1549,Energetic-statistical size effect in quasibrittle failure at crack initiation,2000,ACI MATERIALS JOURNAL,WOS:000087923200016,,survivor,False,False,other,other,,,removed_filterA+B,False,False,,,,,,,,,,,,
1550,Immunocytochemistry of formalin-fixed human brain tissues: microwave irradiation of free-floating sections,1998,BRAIN RESEARCH PROTOCOLS,WOS:000071503600002,10.1016/S1385-299X(97)00029-9,survivor,False,False,other,other,,,removed_filterA+B,False,False,,,,,,,,,,,,
1551,Perturbations to the active site of phosphotriesterase,1997,BIOCHEMISTRY,WOS:A1997WK47900005,10.1021/bi962099l,survivor,False,False,other,other,,,removed_filterA+B,False,False,,,,,,,,,,,,
